486dd80d22f94a5496b3e670b19399a7,df7ea50171af48df81584ab7e8107d15,174581fc299840e18e827432c0cce4dc,78d0265d47df4f4cb7153da919763730,bc607fd6000b43108e49b3d05688fe90,de72d25d08da4b03ac6f6411ce30e07c,af532d6e5090478ba520505d5f9107f2,cc243eebbb2b44a581745865a60c423a,72a7e2ce22d045efbdbbab9c68f5d026,74bd120b8f714d03bc9dd1a703fe4d7f,8228c9eb29a542ba98c8b9b854eadaa4
9e1bede2ba464377897f1d482b7c49ae,df7ea50171af48df81584ab7e8107d15,0842a796c09b4089933a4f27e4e5e3bc,174581fc299840e18e827432c0cce4dc,d9b70c4ed8bb4fc5957ecebf102528ee,bc607fd6000b43108e49b3d05688fe90,41e657daa20545a588584578bdb4101c,0a61f52258f643b6a6436a1ec234e197,44156e6482884acaaee1938e04d8b6ff,8746ae2ca7514699b629b4d9b5fe95a7,9daaefe080b34656a0c7a54d2d6a1713
a1595c1d280449abbff7742dcdc90b72,e79ae27b52fa4d54aa37735fd275c66e,26869cc099c44c4a86f6043476ab4890,b77d8b7bb0114c379139d280a9210e83,de6ac628a786435f9925c8cc1d707d6b,c3a741d302d94ee294bb6e4090fd2da9,530b37164090408dbab4e6da51111b8a,6c874292dbcc49ff8bb8bbe5643593a5,b33a0f5b564a4942b04046ab7a8e2aae,7f0a68d19d2e4850846ffc08c47ed87d,d695b7afdc3841a28a56df578e56afce
58c2bd09ab0c4a56ad05b91a3de36417,34b736136487439389c10cc6bd4e9f4e,23a16d69ffe848d593a4808907d8aa98,d361a9e414fb41c1a605200d9cbba496,52ee59901f3b4de884d7a6720538aed6,d75a52d716984f318f976bbfc7bee787,7fe9e665bf41491c9788941aa2894a10,764b8280445d4023aecaa53cf7758932,0568345606fa4a2c84ed4ea6c74639ee,daed5458403e49e3aea72f4bcc6dd224,23199e1859544647893a97ea365c5c83
4d5ef36361734ccdae5d52098bf0123f,34b736136487439389c10cc6bd4e9f4e,52ee59901f3b4de884d7a6720538aed6,23a16d69ffe848d593a4808907d8aa98,7fe9e665bf41491c9788941aa2894a10,cb75c6ef71cb4991805920f2894e0e96,d361a9e414fb41c1a605200d9cbba496,97959d02a64f4a3fbbebe7cbece6c012,250d411ae270441085be3501b7b55d86,5537ddec608a4ec586ea068fa27547ca,f0084465b2e646c9a53d9dc766067d9b
4d78e6316a014332815f66e59a8a4099,23199e1859544647893a97ea365c5c83,211ef3181e524685866fb8574d9bf456,90b560de76b149c09c7cd6efb3f12cfd,d361a9e414fb41c1a605200d9cbba496,655a618282cd4fa39a26f0967c033f4b,0842a796c09b4089933a4f27e4e5e3bc,243dbbcdc67c42bfa6f32c47477adf6d,31cf7db26a3249c5a6205b005662ddcf,5c09482fc8dc45bdbf7919f00dd540e0,feb980ae999948ce9be0266b4ddc048d
4e7bd3e813564642929978bfa51f30c7,23199e1859544647893a97ea365c5c83,211ef3181e524685866fb8574d9bf456,0842a796c09b4089933a4f27e4e5e3bc,c14e45f5201b4038bdddddb238d888a3,f65b6fb5b40a49d1896de7a115469d40,2639b6540bda414f8a9baa3b5cdb612a,3b37a4c34b6e4ca89a04da864e141422,17b5eb6fab65476f827dd355b4a20a55,70558882c04e46bd99d15e9786468418,31cf7db26a3249c5a6205b005662ddcf
f25af2430f9345bebb1d841e5867c08d,fbfaa119f55a477984e42d80498f54d3,f0084465b2e646c9a53d9dc766067d9b,590df34aa41f46e9ad13ffc6a98da3b7,3cb231e1167e45f9bf5771a4e0074092,25109e3a7df549e5b380aae716d71366,99a52c93a3304ec18dab9206f98f2a8b,19a124c6dad14a4fa7864463b081009c,c84deec0ecf843c39f52d4cb8e7300f8,eb21a4e2b7bd43efbdf0c365415e7fef,db0c3a952e454b90aa4a68feb6a50e87
44b22297fb9049d682c5ca2921bfc8fa,fbfaa119f55a477984e42d80498f54d3,52ee59901f3b4de884d7a6720538aed6,590df34aa41f46e9ad13ffc6a98da3b7,c84deec0ecf843c39f52d4cb8e7300f8,64d9091426f9461c97c98a5428856bcf,42805d29975b400ea7c570fc45ec4938,1232f20e710b448e8c0538b9e84dab1c,99a52c93a3304ec18dab9206f98f2a8b,eff24b01b2f5428baa4c3fef6cb40d41,3138244ae91040948d5bd6772e4075ea
115a8b58da1343fd928c9b8e89d40878,41e657daa20545a588584578bdb4101c,52ee59901f3b4de884d7a6720538aed6,f69dcaceb6074ddebfe1dc7e5978fcff,0971af4212484a958eb0f60f93d1dfe0,4422777ed51142a99aacf05f446cfea1,30578712823948b086e3781343982938,e4fcd30261804b089efa940359057ba2,8d595c7da42545c88052e7b213b6c97c,ad3d372fbf054ea1ad06cfcb7490df4b,baf841bad27c456c9de7227555ea3ef8
dcb5bc6262f24669a59aadae1fe8a9c6,41e657daa20545a588584578bdb4101c,4422777ed51142a99aacf05f446cfea1,f69dcaceb6074ddebfe1dc7e5978fcff,5f65785004054c67a618fe43b6a30f56,c65af18670ea437c8986884645b3afe9,d716ea165223433a8d49b93e96989482,9daaefe080b34656a0c7a54d2d6a1713,ad3d372fbf054ea1ad06cfcb7490df4b,36ee1613abf245cdbe93fef69b5f981f,e4fcd30261804b089efa940359057ba2
16bb236a08d141388ef98f19a4ca335b,57bcda73abab44ee930b20cdaee9d24b,35d06fce2df446569702778e2250bd82,be9e713988ba4bbba869885cad419259,70aa10580bfe4069bdaa5721ae2d29db,07958f43551e459eb30638b632e3cd64,fc430b7683934be2aba12468b2409bb8,039f8e63b273472d8f1d99d9a5de5cf5,30c71719aed84c07ae21d0eff0deed72,092cb872c8724c7681c50da9c6cfa252,ed4449952a9e45339b76fc5f123cb917
6bb81302398a41f3a58838ff31bdb0f8,57bcda73abab44ee930b20cdaee9d24b,35d06fce2df446569702778e2250bd82,be9e713988ba4bbba869885cad419259,fc430b7683934be2aba12468b2409bb8,b675be39e8ff421aa59811f146da945b,59f62d35b1ad451397b700b3dad25448,70aa10580bfe4069bdaa5721ae2d29db,7ee65b33f8f44852ada468b1fed83433,e4e12f4711fd41e39075e26cc274df45,878e5c41be5c477e9f660ca361fdd727
efa58554232841b693eb71ccc7417f3d,0accd1d0138b49049d437c0d9b1c23c3,4a7fa5a1bafe4b6995e2920444ac07c4,bbdf9065122d499d9d8f80ad3e0ef6f3,0daf8d5687b54d158f7f752884c42334,e4e12f4711fd41e39075e26cc274df45,88353d1136d24836816b073de62e5f50,ed4449952a9e45339b76fc5f123cb917,35c5a560ecdc4d6a9d20f057ed1fa0e6,878e5c41be5c477e9f660ca361fdd727,59f62d35b1ad451397b700b3dad25448
9b715a377ba548f682027f97bfd90fef,0accd1d0138b49049d437c0d9b1c23c3,4a7fa5a1bafe4b6995e2920444ac07c4,a5d5fb459a1844088e93ae557ab34afe,0daf8d5687b54d158f7f752884c42334,e4e12f4711fd41e39075e26cc274df45,35c5a560ecdc4d6a9d20f057ed1fa0e6,88353d1136d24836816b073de62e5f50,57bcda73abab44ee930b20cdaee9d24b,3aa003c1e31b476e999c3a808a1d5dc6,59f62d35b1ad451397b700b3dad25448
1423a1c6689d4577818b5aa7d4dce019,04d24d1cf42b4f7787d8d300cbad6d50,ef511457ee7c490c8e10eccf6e18fef6,7bbe3c76bcc04d73969f920d43fcc67d,a4af9472683c4df0a86f9400c99c2b61,39e2b00e1cbd471488cf56f31d2cec7f,da88fa5efc674368b593444ca950dff9,25afb6f7e9314af09008644bca5955b9,e88ce4cd350f43398a5c0ab8629cee72,00614d60b3544ba790dfd23dd53992e0,be70e49b76c24527b4fddfb6b78b6d8d
dd907a79f4e744e2851eafcd9227e602,dd36cc0867b94d55a43b82c1c9a0e95c,74de04f31db94a99b757685c91779412,0a61f52258f643b6a6436a1ec234e197,8fca2e4873e946f7a788af2b846cebd7,3c72832689d8406996e80893b719b974,8fdee0611965465eb45387b8c39f4136,b585a2970e9f421da236241f603883f2,04d24d1cf42b4f7787d8d300cbad6d50,3574ab91c29940b3afc62354ae06b73b,4c36aafaf38f4e9e9e09991737196fe1
7c541d4fc72e49c0ab64a3c1d0fd1c08,dd36cc0867b94d55a43b82c1c9a0e95c,74de04f31db94a99b757685c91779412,0a61f52258f643b6a6436a1ec234e197,32aaca2a732f4272b237374d3cdeec90,3574ab91c29940b3afc62354ae06b73b,3c72832689d8406996e80893b719b974,11e9586d6c7a443c8025278f8ef53b6d,04d24d1cf42b4f7787d8d300cbad6d50,556743bab70d4b75bafcf192fef95b16,df7ea50171af48df81584ab7e8107d15
518c046dd36b449fab3f0ffe249b1282,b83013f4c5524232814efa0f8651867f,597aab8bb15240f89fd1b24a8e38258d,10b152bdafe94db8a93f7c374226a071,ac5a760b45c146ec840193371cfb2d30,898eabaaa1a047e18aecbb1c5a8decbf,beccee3a988f48c1ad207e2380766fa4,06b7dd1b701544ac80dd7ca54ed707cf,aaab880f032a4e00904cf50566164044,77d8e01a914d4f4a8b87d407e0d741aa,c4e79c8992e54866b0c6f26c55b1a774
623639be18e04aeba2e0129efe84aab8,27fe100af7884932a33bf30f10dacc55,40f040fd5c824c8e8e710af1fdf70b5f,10b152bdafe94db8a93f7c374226a071,93bf0b86be094f68a9d308ca5ecfb4e3,aaab880f032a4e00904cf50566164044,06b7dd1b701544ac80dd7ca54ed707cf,b83013f4c5524232814efa0f8651867f,7070715ef90743da8691dd4ad134eb0c,2d812431f07c44f1a56a71c72766e0b0,5e199f7727cc4910ad88dbd81ed1ec82
12c13948584341d6a5e45dde227253f8,b83013f4c5524232814efa0f8651867f,10b152bdafe94db8a93f7c374226a071,597aab8bb15240f89fd1b24a8e38258d,898eabaaa1a047e18aecbb1c5a8decbf,aaab880f032a4e00904cf50566164044,7f5b658239034d35b7f4cf1c63cb388c,beccee3a988f48c1ad207e2380766fa4,ee337b5c1ef3431e9c120250bfec4cac,ac5a760b45c146ec840193371cfb2d30,77d8e01a914d4f4a8b87d407e0d741aa
4d070f30ba5d4a11b0b78073f47f11a8,27fe100af7884932a33bf30f10dacc55,40f040fd5c824c8e8e710af1fdf70b5f,10b152bdafe94db8a93f7c374226a071,93bf0b86be094f68a9d308ca5ecfb4e3,aaab880f032a4e00904cf50566164044,06b7dd1b701544ac80dd7ca54ed707cf,b83013f4c5524232814efa0f8651867f,5e199f7727cc4910ad88dbd81ed1ec82,2d812431f07c44f1a56a71c72766e0b0,b2b22c673e554db39c8acdbe42687a6d
a376e7d651454d5490a6836fdcfbb986,c3f66637872c4141ab3898296739457d,44b3bc5953364d72a53edcf9fc4f1fed,d75a52d716984f318f976bbfc7bee787,64fc9fe3c8d5424ebc005e5cf4a608db,baf841bad27c456c9de7227555ea3ef8,85d4175b563d48e5bc6a991b23662f24,664da77d25e74df693eaad44a5e7617f,dcfb738ebbc24f09bb680fe3a52b702e,812a1568c77d46e695f8eb7357e24a0e,b40d3c588ad647ff85e397a6bc5f9d8b
127639f543af45dba72da3cecff7c65a,ce4fdd5499f8498793c11e586f7da70c,da61d9bc8f024a4aba18d5c3072b7838,9ffa09a2b9bd4da0ba98fc537ca68802,93dc50abd35349f7923100dca2f41002,f2077addeb6142c8b3540916522126e8,a64f6232ee1e4357937008a327a63cf4,b9228fdb5f0c413d81cffb51829d95c6,36ac84a73ad34261ad45cf569edb60af,8b4e9e3d234e4eec99a7651e246bbfa3,b40d3c588ad647ff85e397a6bc5f9d8b
c91c2c649312417aa86fe0975f437d9f,ce4fdd5499f8498793c11e586f7da70c,93dc50abd35349f7923100dca2f41002,a64f6232ee1e4357937008a327a63cf4,da61d9bc8f024a4aba18d5c3072b7838,9ffa09a2b9bd4da0ba98fc537ca68802,36ee1613abf245cdbe93fef69b5f981f,1aaf8edc37ea412b85e3d1b5c5317051,f2077addeb6142c8b3540916522126e8,ec07b4e88bea4086a5eafed96d81edb5,31cf7db26a3249c5a6205b005662ddcf
06975950c6134fdfb4b0ed6a5cf0a50d,1aaf8edc37ea412b85e3d1b5c5317051,36ac84a73ad34261ad45cf569edb60af,ce4fdd5499f8498793c11e586f7da70c,93dc50abd35349f7923100dca2f41002,57bcda73abab44ee930b20cdaee9d24b,b6da55bea1244cf0a753b258420946b2,9ffa09a2b9bd4da0ba98fc537ca68802,cdd73e0289aa4e2b87cd14e6ff5bd75e,0592b57e490d4206a3f12eb004a0afe0,b85d652ba8d244f8ab9e941966094f28
8b60f7f0b86c4168ad03970ab04f5e6f,51c6049a18b84ee381d0512e40b67c0e,6b4676aba2a746b3ab778315afc8ee82,e2769c67dadd4c988f7ccf249a998a56,40a95697730046dcbb0d7ba1fe2109a6,8b038cd0dafd45d8b1ce75177ca3a76b,724a3f6551e74ad585bdeac9a75fd639,e2e0c8c96aff4c00896ac6986bbb20c2,a2612682d9854a30a7684c91c8619ec9,092cb872c8724c7681c50da9c6cfa252,50a2129b83404b94889a01f4688ebafd
514ebe94b40c403482de042102289b46,51c6049a18b84ee381d0512e40b67c0e,6b4676aba2a746b3ab778315afc8ee82,e2769c67dadd4c988f7ccf249a998a56,514537782f6549c488a1b932939b4128,092cb872c8724c7681c50da9c6cfa252,40a95697730046dcbb0d7ba1fe2109a6,d87bd2402bef4672be17b62cec113ba8,4a7fa5a1bafe4b6995e2920444ac07c4,724a3f6551e74ad585bdeac9a75fd639,7879fa4d4db046a2a8d195311b6e5789
543ddcbf2bd941a58120dad59c45ceb0,6b4676aba2a746b3ab778315afc8ee82,51c6049a18b84ee381d0512e40b67c0e,43464ed6733f4642a0b90e7d995a5e40,e2e0c8c96aff4c00896ac6986bbb20c2,f464960d2dbc43c0970c60600bd7f1cd,9500823cb050427696343b1ea5cf8881,cb550e5ff4694fe9a19eaa6588cef250,e2769c67dadd4c988f7ccf249a998a56,243dbbcdc67c42bfa6f32c47477adf6d,d658e3a743af41899183fecff6b2628d
107e548bacc844d38e74d9d3d4c6daef,7226603f024c45c6a6e44b00e52e8aad,e12ad1ce8e7940a999b9a4f91a95fab7,cf7476d6c96b4dcdb6f025b9291eb62b,ad054da7e1704a53931a341173f0605f,9452a2f21f7d4feeb2605d9b6647fc13,4926607aafe749538c930e108275547e,45f4192f485a49d9a75219ae4d0c41ee,f8e7f9688fd546829da579434180ffee,e5a3c8867e44498d9182e8be934e0fce,35d06fce2df446569702778e2250bd82
2b96b856fb814e1ea13121869bdfba59,f12e9e5805534d719f829332d1ea5d29,c65af18670ea437c8986884645b3afe9,e12ad1ce8e7940a999b9a4f91a95fab7,d695b7afdc3841a28a56df578e56afce,0568345606fa4a2c84ed4ea6c74639ee,aa082284f9894b5aa210c179d59999b1,ccb62901750b4d13a922fc161b607f83,78d0265d47df4f4cb7153da919763730,f1c9c5051bdd4a11a064260bbb9d6d7b,b77d8b7bb0114c379139d280a9210e83
b2bd2aeb78c846db8046a83ff0fa2cd1,f12e9e5805534d719f829332d1ea5d29,d695b7afdc3841a28a56df578e56afce,0568345606fa4a2c84ed4ea6c74639ee,daed5458403e49e3aea72f4bcc6dd224,aa082284f9894b5aa210c179d59999b1,e12ad1ce8e7940a999b9a4f91a95fab7,c65af18670ea437c8986884645b3afe9,6ea31a945d494834a3d243f1f90af02a,78d0265d47df4f4cb7153da919763730,f1c9c5051bdd4a11a064260bbb9d6d7b
dba7a96eede9465fb56a4f743a85c9c0,7226603f024c45c6a6e44b00e52e8aad,e12ad1ce8e7940a999b9a4f91a95fab7,f1c9c5051bdd4a11a064260bbb9d6d7b,6866efc8987a4ec8b04b7abd28fb5777,21019944fc2c4838a682a6dcdc62c4ef,f8e7f9688fd546829da579434180ffee,f12e9e5805534d719f829332d1ea5d29,3fce01bbc56d49d39f61cba3d17648f2,d695b7afdc3841a28a56df578e56afce,daed5458403e49e3aea72f4bcc6dd224
95a37fbd9d724d448e13f4ffabbe0274,93dc50abd35349f7923100dca2f41002,09f4970dfe684b809bc0959fb62f41bf,ce4fdd5499f8498793c11e586f7da70c,71c1a8479b194efca65b44fb7f327afb,ca1a2a6308834baba3140b5ce8f81320,cb32ec9a538a4c0f8462771946ced93b,a70909d3ce0d4235913b5ce6a138dcce,77ce0587a12b46bab8814225ba86753e,cb2e893276894906976593c3edcb3a5f,d33407004b9e433a9d4147cfe6584d36
e365a82950b3437a9ffd8bbebb0713a8,93dc50abd35349f7923100dca2f41002,ce4fdd5499f8498793c11e586f7da70c,09f4970dfe684b809bc0959fb62f41bf,71c1a8479b194efca65b44fb7f327afb,77ce0587a12b46bab8814225ba86753e,a70909d3ce0d4235913b5ce6a138dcce,d33407004b9e433a9d4147cfe6584d36,c756409435634fc48c643a64e73c93ce,19b81e71e7f04ebcbfade9daa899ed3d,cb32ec9a538a4c0f8462771946ced93b
5fe3bf5786b54f9f8d85861573fc9d2f,a0b4d283f12a407286dbeaa3a4d128a5,d65e3a3657ae455e954b6d7221afc84c,9460474d89704a68aaa6ccb62310ae3d,796eade2ee4f466781d9f6669db43e48,e4fcd30261804b089efa940359057ba2,ff51ca928cd54f4da620c27983e221f8,5605fa1188974644937bbf92fec50e21,4e7ee74be72a461fa02fa61bee62bdcc,a70909d3ce0d4235913b5ce6a138dcce,e3854d75221c4e38879a6106bb5c1941
be8193e46ed74126aa2fa3bd4d20feb7,4e4495962a9b4864882397042f1a2b3e,8683a3ad55d84a78834fabe20cde5269,f5bcc6f48ed2447581b401d453039866,092cb872c8724c7681c50da9c6cfa252,78809cb3c6b841a9b8b132133dd6bb96,b23a9c50eada4286a4f7ce8668b92db1,be9e713988ba4bbba869885cad419259,0eb119aabc884795a4768c6d3e677ea1,f91157bb8fca4a8e98db33591a76be9a,b834c0b0c10b471b87ad3f11468de619
0d39327b000c4d44854a7870268edacc,5e199f7727cc4910ad88dbd81ed1ec82,116f6c1f0cb54312986a0a729508a33e,1d93c07de74c482ebf0a76ec564c3252,133bfbe9a7c741fcb638ecf1b0088213,bfd1d441da734aad88cfacdab3ee4059,8c5f38853679436ba434b6a696e43168,9db7d32d79024ba6a73c55fde6f55968,ee337b5c1ef3431e9c120250bfec4cac,b6da55bea1244cf0a753b258420946b2,64d9091426f9461c97c98a5428856bcf
e0e982cb170f440b970c9d9d1946f9dd,78809cb3c6b841a9b8b132133dd6bb96,4e4495962a9b4864882397042f1a2b3e,65e30dd62cfa4dccb9ea4d908a9d6fab,f464960d2dbc43c0970c60600bd7f1cd,7584980704ae4617bb27ca162cc9c5db,8683a3ad55d84a78834fabe20cde5269,33b5e2ae5ebe4f548bac3a00ab0a59eb,ca5add3cbf044a95a5bec88a5841ce98,d2a03ea4b2d3439ca3dc6fe056ab0f04,7ef653f7e5f64e1b8bba73b9518b87b7
e0249c6a39824516a1c3d7d3d47dfde9,4e4495962a9b4864882397042f1a2b3e,78809cb3c6b841a9b8b132133dd6bb96,be9e713988ba4bbba869885cad419259,8683a3ad55d84a78834fabe20cde5269,b4dadb3ea3a04cc3932094471debce13,092cb872c8724c7681c50da9c6cfa252,7daa434073604cb98a04fefb55468dda,f335a944a27a4504a82ecf70c2d4a5e4,051d304b7139431fb3bff19b4e75aff7,ef511457ee7c490c8e10eccf6e18fef6
1c0381823ed0499e8e96e4cfd8b9a64a,ff51ca928cd54f4da620c27983e221f8,99dbf0cd0c6343ffbcf97f04efc4143c,63eab812f3254cccb9631b09725aec3d,c14e45f5201b4038bdddddb238d888a3,9c69642fab6749848e7ea7f5406a6da4,511fe9c8b20b4fda94969745238c9474,7862a63720b34104abf5bfa44bc8178d,17b5eb6fab65476f827dd355b4a20a55,77ce0587a12b46bab8814225ba86753e,5605fa1188974644937bbf92fec50e21
2282d8cf50554304ab195b1a53c7d9f3,6dc5832f0ac04df2bd99c6415b3ecf09,63ba014f9cc747ac87013da6be0ceab9,0cc5015848a044b59fa4b290813f859c,42805d29975b400ea7c570fc45ec4938,bc13c2b0221744a29a8ddf56aa015df9,63eab812f3254cccb9631b09725aec3d,444fa28d9ed54c82a522699041eae592,f5b766ea6abe4b5fb27d49cc3bc06020,039f8e63b273472d8f1d99d9a5de5cf5,8b4e9e3d234e4eec99a7651e246bbfa3
c4f8a865ba2744e0b7c4701468c16ca4,6c874292dbcc49ff8bb8bbe5643593a5,1ad0cf33e96243888d5f970195a75586,6dc5832f0ac04df2bd99c6415b3ecf09,c756409435634fc48c643a64e73c93ce,47eb17da319d440aa52da8008c26327a,ffe2740eee8c49b39b2ce41f9983bcb4,ec07b4e88bea4086a5eafed96d81edb5,b9228fdb5f0c413d81cffb51829d95c6,e343a998f4df4ac195c84e0fb571a393,eafb3480db704d7baa8216ce857d1610
2f5d7dabbac54943ab9522573ada0736,f9fe93fae6084350b81964d354e2130f,2070754bb5dd4a248be9c2a6a1a9d381,664da77d25e74df693eaad44a5e7617f,d0e41bf891254ba0872f1641139f84f6,3e4a54908dde405294869e30a92a7623,2ece45504eff42469c104dc2a2d03caf,8dfe01febd46475ab5aef97033716ce1,baad022010b44fad8d8410869d909fd1,44156e6482884acaaee1938e04d8b6ff,33e2a95109e647cbb4ba2687631b169a
3d2b131349684742968cd2b214a13f76,590df34aa41f46e9ad13ffc6a98da3b7,c66c6f1449d44728a2ef72de53dd6d5e,70558882c04e46bd99d15e9786468418,1f3cf50fe1f947d8a56e02ebca441c4c,feb980ae999948ce9be0266b4ddc048d,9bf3b77eb9874f5f9e006a9cff111ea9,db13ed5446be46269dff3de3c1bf2660,9ffa09a2b9bd4da0ba98fc537ca68802,9c69642fab6749848e7ea7f5406a6da4,6400e3f6a14c492ba399bd414faca075
e542409acd694eab90192399d89ccb4c,f9fe93fae6084350b81964d354e2130f,27a67d3e76814297aebf64e03d14c336,664da77d25e74df693eaad44a5e7617f,0b57f893483647c3aed811775a4c4c04,b3f8b4bec0164d0e81997b4f5a277e8f,5cf392f15360460bae6a6b0182bb99b9,503d2f067a8a4f5798b1c64b07ab0bc5,45f4192f485a49d9a75219ae4d0c41ee,cf7476d6c96b4dcdb6f025b9291eb62b,268f8ec9f2734029a8e75857db56ccb3
317db6fcd5d1443fb6271acc6ec8fe3e,590df34aa41f46e9ad13ffc6a98da3b7,feb980ae999948ce9be0266b4ddc048d,7daa434073604cb98a04fefb55468dda,9bf3b77eb9874f5f9e006a9cff111ea9,b77d8b7bb0114c379139d280a9210e83,70558882c04e46bd99d15e9786468418,c66c6f1449d44728a2ef72de53dd6d5e,6400e3f6a14c492ba399bd414faca075,1aaf8edc37ea412b85e3d1b5c5317051,eafb3480db704d7baa8216ce857d1610
b0553ed82597421aabe852652c5915d7,d53fa54d5536463ab0d87648dfc5fd78,268f8ec9f2734029a8e75857db56ccb3,99830b8da7c24f909914f7bb167f3ea6,632cc2bc04034dd4848855fe6497262d,d9b97376c5e44d8786f861a5788af644,e8c8742459dc48a49080bf0e5b3fdee0,8af25c7ae8e14435a6e27a5671968f50,701ac1447f5a414e81156a56c3593a31,c78547bdc2e64ac8935559f7de2efd41,da9cfbdf124143b78bec89393dd5287a
8c59bfc1aa7b42cf882806e395ee4fec,d53fa54d5536463ab0d87648dfc5fd78,268f8ec9f2734029a8e75857db56ccb3,c2b49382e2f34b1c90013236a5fbaef0,ed4449952a9e45339b76fc5f123cb917,8af25c7ae8e14435a6e27a5671968f50,e834bfbd30b247e899f0dc029ab9f072,99830b8da7c24f909914f7bb167f3ea6,632cc2bc04034dd4848855fe6497262d,baf841bad27c456c9de7227555ea3ef8,44b3bc5953364d72a53edcf9fc4f1fed
deb7d97e50b24c63943a8af997d083f8,ec07b4e88bea4086a5eafed96d81edb5,eff24b01b2f5428baa4c3fef6cb40d41,225818abe99e45a0bf5b0b3ec30db76b,db0c3a952e454b90aa4a68feb6a50e87,fb8c2b83e46441c2aaa7c81d3642e2da,c14e45f5201b4038bdddddb238d888a3,b9228fdb5f0c413d81cffb51829d95c6,b40d3c588ad647ff85e397a6bc5f9d8b,ce4fdd5499f8498793c11e586f7da70c,342aaa81ed004635bbf9cbc2592cd7b6
8ffc24d118e54740a39563141f642fd9,ec07b4e88bea4086a5eafed96d81edb5,0cc5015848a044b59fa4b290813f859c,b9228fdb5f0c413d81cffb51829d95c6,342aaa81ed004635bbf9cbc2592cd7b6,db0c3a952e454b90aa4a68feb6a50e87,c14e45f5201b4038bdddddb238d888a3,1004b33e3126472faa78e1929ed974e6,8b4e9e3d234e4eec99a7651e246bbfa3,36ee1613abf245cdbe93fef69b5f981f,225818abe99e45a0bf5b0b3ec30db76b
ff75e5d8a9bb46c9b12855ec33529f3f,174581fc299840e18e827432c0cce4dc,c78547bdc2e64ac8935559f7de2efd41,fa190e42ce5a47c99bcaa76138dbc615,e43d8e7bc32f406b9a692e2604f5b45a,268f8ec9f2734029a8e75857db56ccb3,78d0265d47df4f4cb7153da919763730,11e1e3cdfe214385a2c24d0f957dde9b,095ac293b64a4a58b1b3d3f71453a267,fb8c2b83e46441c2aaa7c81d3642e2da,b585a2970e9f421da236241f603883f2
c2b4fed7ce5c4e108721e62f2bfbb819,33b5e2ae5ebe4f548bac3a00ab0a59eb,295d0d40791245ff838c73a2aa27d065,84ff5144597241bba5cbd3d0b21d220d,6c79712e67b54dd0a11d426a91207939,724a3f6551e74ad585bdeac9a75fd639,e735729c80d84f76a6133c065d5380f8,afaf2edba0ee4d58860a5a04e4aabc5c,39a08a87897f47d3bdbbdc5ed8c9cd7f,a94cb58f1ca8456b96e39b5b1ebfb7ea,65e30dd62cfa4dccb9ea4d908a9d6fab
ab1c9263088b477082ee7d7c6f73b671,33b5e2ae5ebe4f548bac3a00ab0a59eb,a94cb58f1ca8456b96e39b5b1ebfb7ea,6c79712e67b54dd0a11d426a91207939,0f52f676197e4d4e92dec0a7bc4c4f7d,ff171f0b29974f78b0e81fee30abdd38,feb980ae999948ce9be0266b4ddc048d,e88ce4cd350f43398a5c0ab8629cee72,65e30dd62cfa4dccb9ea4d908a9d6fab,84ff5144597241bba5cbd3d0b21d220d,4e4495962a9b4864882397042f1a2b3e
54e5b71847024cdaa9fd8a7d3fc3ea03,6c79712e67b54dd0a11d426a91207939,5363ae1c905d4879a63259de4954702e,295d0d40791245ff838c73a2aa27d065,5455e62f52ae4e03b2a5d0e8b9899506,7aceed0dbea645b091207f4a53d879f2,82d68ea370f8451aa16ea08f4601245c,feb980ae999948ce9be0266b4ddc048d,35c5a560ecdc4d6a9d20f057ed1fa0e6,2639b6540bda414f8a9baa3b5cdb612a,5cfb876eeb4f410aa1282cc279f0e546
f124583fb5cc42aa903308e1b43296de,6c79712e67b54dd0a11d426a91207939,5363ae1c905d4879a63259de4954702e,295d0d40791245ff838c73a2aa27d065,33b5e2ae5ebe4f548bac3a00ab0a59eb,2639b6540bda414f8a9baa3b5cdb612a,a94cb58f1ca8456b96e39b5b1ebfb7ea,eeca68825e2a4bbdaa5ae962998fc33b,5cfb876eeb4f410aa1282cc279f0e546,82d68ea370f8451aa16ea08f4601245c,ec07b4e88bea4086a5eafed96d81edb5
d97ddb9bd5c8460ab3b3a13992c1f179,0433768f874042a5b2d2e37ad9deae13,d716ea165223433a8d49b93e96989482,7ee65b33f8f44852ada468b1fed83433,b2bcb4d9456c4763a0159ffd1f3660bb,cdd73e0289aa4e2b87cd14e6ff5bd75e,cb550e5ff4694fe9a19eaa6588cef250,04fa591263664fb0a6868552ebd3590b,4422777ed51142a99aacf05f446cfea1,4e4495962a9b4864882397042f1a2b3e,cb2505b30d8a4dc086c353cf94424b6d
3bb97a2804c84688a699e6d6b97b5e9d,e6afe89ff7bc491193141c057083d8a8,13aca0959cc948cabeee0d7255f55a65,74de04f31db94a99b757685c91779412,f65c7f50929f431dbf31b441d87616d0,07d869789eda4445a1ecfe59c331db0d,50a2129b83404b94889a01f4688ebafd,a35d7304347a4f81b1ccfb086956921c,0433768f874042a5b2d2e37ad9deae13,4c36aafaf38f4e9e9e09991737196fe1,a8904adcdd21495f890bc614bfdbf86f
929038d5c3ba4b189fc88a3b127ede72,0433768f874042a5b2d2e37ad9deae13,d716ea165223433a8d49b93e96989482,7ee65b33f8f44852ada468b1fed83433,e6afe89ff7bc491193141c057083d8a8,a35d7304347a4f81b1ccfb086956921c,b2bcb4d9456c4763a0159ffd1f3660bb,4e4495962a9b4864882397042f1a2b3e,4422777ed51142a99aacf05f446cfea1,f91157bb8fca4a8e98db33591a76be9a,78809cb3c6b841a9b8b132133dd6bb96
1d36cd75ee6a4691965cfc6ebdef6a3e,f92d16d3a970487094292439c3e00923,7ee65b33f8f44852ada468b1fed83433,b675be39e8ff421aa59811f146da945b,097f2ce3b88c4d008488b9908076497e,7ef653f7e5f64e1b8bba73b9518b87b7,2fcf4a04d3654ffb9a5c1dfa3799e4f0,4c36aafaf38f4e9e9e09991737196fe1,db69f22fe72246ea85d33991961a649a,878e5c41be5c477e9f660ca361fdd727,bfd1d441da734aad88cfacdab3ee4059
7baf188fc4ed41ba826b499b6d495286,f92d16d3a970487094292439c3e00923,75bf181ea5dc490e95d364a5f5c7af1d,b675be39e8ff421aa59811f146da945b,b98519f97e424c1389f5553f0869b15a,097f2ce3b88c4d008488b9908076497e,fc430b7683934be2aba12468b2409bb8,636c21e19a5845e1b8d69a5fca928030,a4af9472683c4df0a86f9400c99c2b61,8c7c9eaae41a44a3a4ebe39ce167d300,ad3d372fbf054ea1ad06cfcb7490df4b
6a314fb4bd0e4c2097e70bd43a81fbb7,797cc520b8c94d9bbef187818ab51647,87fc1d6a57ea488786caaec8599c3b8b,6866efc8987a4ec8b04b7abd28fb5777,e12ad1ce8e7940a999b9a4f91a95fab7,64e74af099b0485f8b6e71ac73aa2cb8,d695b7afdc3841a28a56df578e56afce,a7077a82d2c74518b96fb45e35f6e150,f1c9c5051bdd4a11a064260bbb9d6d7b,cffbff4deb374fcf850c679899c6e3f8,f12e9e5805534d719f829332d1ea5d29
9ae6df3c8f2549109316a434d1741a53,797cc520b8c94d9bbef187818ab51647,87fc1d6a57ea488786caaec8599c3b8b,f1c9c5051bdd4a11a064260bbb9d6d7b,64e74af099b0485f8b6e71ac73aa2cb8,a7077a82d2c74518b96fb45e35f6e150,6866efc8987a4ec8b04b7abd28fb5777,d695b7afdc3841a28a56df578e56afce,e12ad1ce8e7940a999b9a4f91a95fab7,26869cc099c44c4a86f6043476ab4890,b6da55bea1244cf0a753b258420946b2
2a8e892e4b784abf8fb9fd55fa443335,87fc1d6a57ea488786caaec8599c3b8b,797cc520b8c94d9bbef187818ab51647,a7077a82d2c74518b96fb45e35f6e150,d695b7afdc3841a28a56df578e56afce,6866efc8987a4ec8b04b7abd28fb5777,ccb62901750b4d13a922fc161b607f83,e12ad1ce8e7940a999b9a4f91a95fab7,f1c9c5051bdd4a11a064260bbb9d6d7b,b2bcb4d9456c4763a0159ffd1f3660bb,3aa003c1e31b476e999c3a808a1d5dc6
1ac66b061b80428b8b3758bc6dfa066b,87fc1d6a57ea488786caaec8599c3b8b,797cc520b8c94d9bbef187818ab51647,a7077a82d2c74518b96fb45e35f6e150,6866efc8987a4ec8b04b7abd28fb5777,d695b7afdc3841a28a56df578e56afce,ccb62901750b4d13a922fc161b607f83,f1c9c5051bdd4a11a064260bbb9d6d7b,e12ad1ce8e7940a999b9a4f91a95fab7,f12e9e5805534d719f829332d1ea5d29,714e47cd21e5416f864a4bc938850a72
0d4bb3432ea544988cf3bb308b46c8c8,a297e08effdf4a69a6c4d79a34a0c6ad,b2b22c673e554db39c8acdbe42687a6d,1c6bbf19b3d2498696a5baf0f53a0f18,bb6ecabbce1b43d997d00d7acdc95193,93bf0b86be094f68a9d308ca5ecfb4e3,fe363cef357840fcb35f320fe7c27e4e,8ad1f345ca194b29bde0a924f27b2de5,887e323cc38f4cf8adc5970617f1c286,009be1c3430743ff9b054bdfcd6228d6,4230775a9d51448396cacb9061f0e5f9
2b4cf2ff830e462d96c8cfbcee5669da,a297e08effdf4a69a6c4d79a34a0c6ad,b2b22c673e554db39c8acdbe42687a6d,1c6bbf19b3d2498696a5baf0f53a0f18,bb6ecabbce1b43d997d00d7acdc95193,93bf0b86be094f68a9d308ca5ecfb4e3,8ad1f345ca194b29bde0a924f27b2de5,fe363cef357840fcb35f320fe7c27e4e,887e323cc38f4cf8adc5970617f1c286,898eabaaa1a047e18aecbb1c5a8decbf,33e2a95109e647cbb4ba2687631b169a
2390c8a3de9e49be9617b01f4f21dfa9,ee337b5c1ef3431e9c120250bfec4cac,93bf0b86be094f68a9d308ca5ecfb4e3,a297e08effdf4a69a6c4d79a34a0c6ad,b01fd4d037a84a7aa777e1fc345c73c5,a8904adcdd21495f890bc614bfdbf86f,7f5b658239034d35b7f4cf1c63cb388c,8c5f38853679436ba434b6a696e43168,898eabaaa1a047e18aecbb1c5a8decbf,d37bf09399d848df9a4d880fb097239c,af648fa7ac6c4c50a246de470329cd83
e37905b36c44400c9dc7bc0c71a6db51,0bd1cce9370a461089e25393086800a8,7ec1584e9a5b49eab9ef249143d9bb86,d9ac372330a4446886fa19bac0d19877,bc607fd6000b43108e49b3d05688fe90,f69bf682935e47e1b4c72d237becd13a,e06d08ff594a4acbac12edf579743fcf,57430214baf045cb92fa3b3b70a4ca3f,fadf133e0e684a24ac79b5fa9515bac2,88f796c14d184ecfaa5b0109161db259,ec07b4e88bea4086a5eafed96d81edb5
a9bb430482a1442a958b35a625eecb97,6f57d1175ad243edada61643d01fcd54,fadf133e0e684a24ac79b5fa9515bac2,0bd1cce9370a461089e25393086800a8,cae139b6e4914ce7b0ef1e68b8b857eb,df5ca61304074da1bec8f536ab50baf3,1232f20e710b448e8c0538b9e84dab1c,fb8c2b83e46441c2aaa7c81d3642e2da,ad054da7e1704a53931a341173f0605f,295d0d40791245ff838c73a2aa27d065,ec07b4e88bea4086a5eafed96d81edb5
62c71ed913414a6f9456293a4c566314,0bd1cce9370a461089e25393086800a8,fadf133e0e684a24ac79b5fa9515bac2,f69bf682935e47e1b4c72d237becd13a,7ec1584e9a5b49eab9ef249143d9bb86,bc607fd6000b43108e49b3d05688fe90,ffc5805e29a74be0a55b40318aa321d7,56272326c7e94e419ea8c69fb634f610,57430214baf045cb92fa3b3b70a4ca3f,b277101390e1465685ef79bf3519f8d7,d9b70c4ed8bb4fc5957ecebf102528ee
c647312353a84341a92cd4486a8b9c3e,6f57d1175ad243edada61643d01fcd54,29fb30a75c57451a85f310aa6423a662,0bd1cce9370a461089e25393086800a8,fadf133e0e684a24ac79b5fa9515bac2,eafb3480db704d7baa8216ce857d1610,df5ca61304074da1bec8f536ab50baf3,ec07b4e88bea4086a5eafed96d81edb5,b85d652ba8d244f8ab9e941966094f28,20297482a5014732a843c9fdafba548e,7ec1584e9a5b49eab9ef249143d9bb86
cc3afd20f236454a8f3a9ff08992daab,e96fae6d607246b18b8494aabe521036,29088685e31a4d86b60b514e98117361,1d70bc69b2f84bef9aa5fb0d9917e38d,babbeca1f6a244a2a11ea77a3855e70f,88353d1136d24836816b073de62e5f50,384f94503bcd4f4c863056ad69f45b43,26b18153216b48d793b75598ddb54d77,8fdee0611965465eb45387b8c39f4136,23a16d69ffe848d593a4808907d8aa98,5e199f7727cc4910ad88dbd81ed1ec82
1e1ec51c4cb84f3285f79f7aeb252500,65e52d14d4d64d4fbad3de6ad319e745,6fbdacd3d8814ea2a13e81ee1ec128f2,88353d1136d24836816b073de62e5f50,d8b3ad3b5c4e474db41a671ab286424f,2b3ecf8be2b242f3b8a1e714390749fb,17b5eb6fab65476f827dd355b4a20a55,7359a1cc20d54f96aeea121d7247b88d,095ac293b64a4a58b1b3d3f71453a267,e0d8aee46b1d4d998858cd05027251b6,1aef014473b84ef9a0f799114fe516c9
082920d4f79f4c5eb2e805b195ac3e89,65e52d14d4d64d4fbad3de6ad319e745,1f9cd7f2b7a14e2f8d490a104a56edcd,4254f6eaaed746bea797c3522036fc12,796eade2ee4f466781d9f6669db43e48,6fbdacd3d8814ea2a13e81ee1ec128f2,1aef014473b84ef9a0f799114fe516c9,13e659415ac84c7a81fc769111d43417,f69855cdf66d4f6887ecfd0ddb9014b5,19593c97fef0474dbe6051e28338f1e9,a5365055a36a4ec1bf5b0ce2ef949a35
759985fc2dc4496abbc7fe23cf71706f,29088685e31a4d86b60b514e98117361,f0084465b2e646c9a53d9dc766067d9b,e96fae6d607246b18b8494aabe521036,e0ff5d4ae0ec4871a49041d550cdcaa9,b0d2e6c4b2384950b3696c4414870282,8a9dc60359ba49cd8ac170cfb4ac3913,00fb3a55134242769182c520d55681a2,6b4676aba2a746b3ab778315afc8ee82,e7aaa514f6f64a258a640ea341aa1a18,babbeca1f6a244a2a11ea77a3855e70f
a1b386e9b08e402dba0d820140ba1a00,29088685e31a4d86b60b514e98117361,e96fae6d607246b18b8494aabe521036,e0ff5d4ae0ec4871a49041d550cdcaa9,babbeca1f6a244a2a11ea77a3855e70f,f0084465b2e646c9a53d9dc766067d9b,655a618282cd4fa39a26f0967c033f4b,452d645d5bf4485185e996dcec9523e5,7f23e27e5652406784fdc2dea3918125,b0d2e6c4b2384950b3696c4414870282,1419b2c686f44896a0ae2a43e93b5402
0fed5c48002b4dd1b3ce42653a372fe6,cb2e893276894906976593c3edcb3a5f,1b827db6f6cf4ecb850928c2f9e41de2,b425f33c33ad4be89a12da266d131a86,c84deec0ecf843c39f52d4cb8e7300f8,23199e1859544647893a97ea365c5c83,ec4820b018a04967a457a9c032a51dc6,65e52d14d4d64d4fbad3de6ad319e745,30c71719aed84c07ae21d0eff0deed72,cb550e5ff4694fe9a19eaa6588cef250,097f2ce3b88c4d008488b9908076497e
5b5008e2d4f7492abe1ff44e2e3e754b,cb2e893276894906976593c3edcb3a5f,1b827db6f6cf4ecb850928c2f9e41de2,c84deec0ecf843c39f52d4cb8e7300f8,23199e1859544647893a97ea365c5c83,d361a9e414fb41c1a605200d9cbba496,cb550e5ff4694fe9a19eaa6588cef250,dbf0926f9f344f1d88b114660db4d2eb,a2612682d9854a30a7684c91c8619ec9,097f2ce3b88c4d008488b9908076497e,039f8e63b273472d8f1d99d9a5de5cf5
8e431e5ca5dd49a8984118e7fb05d12e,2839430464164d5ba00713b42d4d96e4,f5a9583711fc4ff4a46e85c24886b234,43ee0103cba54b4e9d165717735ca0f6,30578712823948b086e3781343982938,c74557a980e2428a9ffcc245278df692,6252aa87531748e5bac5f6c65fc87e14,1f9cd7f2b7a14e2f8d490a104a56edcd,a5365055a36a4ec1bf5b0ce2ef949a35,0eb119aabc884795a4768c6d3e677ea1,1b827db6f6cf4ecb850928c2f9e41de2
142af56a899c43098ec79a3f762d09b6,2839430464164d5ba00713b42d4d96e4,f5a9583711fc4ff4a46e85c24886b234,1b827db6f6cf4ecb850928c2f9e41de2,43ee0103cba54b4e9d165717735ca0f6,230b9ef63ea240e9b61a18f41473f942,30578712823948b086e3781343982938,d60986f4025d443ea58adba0e3d224a1,6252aa87531748e5bac5f6c65fc87e14,a5365055a36a4ec1bf5b0ce2ef949a35,64fc9fe3c8d5424ebc005e5cf4a608db
9f14363158ef49309f13b2aa0692d2a9,61d2391e8bc548b6bfa08f1ef2a0c47a,c74557a980e2428a9ffcc245278df692,0568345606fa4a2c84ed4ea6c74639ee,21eb9f06dd834a108d816efdf3aca8dc,033f1514c78b49dd82148b94f6bcbeba,55c0b899937042c98162389b209aca7f,f5a9583711fc4ff4a46e85c24886b234,7e17bbd109dc486c8f0a76f913782180,c713a0ca69864ee7b240069c98dc44dc,5760084aabef4d8095b2d21902151f64
ebd3c9006cf5464190f7a5edca24f0ba,61d2391e8bc548b6bfa08f1ef2a0c47a,c74557a980e2428a9ffcc245278df692,0568345606fa4a2c84ed4ea6c74639ee,55c0b899937042c98162389b209aca7f,21eb9f06dd834a108d816efdf3aca8dc,033f1514c78b49dd82148b94f6bcbeba,f5a9583711fc4ff4a46e85c24886b234,c713a0ca69864ee7b240069c98dc44dc,7e17bbd109dc486c8f0a76f913782180,78d0265d47df4f4cb7153da919763730
0135e10058cf48aa847fa399f62df6f4,90b560de76b149c09c7cd6efb3f12cfd,afaf2edba0ee4d58860a5a04e4aabc5c,b3209c60460a437294e2b30a9e9d3f53,e86a0aae846a4e44bf967ab4972c977c,c4b9d7a8d5d342459d2282589b3af293,cc78a6c92dfe4af49c2bd93f15e4f870,55c0b899937042c98162389b209aca7f,f37d285ad0de42f0b1546d0d1acfb221,14ca42308d3141fba50b774042144343,7960902edf4b47d686f704441aa56b0e
2e9dbf0f864548ae8bc35b5c0d70934e,b3f8b4bec0164d0e81997b4f5a277e8f,c2a665cec90e46db8d2a74389beb4649,69ac8397e9624bfd8aee237b9f9ea3b5,27a67d3e76814297aebf64e03d14c336,7627d5e28ba74cbeaf9225e88a7a44cc,cf7476d6c96b4dcdb6f025b9291eb62b,e5a3c8867e44498d9182e8be934e0fce,baad022010b44fad8d8410869d909fd1,664da77d25e74df693eaad44a5e7617f,9a500a20b1ff4694acc31339a8d1349e
1db84228548c42318f1a33456931f361,c2a665cec90e46db8d2a74389beb4649,b3f8b4bec0164d0e81997b4f5a277e8f,27a67d3e76814297aebf64e03d14c336,8dfe01febd46475ab5aef97033716ce1,e8c8742459dc48a49080bf0e5b3fdee0,f8e7f9688fd546829da579434180ffee,3b7d56c26da14b3a9b1cd52b5b35891b,74bd120b8f714d03bc9dd1a703fe4d7f,15b7b988bba143989cfd98d5c6c4d203,5cf392f15360460bae6a6b0182bb99b9
1b5bba6ae5ff4f568094280de0bf2c1b,c2a665cec90e46db8d2a74389beb4649,b3f8b4bec0164d0e81997b4f5a277e8f,27a67d3e76814297aebf64e03d14c336,8dfe01febd46475ab5aef97033716ce1,664da77d25e74df693eaad44a5e7617f,3b7d56c26da14b3a9b1cd52b5b35891b,15b7b988bba143989cfd98d5c6c4d203,f8e7f9688fd546829da579434180ffee,d0e41bf891254ba0872f1641139f84f6,415641aa43724ed9bc4710302b77edc3
7265c466b8cf411cb462945d3ceb8145,27a67d3e76814297aebf64e03d14c336,b3f8b4bec0164d0e81997b4f5a277e8f,7c1126d46a934db6b951d1e98feae327,403835bbf2f1447188bcc78e062b0028,ca5add3cbf044a95a5bec88a5841ce98,b277101390e1465685ef79bf3519f8d7,f69bf682935e47e1b4c72d237becd13a,c2a665cec90e46db8d2a74389beb4649,baad022010b44fad8d8410869d909fd1,0971af4212484a958eb0f60f93d1dfe0
bca392563d0a45d594ce43a0c540b7c9,68aefc97056440af874039a28497cf98,d7618b61a65a4bc1a0d0f2cc1bddc448,b6da55bea1244cf0a753b258420946b2,afac6ae28fac41dabae96696990c5555,116f6c1f0cb54312986a0a729508a33e,00614d60b3544ba790dfd23dd53992e0,4e22dc65beb7450b9260cf27e50919e4,91f0da6d71574ababd8e868bddec9310,1c6bbf19b3d2498696a5baf0f53a0f18,dd77b570036f40de9fdf49011bb9e2d8
bb39e720d9cf4df1a19e4ab20285bf18,86179aff3df24ff59b11e9a34974a3f4,91f0da6d71574ababd8e868bddec9310,1d93c07de74c482ebf0a76ec564c3252,b01fd4d037a84a7aa777e1fc345c73c5,bfd1d441da734aad88cfacdab3ee4059,a8904adcdd21495f890bc614bfdbf86f,fc70a4c2c4834e0eba1a14470f563b03,afac6ae28fac41dabae96696990c5555,8c5f38853679436ba434b6a696e43168,716a15d66b63424a8068da89e75733b4
5c427d65b21d4bf387d1885f334834c7,b6da55bea1244cf0a753b258420946b2,68aefc97056440af874039a28497cf98,26869cc099c44c4a86f6043476ab4890,da88fa5efc674368b593444ca950dff9,8350ea8cd6514c2c8d7b625abe7e895b,ee337b5c1ef3431e9c120250bfec4cac,2070754bb5dd4a248be9c2a6a1a9d381,116f6c1f0cb54312986a0a729508a33e,f2cfa68a47ce4a43a0fe1cc7dc860418,d695b7afdc3841a28a56df578e56afce
141cab6e49204199a8fb74a74fa8165a,68aefc97056440af874039a28497cf98,d7618b61a65a4bc1a0d0f2cc1bddc448,00614d60b3544ba790dfd23dd53992e0,116f6c1f0cb54312986a0a729508a33e,afac6ae28fac41dabae96696990c5555,b6da55bea1244cf0a753b258420946b2,b7f5c165ea2242709a2fb71f3a3f1bcb,4e22dc65beb7450b9260cf27e50919e4,9a500a20b1ff4694acc31339a8d1349e,1c6bbf19b3d2498696a5baf0f53a0f18
7f90d0a672a44046bdf2443f14b82cb9,74bd120b8f714d03bc9dd1a703fe4d7f,9677dd2a3aae457a8079087ce4177e14,da61d9bc8f024a4aba18d5c3072b7838,c2a665cec90e46db8d2a74389beb4649,2ea3b46262e649f79900258cd90cce31,c756409435634fc48c643a64e73c93ce,3f28365e18244eb28cc7d23de8895956,701ac1447f5a414e81156a56c3593a31,415641aa43724ed9bc4710302b77edc3,f69bf682935e47e1b4c72d237becd13a
06aa6a2cf00d425998b1a815f23a0094,9677dd2a3aae457a8079087ce4177e14,74bd120b8f714d03bc9dd1a703fe4d7f,f2077addeb6142c8b3540916522126e8,99ba4cc9355f4d79a68bc69ac12a716f,da61d9bc8f024a4aba18d5c3072b7838,ad054da7e1704a53931a341173f0605f,a7077a82d2c74518b96fb45e35f6e150,c756409435634fc48c643a64e73c93ce,70558882c04e46bd99d15e9786468418,3574ab91c29940b3afc62354ae06b73b
54a2df3aa63a483b8e33322f74c34dbf,9677dd2a3aae457a8079087ce4177e14,74bd120b8f714d03bc9dd1a703fe4d7f,da61d9bc8f024a4aba18d5c3072b7838,ce4fdd5499f8498793c11e586f7da70c,b9228fdb5f0c413d81cffb51829d95c6,93dc50abd35349f7923100dca2f41002,37ae696e40dd42ebb4738722daa3c523,342aaa81ed004635bbf9cbc2592cd7b6,ad054da7e1704a53931a341173f0605f,6400e3f6a14c492ba399bd414faca075
e2d1cdb4f95c4f47bb20f91e77f469f2,74bd120b8f714d03bc9dd1a703fe4d7f,9677dd2a3aae457a8079087ce4177e14,da61d9bc8f024a4aba18d5c3072b7838,199647bd1328406c83c5a875154f97d9,1a0ac2d40cb04ca993e1db68d787728a,3f28365e18244eb28cc7d23de8895956,f2077addeb6142c8b3540916522126e8,b8995466f0eb4e7ba141e23216e8b974,48c31b1e2ce94de8968fab433813fa91,3675c688960a4f3b9f82c4ccf4049e93
4a483247df4540a9badb4a94f17d7760,b44645c11ece4326a45f50fdc5d45dcf,5b588e34588940788a22036b775ecc2f,e43d8e7bc32f406b9a692e2604f5b45a,d476be2399b7424a88d242b771c32041,bb84a4cf60c84a8d8e23276b1863d293,7070715ef90743da8691dd4ad134eb0c,9460474d89704a68aaa6ccb62310ae3d,7d3d751215194e649a03457226f599d7,452d645d5bf4485185e996dcec9523e5,e86a0aae846a4e44bf967ab4972c977c
ca37d7b02d7542a0bea6535a0d193dbc,6bedb2d6ace34e18811b7f1206b2d1b0,02641488de414b72b63f62b40200b101,d476be2399b7424a88d242b771c32041,5cf392f15360460bae6a6b0182bb99b9,6ae72ad649c54129b992d321f8f29122,64d9091426f9461c97c98a5428856bcf,f37d285ad0de42f0b1546d0d1acfb221,503d2f067a8a4f5798b1c64b07ab0bc5,5be48a6bc26044f2a2e4e9b6a223c319,664da77d25e74df693eaad44a5e7617f
ada916d5f8044eba9ac39c104e27f797,02641488de414b72b63f62b40200b101,03df72bcf3504272a27f4bbaea89118a,2070754bb5dd4a248be9c2a6a1a9d381,baad022010b44fad8d8410869d909fd1,f2cfa68a47ce4a43a0fe1cc7dc860418,0971af4212484a958eb0f60f93d1dfe0,59e4dcf2794943b18fb902a6eb475ff8,cf7476d6c96b4dcdb6f025b9291eb62b,636c21e19a5845e1b8d69a5fca928030,887e323cc38f4cf8adc5970617f1c286
985e9b4be1fa45b19b48cbd6b1d37764,02641488de414b72b63f62b40200b101,e8c8742459dc48a49080bf0e5b3fdee0,03df72bcf3504272a27f4bbaea89118a,6bedb2d6ace34e18811b7f1206b2d1b0,07958f43551e459eb30638b632e3cd64,ff171f0b29974f78b0e81fee30abdd38,f2cfa68a47ce4a43a0fe1cc7dc860418,0971af4212484a958eb0f60f93d1dfe0,7584980704ae4617bb27ca162cc9c5db,59e4dcf2794943b18fb902a6eb475ff8
7b7e0d3f38a3435a83b8d6fb5aba99ba,f6061b71031b4ddb9384f86c103690a4,03df72bcf3504272a27f4bbaea89118a,aedd476072b345e9be46ebd7260e93a6,9c69642fab6749848e7ea7f5406a6da4,e8c8742459dc48a49080bf0e5b3fdee0,99dbf0cd0c6343ffbcf97f04efc4143c,016e634d566b49c199d07357aae9bf33,7862a63720b34104abf5bfa44bc8178d,67dd23cfd20f46dc82acc82c108a1dc6,0971af4212484a958eb0f60f93d1dfe0
acbc17523c034d799301828aef6ae58f,812a1568c77d46e695f8eb7357e24a0e,f676e16c6a134bd5a7bbeee4590adcfe,c36ef11228124c438ed3256c9822b03d,1aaf8edc37ea412b85e3d1b5c5317051,5f481b07f9734f518a14853831233b78,4d0a737f396d4a95808085bd1306746c,c2b49382e2f34b1c90013236a5fbaef0,a0b4d283f12a407286dbeaa3a4d128a5,a865b8d581b44104afe7c8508e3486f5,85d4175b563d48e5bc6a991b23662f24
68f05d38644e4af6a8b6cb1bef20c57a,03df72bcf3504272a27f4bbaea89118a,f6061b71031b4ddb9384f86c103690a4,016e634d566b49c199d07357aae9bf33,9c69642fab6749848e7ea7f5406a6da4,7862a63720b34104abf5bfa44bc8178d,0971af4212484a958eb0f60f93d1dfe0,15b7b988bba143989cfd98d5c6c4d203,daed5458403e49e3aea72f4bcc6dd224,5cf392f15360460bae6a6b0182bb99b9,07958f43551e459eb30638b632e3cd64
e34f7090730d4eaa871618aa8bb5627d,5cf392f15360460bae6a6b0182bb99b9,59e4dcf2794943b18fb902a6eb475ff8,812a1568c77d46e695f8eb7357e24a0e,36ac84a73ad34261ad45cf569edb60af,2ea3b46262e649f79900258cd90cce31,a865b8d581b44104afe7c8508e3486f5,6bedb2d6ace34e18811b7f1206b2d1b0,6c51b4f57ba0415f994756e944b11cee,4d0a737f396d4a95808085bd1306746c,a70909d3ce0d4235913b5ce6a138dcce
aff084577eae48fca44757575b1848bc,812a1568c77d46e695f8eb7357e24a0e,4d0a737f396d4a95808085bd1306746c,1aaf8edc37ea412b85e3d1b5c5317051,59e4dcf2794943b18fb902a6eb475ff8,a865b8d581b44104afe7c8508e3486f5,77cecb221149474896d9b2eb848bf150,29fb30a75c57451a85f310aa6423a662,5e0a2bc284cf4002914ae4e6aaef41e8,dbf0926f9f344f1d88b114660db4d2eb,6bedb2d6ace34e18811b7f1206b2d1b0
f4763c7dac494231ae593878b63b4961,eff24b01b2f5428baa4c3fef6cb40d41,a64f6232ee1e4357937008a327a63cf4,6bde760ad5d4485db9889b1bdc074005,52ee59901f3b4de884d7a6720538aed6,5cf392f15360460bae6a6b0182bb99b9,9094e936e13641cc9bfcc7dc1408d86e,ec07b4e88bea4086a5eafed96d81edb5,521004289ebc4e6da6623381d40a5e73,f69bf682935e47e1b4c72d237becd13a,0bd1cce9370a461089e25393086800a8
adabb6bfc633432cab9ab674c1e0f975,01bbbf1caa554d94b5decb69cc1add41,9460474d89704a68aaa6ccb62310ae3d,590df34aa41f46e9ad13ffc6a98da3b7,d75a52d716984f318f976bbfc7bee787,0f785440b29548e1a1968868262fd42e,b2992fe473124dd0b895cf81f59f6db6,1004b33e3126472faa78e1929ed974e6,7daa434073604cb98a04fefb55468dda,64fc9fe3c8d5424ebc005e5cf4a608db,5abf57d57d84440e94d0d2e2ffb37575
f9d7f4db082c4389a2bdcc19d6d92cba,01bbbf1caa554d94b5decb69cc1add41,590df34aa41f46e9ad13ffc6a98da3b7,d75a52d716984f318f976bbfc7bee787,9460474d89704a68aaa6ccb62310ae3d,64fc9fe3c8d5424ebc005e5cf4a608db,42b6af4853fc465f83ec054f8f8289a4,1004b33e3126472faa78e1929ed974e6,5abf57d57d84440e94d0d2e2ffb37575,0f785440b29548e1a1968868262fd42e,44f41e6e6faa4facb0bb9a72205229f8
32ae3069da404e6f843cbd95fa018a71,eff24b01b2f5428baa4c3fef6cb40d41,99ba4cc9355f4d79a68bc69ac12a716f,a64f6232ee1e4357937008a327a63cf4,e834bfbd30b247e899f0dc029ab9f072,5cf392f15360460bae6a6b0182bb99b9,225818abe99e45a0bf5b0b3ec30db76b,b8995466f0eb4e7ba141e23216e8b974,ad054da7e1704a53931a341173f0605f,f4474150010f4021a4620372062f3797,ec07b4e88bea4086a5eafed96d81edb5
605d42bbb0154c76b70114f63b807951,8889c114b071429cbe2418f5b0f2024b,5363ae1c905d4879a63259de4954702e,7359a1cc20d54f96aeea121d7247b88d,4e4495962a9b4864882397042f1a2b3e,a5d5fb459a1844088e93ae557ab34afe,6c79712e67b54dd0a11d426a91207939,30c71719aed84c07ae21d0eff0deed72,59f62d35b1ad451397b700b3dad25448,26e55eb4d910464497d700bfdf5a36ca,33b5e2ae5ebe4f548bac3a00ab0a59eb
19805d9c7c944703bb05511bc3145812,30c71719aed84c07ae21d0eff0deed72,8889c114b071429cbe2418f5b0f2024b,ff171f0b29974f78b0e81fee30abdd38,0cdb0f32850f4585a16de4886462bbe0,a94cb58f1ca8456b96e39b5b1ebfb7ea,039f8e63b273472d8f1d99d9a5de5cf5,57bcda73abab44ee930b20cdaee9d24b,cdd73e0289aa4e2b87cd14e6ff5bd75e,cb2e893276894906976593c3edcb3a5f,7359a1cc20d54f96aeea121d7247b88d
4ed65c954d584e13a9e98e27808e0c6a,b702b2b61ce048c6bf5af3c4dca18b1a,361f2b7f3f044907b3a331872fb18755,2fcf4a04d3654ffb9a5c1dfa3799e4f0,6ea31a945d494834a3d243f1f90af02a,8c7c9eaae41a44a3a4ebe39ce167d300,af532d6e5090478ba520505d5f9107f2,408ae6a767874fc782467ec2f054ad15,e53dd6188816429ab915de6f9649a026,f91157bb8fca4a8e98db33591a76be9a,feb980ae999948ce9be0266b4ddc048d
9d58ebfc8b864b49a9c970a667fff950,30c71719aed84c07ae21d0eff0deed72,8889c114b071429cbe2418f5b0f2024b,cdd73e0289aa4e2b87cd14e6ff5bd75e,ff171f0b29974f78b0e81fee30abdd38,af532d6e5090478ba520505d5f9107f2,84581d81d46d44bc99ffb8f871646a7a,0cdb0f32850f4585a16de4886462bbe0,514537782f6549c488a1b932939b4128,7359a1cc20d54f96aeea121d7247b88d,07958f43551e459eb30638b632e3cd64
5e1395d13dc84b8abd6f0452e25b3a7f,8889c114b071429cbe2418f5b0f2024b,30c71719aed84c07ae21d0eff0deed72,0eb119aabc884795a4768c6d3e677ea1,d658e3a743af41899183fecff6b2628d,bbdf9065122d499d9d8f80ad3e0ef6f3,9500823cb050427696343b1ea5cf8881,27a0d24dc1e14b28a1f18456b29c93f1,5455e62f52ae4e03b2a5d0e8b9899506,295d0d40791245ff838c73a2aa27d065,cb550e5ff4694fe9a19eaa6588cef250
df7a79cf083f40ca846761b9760fc72f,e343a998f4df4ac195c84e0fb571a393,ca0fe2dd97434e2ca7aecc38d4f1fcd9,44b3bc5953364d72a53edcf9fc4f1fed,3f1c2bb09c4e4400b6ba19542fafce18,e8f18e4bdf054390a1768978dca8e430,f5b766ea6abe4b5fb27d49cc3bc06020,9948a890ef25479e834f70944cb42eae,b3a022950e444682a113cec5a0537f6a,50a2129b83404b94889a01f4688ebafd,98b2022b2cb84af09ee8b789db928b13
489108f0d3474ebb97eeace77d5bcece,e343a998f4df4ac195c84e0fb571a393,44b3bc5953364d72a53edcf9fc4f1fed,d476be2399b7424a88d242b771c32041,9948a890ef25479e834f70944cb42eae,444fa28d9ed54c82a522699041eae592,643fbbdd6b764ba9904a4ee67a86b9fd,98b2022b2cb84af09ee8b789db928b13,ca0fe2dd97434e2ca7aecc38d4f1fcd9,b2992fe473124dd0b895cf81f59f6db6,f5b766ea6abe4b5fb27d49cc3bc06020
9cd6d1191c914787875042fd76df0c35,8746ae2ca7514699b629b4d9b5fe95a7,a0408a6462b24cf18e50a8616359d5ad,4c36aafaf38f4e9e9e09991737196fe1,408ae6a767874fc782467ec2f054ad15,7d3d751215194e649a03457226f599d7,2fcf4a04d3654ffb9a5c1dfa3799e4f0,70aa10580bfe4069bdaa5721ae2d29db,7ef653f7e5f64e1b8bba73b9518b87b7,54e9bbd0093947a3bda5fef48ef7493d,cb550e5ff4694fe9a19eaa6588cef250
77f7e4ffce974b33ab54c80177a1c9c0,a0408a6462b24cf18e50a8616359d5ad,8746ae2ca7514699b629b4d9b5fe95a7,4c36aafaf38f4e9e9e09991737196fe1,878e5c41be5c477e9f660ca361fdd727,e6afe89ff7bc491193141c057083d8a8,2fcf4a04d3654ffb9a5c1dfa3799e4f0,b98519f97e424c1389f5553f0869b15a,54e9bbd0093947a3bda5fef48ef7493d,13aca0959cc948cabeee0d7255f55a65,3e59b61eb70146308db2308b988b54cf
27af2d56825b4ded843852cb1cbe3494,7d3d751215194e649a03457226f599d7,8746ae2ca7514699b629b4d9b5fe95a7,e43d8e7bc32f406b9a692e2604f5b45a,a0408a6462b24cf18e50a8616359d5ad,4c36aafaf38f4e9e9e09991737196fe1,67984873125e4a0f9562179c906d1b0f,fa190e42ce5a47c99bcaa76138dbc615,2939ef012c5c4a1b94b49df9469dfb3c,09f4970dfe684b809bc0959fb62f41bf,dbb3fe11ad004895b302a84e7c066fcc
7a09c2cc2bcd4fbb8b083d6f02a88232,a0408a6462b24cf18e50a8616359d5ad,e6afe89ff7bc491193141c057083d8a8,8746ae2ca7514699b629b4d9b5fe95a7,4a7fa5a1bafe4b6995e2920444ac07c4,67984873125e4a0f9562179c906d1b0f,86f59bd78b424260b0cf356f2f9ae734,dbb3fe11ad004895b302a84e7c066fcc,878e5c41be5c477e9f660ca361fdd727,d9b97376c5e44d8786f861a5788af644,13aca0959cc948cabeee0d7255f55a65
c0ff951246c54333b756315834f32971,c2b49382e2f34b1c90013236a5fbaef0,3e6a4b65a1004c08a6f3f570cf986c2f,5b588e34588940788a22036b775ecc2f,11e1e3cdfe214385a2c24d0f957dde9b,eee7f32249c5452ea36c8ed3a3540010,563043f180e54e238ad4876974e5db4c,45f4192f485a49d9a75219ae4d0c41ee,4152360a4bea4cbbbfbe45ff3bf7f62b,e53dd6188816429ab915de6f9649a026,511fe9c8b20b4fda94969745238c9474
7d8239bb435749bdaaba93674e4c0b98,f8856799293e49feab6368e794eb8b00,632cc2bc04034dd4848855fe6497262d,91f9f8576e5142a49926bd623b0bc19c,d2bcc978e7aa49908919d9fc40138b27,2939ef012c5c4a1b94b49df9469dfb3c,db620271348d404a9a0b978d96c63f29,fc430b7683934be2aba12468b2409bb8,d53fa54d5536463ab0d87648dfc5fd78,fbfaa119f55a477984e42d80498f54d3,9fd4c00672d84215b3e21812aef3d6ac
ae918c8fd007427fbc53dbaff23eddbe,632cc2bc04034dd4848855fe6497262d,f8856799293e49feab6368e794eb8b00,91f9f8576e5142a49926bd623b0bc19c,d2bcc978e7aa49908919d9fc40138b27,f5d09519cf7647f8a107cd8fadd322e5,75801225047a4c019100660c13f1e0f1,6c6de17135be4f8c9423be633eaefcd4,b44645c11ece4326a45f50fdc5d45dcf,e53dd6188816429ab915de6f9649a026,e429a2e164a24919a12edcc8d4ea8f09
b30bc5f593ba46bc8b6fa26692576484,babbeca1f6a244a2a11ea77a3855e70f,a9573f188204436090fb4a5240e4eccd,29088685e31a4d86b60b514e98117361,d361a9e414fb41c1a605200d9cbba496,e96fae6d607246b18b8494aabe521036,6d3b4c95066e4dd8a6ad1c66b1c1ea4f,7d0190486da540718e4dc4ca4bd1f573,30c71719aed84c07ae21d0eff0deed72,556743bab70d4b75bafcf192fef95b16,8a9dc60359ba49cd8ac170cfb4ac3913
91d18daf6bae44789d31014e55bdf5b2,df7ea50171af48df81584ab7e8107d15,7e8a4a43e2f84dbb88e41cb24b3fe79f,de72d25d08da4b03ac6f6411ce30e07c,8228c9eb29a542ba98c8b9b854eadaa4,563043f180e54e238ad4876974e5db4c,7d3d751215194e649a03457226f599d7,21019944fc2c4838a682a6dcdc62c4ef,11e1e3cdfe214385a2c24d0f957dde9b,bc607fd6000b43108e49b3d05688fe90,f9fe93fae6084350b81964d354e2130f
8b8fe37d85da4a28a5c27452a42435e6,0b57f893483647c3aed811775a4c4c04,ba8d0208e32e42969bd4349cf24f6ed1,d0e41bf891254ba0872f1641139f84f6,da14e9dc2c3d4963b725de8102de5028,4d5cbe57c3094d01843e4f950a280b50,a055f8188384479a8bad418f7dffd9a5,d9096650c434432c871effeca9acd5c6,f8e7f9688fd546829da579434180ffee,716a15d66b63424a8068da89e75733b4,5fc200cab89346658c9c91cce27e85fe
a222b9dea1384b57ad0fae45ff950737,0b57f893483647c3aed811775a4c4c04,ba8d0208e32e42969bd4349cf24f6ed1,f8e7f9688fd546829da579434180ffee,da14e9dc2c3d4963b725de8102de5028,4d5cbe57c3094d01843e4f950a280b50,d9096650c434432c871effeca9acd5c6,d0e41bf891254ba0872f1641139f84f6,503d2f067a8a4f5798b1c64b07ab0bc5,db620271348d404a9a0b978d96c63f29,87fc1d6a57ea488786caaec8599c3b8b
043d64050fe145349300b95379966923,2070754bb5dd4a248be9c2a6a1a9d381,f2cfa68a47ce4a43a0fe1cc7dc860418,aedd476072b345e9be46ebd7260e93a6,0b57f893483647c3aed811775a4c4c04,249c2d8d8d2345c6990b3c4d94385b5a,a94cb58f1ca8456b96e39b5b1ebfb7ea,664da77d25e74df693eaad44a5e7617f,6ea31a945d494834a3d243f1f90af02a,dbf0926f9f344f1d88b114660db4d2eb,baad022010b44fad8d8410869d909fd1
ab8935721e0240089dafee6f408c220a,a055f8188384479a8bad418f7dffd9a5,d9096650c434432c871effeca9acd5c6,ba8d0208e32e42969bd4349cf24f6ed1,f8e7f9688fd546829da579434180ffee,da14e9dc2c3d4963b725de8102de5028,15b7b988bba143989cfd98d5c6c4d203,f2cfa68a47ce4a43a0fe1cc7dc860418,0b57f893483647c3aed811775a4c4c04,5fc200cab89346658c9c91cce27e85fe,4385ac4645b34f3c8a44c4676ebcd8be
00d0f767535a4289833325887d72e3d2,2070754bb5dd4a248be9c2a6a1a9d381,f2cfa68a47ce4a43a0fe1cc7dc860418,baad022010b44fad8d8410869d909fd1,ff171f0b29974f78b0e81fee30abdd38,a7077a82d2c74518b96fb45e35f6e150,a94cb58f1ca8456b96e39b5b1ebfb7ea,249c2d8d8d2345c6990b3c4d94385b5a,0b57f893483647c3aed811775a4c4c04,feb980ae999948ce9be0266b4ddc048d,00614d60b3544ba790dfd23dd53992e0
1d0c8e601ffb4534a871d984ad842a4f,a055f8188384479a8bad418f7dffd9a5,d9096650c434432c871effeca9acd5c6,ba8d0208e32e42969bd4349cf24f6ed1,da14e9dc2c3d4963b725de8102de5028,f8e7f9688fd546829da579434180ffee,5fc200cab89346658c9c91cce27e85fe,f2cfa68a47ce4a43a0fe1cc7dc860418,0b57f893483647c3aed811775a4c4c04,4c67cc7a1ccc496db132636e3f4853a2,4385ac4645b34f3c8a44c4676ebcd8be
ebd87dca48ae4df38943cc6f9b4f2912,5c8a8b7a59c54b9aa7b7136fd91b5869,e9428816b054499298745b742f128f65,d60986f4025d443ea58adba0e3d224a1,be42a43f5186434db4f2815f768a9991,7bbe3c76bcc04d73969f920d43fcc67d,00614d60b3544ba790dfd23dd53992e0,dd36cc0867b94d55a43b82c1c9a0e95c,bb84a4cf60c84a8d8e23276b1863d293,3574ab91c29940b3afc62354ae06b73b,403835bbf2f1447188bcc78e062b0028
558c6735b6104bc98ca4b2db381640fe,8fca2e4873e946f7a788af2b846cebd7,74de04f31db94a99b757685c91779412,18ab15fbf00f42f7a410ec75f7592bea,673aee19895b4d339ada93213d8874ac,e59dba65749140f4a1bdaf2695de2fc6,f464960d2dbc43c0970c60600bd7f1cd,dd36cc0867b94d55a43b82c1c9a0e95c,2fcf4a04d3654ffb9a5c1dfa3799e4f0,a94cb58f1ca8456b96e39b5b1ebfb7ea,5c644b51b1394a7b8fa0a9a6275c422d
6064cb0ed7d64bde866fe6ad42b6ede6,5c8a8b7a59c54b9aa7b7136fd91b5869,e9428816b054499298745b742f128f65,be42a43f5186434db4f2815f768a9991,1c2b01416e3943e3b3c575e53c3f1d16,d60986f4025d443ea58adba0e3d224a1,ff171f0b29974f78b0e81fee30abdd38,1aef014473b84ef9a0f799114fe516c9,17b5eb6fab65476f827dd355b4a20a55,9677dd2a3aae457a8079087ce4177e14,25afb6f7e9314af09008644bca5955b9
cf344978d7a04303b41fa8b37a18c300,8fca2e4873e946f7a788af2b846cebd7,673aee19895b4d339ada93213d8874ac,c3502ff31ce6459a96164c934f297562,4c36aafaf38f4e9e9e09991737196fe1,7daa434073604cb98a04fefb55468dda,f464960d2dbc43c0970c60600bd7f1cd,408ae6a767874fc782467ec2f054ad15,2fcf4a04d3654ffb9a5c1dfa3799e4f0,18ab15fbf00f42f7a410ec75f7592bea,b4dadb3ea3a04cc3932094471debce13
e8f38f28c61d4444ba078fe27ebcbc24,9094e936e13641cc9bfcc7dc1408d86e,30578712823948b086e3781343982938,23a16d69ffe848d593a4808907d8aa98,0a2c24dead204be9ae36be358e1223f9,e79ae27b52fa4d54aa37735fd275c66e,7f0a68d19d2e4850846ffc08c47ed87d,75efe5ddef364f49865d9bb283492b48,c3a741d302d94ee294bb6e4090fd2da9,1099cb6f4fac4eb8a1fb6db50e18296b,5abf57d57d84440e94d0d2e2ffb37575
4ec003b24cdc4b138166c6b304000312,da88fa5efc674368b593444ca950dff9,8889c114b071429cbe2418f5b0f2024b,3bd43a42811048e3b7a7d9740bdb1971,8f0e477fc779414e9b47995c0b25a87d,24c55bb5cd694770ba895c7401da2ba5,cdd73e0289aa4e2b87cd14e6ff5bd75e,2839430464164d5ba00713b42d4d96e4,245212a659504b9b9cdbaf1ab1d040ff,e4e12f4711fd41e39075e26cc274df45,d37bf09399d848df9a4d880fb097239c
7a0163f3c4484730b1f7324ebf67cd09,9094e936e13641cc9bfcc7dc1408d86e,b90d74e80c37486eaee89b6fbab13671,30578712823948b086e3781343982938,5abf57d57d84440e94d0d2e2ffb37575,e79ae27b52fa4d54aa37735fd275c66e,0a2c24dead204be9ae36be358e1223f9,215f3d275db14601a0383885cbaad86e,b5f237fefb38465bb6a068c9cf75ba31,26869cc099c44c4a86f6043476ab4890,938147b72e9540da8513910871e0830a
4950b6a47e8e44f8bbb0aac7868f4b36,4e7ee74be72a461fa02fa61bee62bdcc,e903085a3f944ad2a41c37306b4e6ab4,45e440d874a54bb591862ff441114cd3,c78547bdc2e64ac8935559f7de2efd41,d9b70c4ed8bb4fc5957ecebf102528ee,bc607fd6000b43108e49b3d05688fe90,9460474d89704a68aaa6ccb62310ae3d,5a9a716f53364389864a4018d9e9c6c0,fa190e42ce5a47c99bcaa76138dbc615,e8f18e4bdf054390a1768978dca8e430
4c620d71caf444eb9f723cc29094dcc2,772cb9726861451d9972604da6f65c55,77c8b175ca9d411b8d28d1ed0dc40304,0e28ed072d6c444aa6f02e64955b44c6,d7c9dafddaf547159d366dacf7b68a7e,a4af9472683c4df0a86f9400c99c2b61,570f08ce2a1a47978eab16bf7ad16a68,6ae72ad649c54129b992d321f8f29122,f4b7e6e902e344859cb041126b69ce3c,76e41369a6794714a9fab6968839bfe6,cb2505b30d8a4dc086c353cf94424b6d
1852c13dfd984c51bfb11e6364bf47ba,189a3b686ad14c24b5e1a495f76dd239,6252aa87531748e5bac5f6c65fc87e14,f5a9583711fc4ff4a46e85c24886b234,a9d82bb43410405ca21b44a5e82e22b6,61d2391e8bc548b6bfa08f1ef2a0c47a,eee7f32249c5452ea36c8ed3a3540010,9daaefe080b34656a0c7a54d2d6a1713,5b588e34588940788a22036b775ecc2f,8c674a7b65e24114a45dd3c861a7ccfc,ad42c467d0fe43dbb328073f9a16bc4d
0e088d9c189b42fba49c31c41949bba8,37ae696e40dd42ebb4738722daa3c523,bf789f42ccfc42c5a330a3f6e30ddb83,2b039224b54142d185a406b31fe01de2,d25e6f2fc8154dd7816f8f7a41bee12b,99ba4cc9355f4d79a68bc69ac12a716f,13cda6e8f2d948eeb5508288a172e76f,4a6eba10a02a4ecdbb6b25e8651c3789,7ab9086baf99475d8c93862a7dd36344,c756409435634fc48c643a64e73c93ce,99830b8da7c24f909914f7bb167f3ea6
46422438d0644a1cb590332f27fe002e,bf789f42ccfc42c5a330a3f6e30ddb83,37ae696e40dd42ebb4738722daa3c523,f879b316413f45d2b64bb25e3f45a667,2b039224b54142d185a406b31fe01de2,cd764fbfae774d068af7549c648a02c9,7ab9086baf99475d8c93862a7dd36344,1a842f077119475794cc2de48e154374,0e28ed072d6c444aa6f02e64955b44c6,f7f600880b064920ab59b907d26aedc6,d25e6f2fc8154dd7816f8f7a41bee12b
968aaed29a304ba7b1a1990450602307,37ae696e40dd42ebb4738722daa3c523,bf789f42ccfc42c5a330a3f6e30ddb83,f7f600880b064920ab59b907d26aedc6,2b039224b54142d185a406b31fe01de2,7326afe68eb64b63993b3dae022c645d,d25e6f2fc8154dd7816f8f7a41bee12b,99ba4cc9355f4d79a68bc69ac12a716f,590df34aa41f46e9ad13ffc6a98da3b7,9677dd2a3aae457a8079087ce4177e14,99830b8da7c24f909914f7bb167f3ea6
f3e1733712aa449e916483279ed84027,bf789f42ccfc42c5a330a3f6e30ddb83,37ae696e40dd42ebb4738722daa3c523,2b039224b54142d185a406b31fe01de2,d25e6f2fc8154dd7816f8f7a41bee12b,74644c8cc17449cf89379868e7b21398,f879b316413f45d2b64bb25e3f45a667,db13ed5446be46269dff3de3c1bf2660,84581d81d46d44bc99ffb8f871646a7a,cd764fbfae774d068af7549c648a02c9,7ab9086baf99475d8c93862a7dd36344
4fa08d976269478fa124bfa62b83982f,66cba49431224a3788f914d6a80165e1,4a7fa5a1bafe4b6995e2920444ac07c4,5c644b51b1394a7b8fa0a9a6275c422d,a5d5fb459a1844088e93ae557ab34afe,29fb30a75c57451a85f310aa6423a662,7e17bbd109dc486c8f0a76f913782180,1419b2c686f44896a0ae2a43e93b5402,e2769c67dadd4c988f7ccf249a998a56,26b18153216b48d793b75598ddb54d77,1ade4365590a4ac7865100d8c791e340
d9a90abcdd1d474ba4dc176d544afc6e,66cba49431224a3788f914d6a80165e1,4a7fa5a1bafe4b6995e2920444ac07c4,ef60b54aa4b5490890da32d0bb8c9cbf,7e17bbd109dc486c8f0a76f913782180,e2769c67dadd4c988f7ccf249a998a56,5c644b51b1394a7b8fa0a9a6275c422d,1a0ac2d40cb04ca993e1db68d787728a,1027a336232c4454a9c4ae450a562788,86f59bd78b424260b0cf356f2f9ae734,e9428816b054499298745b742f128f65
a340c00c29c84c2e841e61bba8c9b67b,bc13c2b0221744a29a8ddf56aa015df9,e343a998f4df4ac195c84e0fb571a393,6c51b4f57ba0415f994756e944b11cee,bcfa4a4177d44d8b8cda17b7a23196b0,910827a15eac4e4b9005d8e46ad71f6e,444fa28d9ed54c82a522699041eae592,0cc5015848a044b59fa4b290813f859c,99a52c93a3304ec18dab9206f98f2a8b,9948a890ef25479e834f70944cb42eae,250d411ae270441085be3501b7b55d86
ee8c72e038f140a5bc9cb4770711253a,ca0fe2dd97434e2ca7aecc38d4f1fcd9,e343a998f4df4ac195c84e0fb571a393,1578afd6ce694d46ab6e24f965f51fd6,9fd4c00672d84215b3e21812aef3d6ac,910827a15eac4e4b9005d8e46ad71f6e,f5b766ea6abe4b5fb27d49cc3bc06020,baf841bad27c456c9de7227555ea3ef8,9948a890ef25479e834f70944cb42eae,7d5c0a2bfccf4255a43d9bd0f84a6d3a,7862a63720b34104abf5bfa44bc8178d
fcf7329cd9b742bd82f6e3c42cb5139d,3cb231e1167e45f9bf5771a4e0074092,bc13c2b0221744a29a8ddf56aa015df9,b425f33c33ad4be89a12da266d131a86,d476be2399b7424a88d242b771c32041,66690895454847fea5a000202fbfab2e,0d0973762130427eaa2ce9a7a34517db,72a7e2ce22d045efbdbbab9c68f5d026,44b3bc5953364d72a53edcf9fc4f1fed,99a52c93a3304ec18dab9206f98f2a8b,590df34aa41f46e9ad13ffc6a98da3b7
1a24459300a447d3a68d04bf7b154891,99a52c93a3304ec18dab9206f98f2a8b,ad42c467d0fe43dbb328073f9a16bc4d,d87e5facd03b45f9829e8a1cd0fe0190,643fbbdd6b764ba9904a4ee67a86b9fd,ed4449952a9e45339b76fc5f123cb917,2c3599a1611644f4908562f8fb8870d3,0568345606fa4a2c84ed4ea6c74639ee,599feb1e512c43ad8c0a1845922acf78,8d595c7da42545c88052e7b213b6c97c,bcfa4a4177d44d8b8cda17b7a23196b0
37cd8f1e7c334f42965941e69fac45d7,99a52c93a3304ec18dab9206f98f2a8b,643fbbdd6b764ba9904a4ee67a86b9fd,6c51b4f57ba0415f994756e944b11cee,9aca522158f443fd8a9caaec38ae5e2c,c1d504dfeded4b8bb3c07777b7c7abde,b52468fc0af2435f9ba91939f72bbf6a,2839430464164d5ba00713b42d4d96e4,06a5f0cec6ce4170a02dad0ad4c55b1c,092cb872c8724c7681c50da9c6cfa252,119a6d7b4af3458b951fc1c5ab5e1738
e6c222899c8948ca8776d43041023512,b77d8b7bb0114c379139d280a9210e83,1f3cf50fe1f947d8a56e02ebca441c4c,7dd5e88dfdd24cafab2c765939757354,aa082284f9894b5aa210c179d59999b1,6c874292dbcc49ff8bb8bbe5643593a5,70558882c04e46bd99d15e9786468418,7e190e3c05d74e6b9f103e39142c1684,199647bd1328406c83c5a875154f97d9,e79ae27b52fa4d54aa37735fd275c66e,f439b5616ba24b7f82eccfa095a0eff8
406a4cc04a7b4bf1bedba252a370170a,6c874292dbcc49ff8bb8bbe5643593a5,8d595c7da42545c88052e7b213b6c97c,3aaea7fa41fd43cdb88f8ef59062c5df,f335a944a27a4504a82ecf70c2d4a5e4,d5ecdd142b544edca1b16ee83a9cf908,291130c42a884be2800e026bab5ddf53,7c061d36393540b49e20d98086bdb5bd,b77d8b7bb0114c379139d280a9210e83,7199f2fe77824236a392e1f00a5bdfc3,34b736136487439389c10cc6bd4e9f4e
9536a093de5c454f8107c944fdbc4de0,b77d8b7bb0114c379139d280a9210e83,cc243eebbb2b44a581745865a60c423a,8dfe01febd46475ab5aef97033716ce1,e1c63000ace94c1d9381d82389fe6afd,d75a52d716984f318f976bbfc7bee787,1f3cf50fe1f947d8a56e02ebca441c4c,b5f237fefb38465bb6a068c9cf75ba31,ff171f0b29974f78b0e81fee30abdd38,70558882c04e46bd99d15e9786468418,e79ae27b52fa4d54aa37735fd275c66e
ee26c03d830d424ba086d493237a5c76,6c874292dbcc49ff8bb8bbe5643593a5,e1c63000ace94c1d9381d82389fe6afd,70558882c04e46bd99d15e9786468418,d9ac372330a4446886fa19bac0d19877,3138244ae91040948d5bd6772e4075ea,230b9ef63ea240e9b61a18f41473f942,291130c42a884be2800e026bab5ddf53,5537ddec608a4ec586ea068fa27547ca,f8856799293e49feab6368e794eb8b00,7e8a4a43e2f84dbb88e41cb24b3fe79f
f3ab568e4b5948f9ac5e94ddaf848ef1,051d304b7139431fb3bff19b4e75aff7,664da77d25e74df693eaad44a5e7617f,31f80e4c87164e2893375ec7e73b372e,7584980704ae4617bb27ca162cc9c5db,4e4495962a9b4864882397042f1a2b3e,597aab8bb15240f89fd1b24a8e38258d,59e4dcf2794943b18fb902a6eb475ff8,be8953cc364d46cebbcc2c2da2c348ab,5e44915237fc4445b54b037e1c4e29a4,acbf8eae7e064c11bab7adf66f216990
72711fdab1134c6c884778196c514a78,dbf0926f9f344f1d88b114660db4d2eb,2c8eafa0ff26437a862dc2224ab57073,59e4dcf2794943b18fb902a6eb475ff8,5fc200cab89346658c9c91cce27e85fe,a865b8d581b44104afe7c8508e3486f5,e735729c80d84f76a6133c065d5380f8,6bde760ad5d4485db9889b1bdc074005,0cdb0f32850f4585a16de4886462bbe0,664da77d25e74df693eaad44a5e7617f,e1c63000ace94c1d9381d82389fe6afd
b40b5c9909d84456806fed5c7fb41ff3,051d304b7139431fb3bff19b4e75aff7,7584980704ae4617bb27ca162cc9c5db,664da77d25e74df693eaad44a5e7617f,acbf8eae7e064c11bab7adf66f216990,597aab8bb15240f89fd1b24a8e38258d,be8953cc364d46cebbcc2c2da2c348ab,59e4dcf2794943b18fb902a6eb475ff8,4c67cc7a1ccc496db132636e3f4853a2,dcfb738ebbc24f09bb680fe3a52b702e,31f80e4c87164e2893375ec7e73b372e
4fd6e570dc5a4e03bbe54c468c9a570c,191b01e1728e4583a8ead5a86db27370,9aca522158f443fd8a9caaec38ae5e2c,9909a671f7414c19b2727e7d4d4dcf1b,d476be2399b7424a88d242b771c32041,db0c3a952e454b90aa4a68feb6a50e87,7f23e27e5652406784fdc2dea3918125,7ec1584e9a5b49eab9ef249143d9bb86,b2992fe473124dd0b895cf81f59f6db6,ff276acede2f4c14876ef47257758ae8,64d9091426f9461c97c98a5428856bcf
af888c70b0554578b1511b9ccc3a13af,20297482a5014732a843c9fdafba548e,6c6de17135be4f8c9423be633eaefcd4,b44645c11ece4326a45f50fdc5d45dcf,597aab8bb15240f89fd1b24a8e38258d,059a284910e849efbbc7073b8681409f,268f8ec9f2734029a8e75857db56ccb3,772cb9726861451d9972604da6f65c55,d445ccdb4cda497e9f0343a3298022d2,6ea31a945d494834a3d243f1f90af02a,5605fa1188974644937bbf92fec50e21
47b057e77a1148e08d82607a8ba8b64b,e8f18e4bdf054390a1768978dca8e430,b2992fe473124dd0b895cf81f59f6db6,63ba014f9cc747ac87013da6be0ceab9,9948a890ef25479e834f70944cb42eae,67dd23cfd20f46dc82acc82c108a1dc6,acbf8eae7e064c11bab7adf66f216990,7e8a4a43e2f84dbb88e41cb24b3fe79f,d476be2399b7424a88d242b771c32041,3c0f3b44c0844df49b5898406fe9195a,44b3bc5953364d72a53edcf9fc4f1fed
d004772f2bcb4290817f8a5eaf8e089e,9909a671f7414c19b2727e7d4d4dcf1b,0d0973762130427eaa2ce9a7a34517db,f5d09519cf7647f8a107cd8fadd322e5,c5486d5e31084ee797da0ebdacb17abc,9aca522158f443fd8a9caaec38ae5e2c,0592b57e490d4206a3f12eb004a0afe0,61d2391e8bc548b6bfa08f1ef2a0c47a,ef60b54aa4b5490890da32d0bb8c9cbf,c66c6f1449d44728a2ef72de53dd6d5e,8b4e9e3d234e4eec99a7651e246bbfa3
c5cd895ffe7143f7b76b9704dd73a0e1,e8c8742459dc48a49080bf0e5b3fdee0,27a67d3e76814297aebf64e03d14c336,ca5add3cbf044a95a5bec88a5841ce98,b3f8b4bec0164d0e81997b4f5a277e8f,31cf7db26a3249c5a6205b005662ddcf,033f1514c78b49dd82148b94f6bcbeba,07958f43551e459eb30638b632e3cd64,8dfe01febd46475ab5aef97033716ce1,acbf8eae7e064c11bab7adf66f216990,5f481b07f9734f518a14853831233b78
4fdf4fbcd0c942659a768bc44c26e36b,27a67d3e76814297aebf64e03d14c336,b3f8b4bec0164d0e81997b4f5a277e8f,e8c8742459dc48a49080bf0e5b3fdee0,051d304b7139431fb3bff19b4e75aff7,c2a665cec90e46db8d2a74389beb4649,9bf3b77eb9874f5f9e006a9cff111ea9,cf7476d6c96b4dcdb6f025b9291eb62b,7f5b658239034d35b7f4cf1c63cb388c,5be48a6bc26044f2a2e4e9b6a223c319,664da77d25e74df693eaad44a5e7617f
e713b8481db84ce48754efe4036cb367,27a67d3e76814297aebf64e03d14c336,051d304b7139431fb3bff19b4e75aff7,b3f8b4bec0164d0e81997b4f5a277e8f,cf7476d6c96b4dcdb6f025b9291eb62b,29fb30a75c57451a85f310aa6423a662,acbf8eae7e064c11bab7adf66f216990,434551fdf9e443ed91679a9557ae6fd5,e8c8742459dc48a49080bf0e5b3fdee0,597aab8bb15240f89fd1b24a8e38258d,ca5add3cbf044a95a5bec88a5841ce98
2c6a9ad5618343c3af68eb2b03c705ca,4c293487c809486585d65ed10b2cb1e4,3fce01bbc56d49d39f61cba3d17648f2,215f3d275db14601a0383885cbaad86e,e1c63000ace94c1d9381d82389fe6afd,8b038cd0dafd45d8b1ce75177ca3a76b,fe363cef357840fcb35f320fe7c27e4e,26b18153216b48d793b75598ddb54d77,e88ce4cd350f43398a5c0ab8629cee72,0daf8d5687b54d158f7f752884c42334,514537782f6549c488a1b932939b4128
a140cb170b604376817a046b5c07af44,67984873125e4a0f9562179c906d1b0f,e2769c67dadd4c988f7ccf249a998a56,a35d7304347a4f81b1ccfb086956921c,7e17bbd109dc486c8f0a76f913782180,ef511457ee7c490c8e10eccf6e18fef6,6d3b4c95066e4dd8a6ad1c66b1c1ea4f,2839430464164d5ba00713b42d4d96e4,1419b2c686f44896a0ae2a43e93b5402,d37bf09399d848df9a4d880fb097239c,1ade4365590a4ac7865100d8c791e340
0b381fa026434777872d3b9ac3c227cd,e2769c67dadd4c988f7ccf249a998a56,67984873125e4a0f9562179c906d1b0f,66cba49431224a3788f914d6a80165e1,1419b2c686f44896a0ae2a43e93b5402,51c6049a18b84ee381d0512e40b67c0e,7e17bbd109dc486c8f0a76f913782180,cf290994a83e4909aec30077477b9d04,6b4676aba2a746b3ab778315afc8ee82,4a7fa5a1bafe4b6995e2920444ac07c4,6d3b4c95066e4dd8a6ad1c66b1c1ea4f
125d9c4bb335433bb1a04d677002207c,664da77d25e74df693eaad44a5e7617f,29fb30a75c57451a85f310aa6423a662,7f5b658239034d35b7f4cf1c63cb388c,643fbbdd6b764ba9904a4ee67a86b9fd,b83013f4c5524232814efa0f8651867f,e86a0aae846a4e44bf967ab4972c977c,b44645c11ece4326a45f50fdc5d45dcf,fadf133e0e684a24ac79b5fa9515bac2,0e8487b2e6a2439b9e6623a1e2e5e19d,1a0ac2d40cb04ca993e1db68d787728a
dc06b2fc4efd4a42ae957e86afc762c4,59e4dcf2794943b18fb902a6eb475ff8,664da77d25e74df693eaad44a5e7617f,1aaf8edc37ea412b85e3d1b5c5317051,9dd98c9126c44642a20711729f2e731e,dbf0926f9f344f1d88b114660db4d2eb,5cf392f15360460bae6a6b0182bb99b9,27a67d3e76814297aebf64e03d14c336,2ea3b46262e649f79900258cd90cce31,20297482a5014732a843c9fdafba548e,597aab8bb15240f89fd1b24a8e38258d
ee46cf904fbc4ddfae1da60297817b48,03df72bcf3504272a27f4bbaea89118a,02641488de414b72b63f62b40200b101,15b7b988bba143989cfd98d5c6c4d203,9c69642fab6749848e7ea7f5406a6da4,664da77d25e74df693eaad44a5e7617f,f6061b71031b4ddb9384f86c103690a4,69ac8397e9624bfd8aee237b9f9ea3b5,7584980704ae4617bb27ca162cc9c5db,0971af4212484a958eb0f60f93d1dfe0,4385ac4645b34f3c8a44c4676ebcd8be
2d078fc2891f4628914aa44ba8603a04,59e4dcf2794943b18fb902a6eb475ff8,664da77d25e74df693eaad44a5e7617f,1aaf8edc37ea412b85e3d1b5c5317051,2ea3b46262e649f79900258cd90cce31,dbf0926f9f344f1d88b114660db4d2eb,9dd98c9126c44642a20711729f2e731e,a865b8d581b44104afe7c8508e3486f5,5cf392f15360460bae6a6b0182bb99b9,051d304b7139431fb3bff19b4e75aff7,aa082284f9894b5aa210c179d59999b1
e394d55c1e79420f832b2aabb8a96d39,03df72bcf3504272a27f4bbaea89118a,15b7b988bba143989cfd98d5c6c4d203,664da77d25e74df693eaad44a5e7617f,f6061b71031b4ddb9384f86c103690a4,59e4dcf2794943b18fb902a6eb475ff8,daed5458403e49e3aea72f4bcc6dd224,02641488de414b72b63f62b40200b101,9c69642fab6749848e7ea7f5406a6da4,0971af4212484a958eb0f60f93d1dfe0,d53fa54d5536463ab0d87648dfc5fd78
946d71a18f264ed887f55c1a9a2ffc4d,26b18153216b48d793b75598ddb54d77,4a7fa5a1bafe4b6995e2920444ac07c4,7daa434073604cb98a04fefb55468dda,7d6122daabe442ffb5e57ece1882e714,f464960d2dbc43c0970c60600bd7f1cd,ee89670285c74e27aa174dadf39fbca7,1419b2c686f44896a0ae2a43e93b5402,b4dadb3ea3a04cc3932094471debce13,b85d652ba8d244f8ab9e941966094f28,2acbd3ec289a47f7b4108896ec632585
e89b67fc618f4ccc84877eb31c645e09,26b18153216b48d793b75598ddb54d77,f464960d2dbc43c0970c60600bd7f1cd,4a7fa5a1bafe4b6995e2920444ac07c4,1f9cd7f2b7a14e2f8d490a104a56edcd,7daa434073604cb98a04fefb55468dda,7d6122daabe442ffb5e57ece1882e714,e96fae6d607246b18b8494aabe521036,e2e0c8c96aff4c00896ac6986bbb20c2,7e190e3c05d74e6b9f103e39142c1684,b85d652ba8d244f8ab9e941966094f28
bc267c43ca1f44febd9e7093727ef543,4a7fa5a1bafe4b6995e2920444ac07c4,26b18153216b48d793b75598ddb54d77,b4dadb3ea3a04cc3932094471debce13,0accd1d0138b49049d437c0d9b1c23c3,2f0401170d104b47b0a8f087f69dee88,5455e62f52ae4e03b2a5d0e8b9899506,a5d5fb459a1844088e93ae557ab34afe,88353d1136d24836816b073de62e5f50,67984873125e4a0f9562179c906d1b0f,9500823cb050427696343b1ea5cf8881
01ac8202a1f44b648edeaa48d9b3be1c,4a7fa5a1bafe4b6995e2920444ac07c4,26b18153216b48d793b75598ddb54d77,5455e62f52ae4e03b2a5d0e8b9899506,b4dadb3ea3a04cc3932094471debce13,9500823cb050427696343b1ea5cf8881,1ade4365590a4ac7865100d8c791e340,878e5c41be5c477e9f660ca361fdd727,cb550e5ff4694fe9a19eaa6588cef250,66cba49431224a3788f914d6a80165e1,1d70bc69b2f84bef9aa5fb0d9917e38d
3f6590287d024cde9a430ca74bf005c7,8a464aa9e2ee45d0abc7ae6181cd1bda,b00b2395b49949508fade89bb3eac98b,04fa591263664fb0a6868552ebd3590b,452d645d5bf4485185e996dcec9523e5,cb32ec9a538a4c0f8462771946ced93b,41047823f2cb4194ba1e0709443c719a,b834c0b0c10b471b87ad3f11468de619,11e1e3cdfe214385a2c24d0f957dde9b,75bf181ea5dc490e95d364a5f5c7af1d,8c7c9eaae41a44a3a4ebe39ce167d300
c293e0f7c0da40049992e9ce791370db,2939ef012c5c4a1b94b49df9469dfb3c,be42a43f5186434db4f2815f768a9991,938147b72e9540da8513910871e0830a,da61d9bc8f024a4aba18d5c3072b7838,f9fe93fae6084350b81964d354e2130f,5b588e34588940788a22036b775ecc2f,403835bbf2f1447188bcc78e062b0028,434551fdf9e443ed91679a9557ae6fd5,8350ea8cd6514c2c8d7b625abe7e895b,f6507bae2aaa4785842167f8320428b3
30cf83c6a107496a894c8ee50f9b6941,2939ef012c5c4a1b94b49df9469dfb3c,434551fdf9e443ed91679a9557ae6fd5,3e6a4b65a1004c08a6f3f570cf986c2f,938147b72e9540da8513910871e0830a,5b588e34588940788a22036b775ecc2f,051d304b7139431fb3bff19b4e75aff7,a297e08effdf4a69a6c4d79a34a0c6ad,fb8c2b83e46441c2aaa7c81d3642e2da,b40d3c588ad647ff85e397a6bc5f9d8b,4285b02dc9164cb9bae36b0566bb42f0
0cf92dcb9bc94f0697e76d4ccdd96aea,8a464aa9e2ee45d0abc7ae6181cd1bda,452d645d5bf4485185e996dcec9523e5,cb32ec9a538a4c0f8462771946ced93b,cc78a6c92dfe4af49c2bd93f15e4f870,cb2e893276894906976593c3edcb3a5f,b425f33c33ad4be89a12da266d131a86,570f08ce2a1a47978eab16bf7ad16a68,243dbbcdc67c42bfa6f32c47477adf6d,44156e6482884acaaee1938e04d8b6ff,77c8b175ca9d411b8d28d1ed0dc40304
0defb2dd1f4e42b8867d78c68c45bf69,14ca42308d3141fba50b774042144343,cb32ec9a538a4c0f8462771946ced93b,b425f33c33ad4be89a12da266d131a86,e86a0aae846a4e44bf967ab4972c977c,b2992fe473124dd0b895cf81f59f6db6,2c65a898314b42e6b2e93dca66fd15c2,434551fdf9e443ed91679a9557ae6fd5,3c0f3b44c0844df49b5898406fe9195a,655a618282cd4fa39a26f0967c033f4b,1578afd6ce694d46ab6e24f965f51fd6
7e165023b13a4ea89bb41b86336ed275,7f0b453cc8c14156802497f5cbae9d62,673aee19895b4d339ada93213d8874ac,e59dba65749140f4a1bdaf2695de2fc6,09f4970dfe684b809bc0959fb62f41bf,e6afe89ff7bc491193141c057083d8a8,b7f5c165ea2242709a2fb71f3a3f1bcb,75bf181ea5dc490e95d364a5f5c7af1d,fa190e42ce5a47c99bcaa76138dbc615,8c7c9eaae41a44a3a4ebe39ce167d300,a0408a6462b24cf18e50a8616359d5ad
bbd916e845d14857ad0f48dd4693ed85,673aee19895b4d339ada93213d8874ac,7f0b453cc8c14156802497f5cbae9d62,e59dba65749140f4a1bdaf2695de2fc6,521004289ebc4e6da6623381d40a5e73,db69f22fe72246ea85d33991961a649a,5e199f7727cc4910ad88dbd81ed1ec82,74de04f31db94a99b757685c91779412,11e9586d6c7a443c8025278f8ef53b6d,da14e9dc2c3d4963b725de8102de5028,e6afe89ff7bc491193141c057083d8a8
e74837fbb60c42a4a65d86d1568b4649,b7f5c165ea2242709a2fb71f3a3f1bcb,7f0b453cc8c14156802497f5cbae9d62,673aee19895b4d339ada93213d8874ac,00614d60b3544ba790dfd23dd53992e0,68aefc97056440af874039a28497cf98,f532294d68604bc2aa9ad8804a8c6d5f,54e9bbd0093947a3bda5fef48ef7493d,d658e3a743af41899183fecff6b2628d,0c889c151e094b948c13b0275e660a9c,1c6bbf19b3d2498696a5baf0f53a0f18
13f2026fed26452685621e4b5e90c497,db2466dc7da64ac5a2a21c20ace67856,11e1e3cdfe214385a2c24d0f957dde9b,aaab880f032a4e00904cf50566164044,7f5b658239034d35b7f4cf1c63cb388c,7d6cdff8c9ac434196df803628fe9f62,40f040fd5c824c8e8e710af1fdf70b5f,93bf0b86be094f68a9d308ca5ecfb4e3,597aab8bb15240f89fd1b24a8e38258d,7f0b453cc8c14156802497f5cbae9d62,5605fa1188974644937bbf92fec50e21
a3a3c4b19635404cace83ff7b80a1679,db2466dc7da64ac5a2a21c20ace67856,11e1e3cdfe214385a2c24d0f957dde9b,b2992fe473124dd0b895cf81f59f6db6,d476be2399b7424a88d242b771c32041,4152360a4bea4cbbbfbe45ff3bf7f62b,a865b8d581b44104afe7c8508e3486f5,de72d25d08da4b03ac6f6411ce30e07c,5b588e34588940788a22036b775ecc2f,039f8e63b273472d8f1d99d9a5de5cf5,8c674a7b65e24114a45dd3c861a7ccfc
72772d2296a24491b21db0cf0ffec2cc,4385ac4645b34f3c8a44c4676ebcd8be,15b7b988bba143989cfd98d5c6c4d203,a055f8188384479a8bad418f7dffd9a5,6bedb2d6ace34e18811b7f1206b2d1b0,baad022010b44fad8d8410869d909fd1,03df72bcf3504272a27f4bbaea89118a,016e634d566b49c199d07357aae9bf33,f8e7f9688fd546829da579434180ffee,5be48a6bc26044f2a2e4e9b6a223c319,02641488de414b72b63f62b40200b101
3c36c01d06db430891436e7338519629,4385ac4645b34f3c8a44c4676ebcd8be,15b7b988bba143989cfd98d5c6c4d203,a055f8188384479a8bad418f7dffd9a5,e4fcd30261804b089efa940359057ba2,e5a3c8867e44498d9182e8be934e0fce,baad022010b44fad8d8410869d909fd1,016e634d566b49c199d07357aae9bf33,6bedb2d6ace34e18811b7f1206b2d1b0,f8e7f9688fd546829da579434180ffee,02641488de414b72b63f62b40200b101
27f5e7c9028741ea99cbf424d87b7f8f,15b7b988bba143989cfd98d5c6c4d203,5be48a6bc26044f2a2e4e9b6a223c319,664da77d25e74df693eaad44a5e7617f,a055f8188384479a8bad418f7dffd9a5,0b57f893483647c3aed811775a4c4c04,03df72bcf3504272a27f4bbaea89118a,3f28365e18244eb28cc7d23de8895956,4385ac4645b34f3c8a44c4676ebcd8be,da14e9dc2c3d4963b725de8102de5028,cf7476d6c96b4dcdb6f025b9291eb62b
1ff1f628d46c4fffbf9a44323220d682,b2bcb4d9456c4763a0159ffd1f3660bb,361f2b7f3f044907b3a331872fb18755,cb2505b30d8a4dc086c353cf94424b6d,ccb62901750b4d13a922fc161b607f83,5e2f1a45f7174f1aa39a194179985876,8fca2e4873e946f7a788af2b846cebd7,0433768f874042a5b2d2e37ad9deae13,b4dadb3ea3a04cc3932094471debce13,f59a3ee5387440d981754b6595e8664c,3574ab91c29940b3afc62354ae06b73b
d12ab20387aa452093121c89f55faef6,cb2505b30d8a4dc086c353cf94424b6d,b2bcb4d9456c4763a0159ffd1f3660bb,8c7c9eaae41a44a3a4ebe39ce167d300,71c1a8479b194efca65b44fb7f327afb,dd36cc0867b94d55a43b82c1c9a0e95c,724a3f6551e74ad585bdeac9a75fd639,1419b2c686f44896a0ae2a43e93b5402,7f0b453cc8c14156802497f5cbae9d62,0f52f676197e4d4e92dec0a7bc4c4f7d,b834c0b0c10b471b87ad3f11468de619
cf7d4b9d3c9c4789b84574f7294511e4,b2bcb4d9456c4763a0159ffd1f3660bb,cb2505b30d8a4dc086c353cf94424b6d,361f2b7f3f044907b3a331872fb18755,54e9bbd0093947a3bda5fef48ef7493d,b4dadb3ea3a04cc3932094471debce13,ccb62901750b4d13a922fc161b607f83,4c67cc7a1ccc496db132636e3f4853a2,8fca2e4873e946f7a788af2b846cebd7,19098957d8c24cab95daa30c2baefd8f,3574ab91c29940b3afc62354ae06b73b
ebadbbba9888428c97cd7f6f9d614d2b,cb2505b30d8a4dc086c353cf94424b6d,b2bcb4d9456c4763a0159ffd1f3660bb,3d3e8565d2f84e0cad5ae622f2909765,8c7c9eaae41a44a3a4ebe39ce167d300,71c1a8479b194efca65b44fb7f327afb,059a284910e849efbbc7073b8681409f,673aee19895b4d339ada93213d8874ac,361f2b7f3f044907b3a331872fb18755,e735729c80d84f76a6133c065d5380f8,724a3f6551e74ad585bdeac9a75fd639
3ef127b149d24d42a5b4d73a369daeba,8fdee0611965465eb45387b8c39f4136,b585a2970e9f421da236241f603883f2,059a284910e849efbbc7073b8681409f,3f23eafbd9cc4e209aca631fd6fc9dfd,6732de8994744decbb3306c74aaa7882,77ce0587a12b46bab8814225ba86753e,30f654c6e69e48888f9f42dd95ab3c77,23199e1859544647893a97ea365c5c83,8683a3ad55d84a78834fabe20cde5269,f91157bb8fca4a8e98db33591a76be9a
86cc05a71e4440cba336690dfa0149ac,8fdee0611965465eb45387b8c39f4136,b585a2970e9f421da236241f603883f2,be70e49b76c24527b4fddfb6b78b6d8d,636c21e19a5845e1b8d69a5fca928030,059a284910e849efbbc7073b8681409f,84ff5144597241bba5cbd3d0b21d220d,dee9eddb2eac41bfaf36d3279d43674a,fc430b7683934be2aba12468b2409bb8,039a871609044cb1b69f70c082fe61d8,ccb62901750b4d13a922fc161b607f83
dda93eeaef8c4891aa99f6851955606e,3aa003c1e31b476e999c3a808a1d5dc6,65e30dd62cfa4dccb9ea4d908a9d6fab,e4e12f4711fd41e39075e26cc274df45,c3502ff31ce6459a96164c934f297562,32aaca2a732f4272b237374d3cdeec90,cffbff4deb374fcf850c679899c6e3f8,87fc1d6a57ea488786caaec8599c3b8b,da14e9dc2c3d4963b725de8102de5028,0accd1d0138b49049d437c0d9b1c23c3,0daf8d5687b54d158f7f752884c42334
1c7e49f7fcc1484593f48dc107e63996,65e30dd62cfa4dccb9ea4d908a9d6fab,9500823cb050427696343b1ea5cf8881,78809cb3c6b841a9b8b132133dd6bb96,8fdee0611965465eb45387b8c39f4136,295d0d40791245ff838c73a2aa27d065,3aa003c1e31b476e999c3a808a1d5dc6,5455e62f52ae4e03b2a5d0e8b9899506,b6c493a3666c4db193e86c79faf099ab,84ff5144597241bba5cbd3d0b21d220d,f464960d2dbc43c0970c60600bd7f1cd
01b3be2b5b2f4891ad053f74f427514b,3aa003c1e31b476e999c3a808a1d5dc6,65e30dd62cfa4dccb9ea4d908a9d6fab,87fc1d6a57ea488786caaec8599c3b8b,c3502ff31ce6459a96164c934f297562,da14e9dc2c3d4963b725de8102de5028,e4e12f4711fd41e39075e26cc274df45,78809cb3c6b841a9b8b132133dd6bb96,70558882c04e46bd99d15e9786468418,236c362d8b664c93b41882c119df9706,84ff5144597241bba5cbd3d0b21d220d
6da229c88f574b79a9aa35557565a86e,4230775a9d51448396cacb9061f0e5f9,fe363cef357840fcb35f320fe7c27e4e,afac6ae28fac41dabae96696990c5555,bb6ecabbce1b43d997d00d7acdc95193,8ad1f345ca194b29bde0a924f27b2de5,116f6c1f0cb54312986a0a729508a33e,d7618b61a65a4bc1a0d0f2cc1bddc448,fc70a4c2c4834e0eba1a14470f563b03,1d93c07de74c482ebf0a76ec564c3252,b2b22c673e554db39c8acdbe42687a6d
692f47ec6a394c83acb7708bfd6c7c96,fc70a4c2c4834e0eba1a14470f563b03,887e323cc38f4cf8adc5970617f1c286,afac6ae28fac41dabae96696990c5555,bb6ecabbce1b43d997d00d7acdc95193,fe363cef357840fcb35f320fe7c27e4e,13aca0959cc948cabeee0d7255f55a65,4230775a9d51448396cacb9061f0e5f9,a8904adcdd21495f890bc614bfdbf86f,af648fa7ac6c4c50a246de470329cd83,b01fd4d037a84a7aa777e1fc345c73c5
f880dd7555534b77bb131f2d6fa4ab37,4230775a9d51448396cacb9061f0e5f9,fe363cef357840fcb35f320fe7c27e4e,afac6ae28fac41dabae96696990c5555,8ad1f345ca194b29bde0a924f27b2de5,bb6ecabbce1b43d997d00d7acdc95193,a8904adcdd21495f890bc614bfdbf86f,fc70a4c2c4834e0eba1a14470f563b03,116f6c1f0cb54312986a0a729508a33e,887e323cc38f4cf8adc5970617f1c286,d7618b61a65a4bc1a0d0f2cc1bddc448
fc88a18e8b6343d3a58e4aab7a84620b,fc70a4c2c4834e0eba1a14470f563b03,887e323cc38f4cf8adc5970617f1c286,13aca0959cc948cabeee0d7255f55a65,afac6ae28fac41dabae96696990c5555,8c5f38853679436ba434b6a696e43168,b01fd4d037a84a7aa777e1fc345c73c5,fe363cef357840fcb35f320fe7c27e4e,a8904adcdd21495f890bc614bfdbf86f,bb6ecabbce1b43d997d00d7acdc95193,4230775a9d51448396cacb9061f0e5f9
b715f62fa2f14ddeb98cb30d9c54339d,3b7d56c26da14b3a9b1cd52b5b35891b,9ffa09a2b9bd4da0ba98fc537ca68802,1004b33e3126472faa78e1929ed974e6,9aca522158f443fd8a9caaec38ae5e2c,f2077addeb6142c8b3540916522126e8,32aaca2a732f4272b237374d3cdeec90,ec07b4e88bea4086a5eafed96d81edb5,da61d9bc8f024a4aba18d5c3072b7838,c2a665cec90e46db8d2a74389beb4649,74bd120b8f714d03bc9dd1a703fe4d7f
07cc561ef3f04e93a701b6919ee81175,0228b1e9e3244da3a727930123ba7bda,9aca522158f443fd8a9caaec38ae5e2c,7c061d36393540b49e20d98086bdb5bd,c5486d5e31084ee797da0ebdacb17abc,27a67d3e76814297aebf64e03d14c336,8d595c7da42545c88052e7b213b6c97c,3675c688960a4f3b9f82c4ccf4049e93,9ffa09a2b9bd4da0ba98fc537ca68802,0d0973762130427eaa2ce9a7a34517db,b69c17a10a55494d8caa56c33e8f4a56
cb80f73ab9454fa798342057923edd40,3b7d56c26da14b3a9b1cd52b5b35891b,9ffa09a2b9bd4da0ba98fc537ca68802,9aca522158f443fd8a9caaec38ae5e2c,1004b33e3126472faa78e1929ed974e6,f7f600880b064920ab59b907d26aedc6,ec07b4e88bea4086a5eafed96d81edb5,36ee1613abf245cdbe93fef69b5f981f,47eb17da319d440aa52da8008c26327a,01930613ce7d4a5f90ccf78d1e92a55d,7c061d36393540b49e20d98086bdb5bd
c7fdef440d9345c6b34634ef46754490,415641aa43724ed9bc4710302b77edc3,714e47cd21e5416f864a4bc938850a72,3f28365e18244eb28cc7d23de8895956,f4b7e6e902e344859cb041126b69ce3c,75bf181ea5dc490e95d364a5f5c7af1d,11e9586d6c7a443c8025278f8ef53b6d,13aca0959cc948cabeee0d7255f55a65,c235728f290a44d6a5fc2e14111ae02e,77c8b175ca9d411b8d28d1ed0dc40304,7226603f024c45c6a6e44b00e52e8aad
f94bc288e76b4781b013d419ca5295b2,f4b7e6e902e344859cb041126b69ce3c,415641aa43724ed9bc4710302b77edc3,0e8487b2e6a2439b9e6623a1e2e5e19d,a7077a82d2c74518b96fb45e35f6e150,13aca0959cc948cabeee0d7255f55a65,11e9586d6c7a443c8025278f8ef53b6d,b0236c76ae244fd8aacbea7da10e55ca,b64cef9df31c4e92a7b7ecd42f74f396,67984873125e4a0f9562179c906d1b0f,3f28365e18244eb28cc7d23de8895956
c6a1eb4b8cc74dc0a3d818ef10b1b04e,415641aa43724ed9bc4710302b77edc3,3f28365e18244eb28cc7d23de8895956,f4b7e6e902e344859cb041126b69ce3c,13aca0959cc948cabeee0d7255f55a65,50a2129b83404b94889a01f4688ebafd,e2e0c8c96aff4c00896ac6986bbb20c2,6bde760ad5d4485db9889b1bdc074005,98fbdf945d0c4206a48a4f7260e56017,ac5a760b45c146ec840193371cfb2d30,67984873125e4a0f9562179c906d1b0f
f34c07d2f2ad4b4fb027ab3f4c68bffd,f4b7e6e902e344859cb041126b69ce3c,0e8487b2e6a2439b9e6623a1e2e5e19d,13aca0959cc948cabeee0d7255f55a65,415641aa43724ed9bc4710302b77edc3,67984873125e4a0f9562179c906d1b0f,503d2f067a8a4f5798b1c64b07ab0bc5,d37bf09399d848df9a4d880fb097239c,a7077a82d2c74518b96fb45e35f6e150,4c67cc7a1ccc496db132636e3f4853a2,772cb9726861451d9972604da6f65c55
bd6f2e8af94548da8676de16a6853e69,f5bcc6f48ed2447581b401d453039866,0568345606fa4a2c84ed4ea6c74639ee,27a0d24dc1e14b28a1f18456b29c93f1,e0d8aee46b1d4d998858cd05027251b6,66f4c650b7ca48f1bc27f9daff8d312a,2ea3b46262e649f79900258cd90cce31,d87e5facd03b45f9829e8a1cd0fe0190,eafb3480db704d7baa8216ce857d1610,31cf7db26a3249c5a6205b005662ddcf,4a7fa5a1bafe4b6995e2920444ac07c4
af596599aa804ad2bbe10c2ddf0b3e34,0568345606fa4a2c84ed4ea6c74639ee,d87e5facd03b45f9829e8a1cd0fe0190,bfd1d441da734aad88cfacdab3ee4059,ec4820b018a04967a457a9c032a51dc6,30578712823948b086e3781343982938,0c889c151e094b948c13b0275e660a9c,99830b8da7c24f909914f7bb167f3ea6,3d3e8565d2f84e0cad5ae622f2909765,99a52c93a3304ec18dab9206f98f2a8b,ccb62901750b4d13a922fc161b607f83
680120b1438b42a3acd998a7e00f02ef,d87e5facd03b45f9829e8a1cd0fe0190,0568345606fa4a2c84ed4ea6c74639ee,1aef014473b84ef9a0f799114fe516c9,d75a52d716984f318f976bbfc7bee787,eb21a4e2b7bd43efbdf0c365415e7fef,bbdf9065122d499d9d8f80ad3e0ef6f3,60e87368fe334a92b57088b03cccbfc1,17b5eb6fab65476f827dd355b4a20a55,99a52c93a3304ec18dab9206f98f2a8b,249c2d8d8d2345c6990b3c4d94385b5a
5d17356d82d74aa3a6e6f979ef1796fd,d87e5facd03b45f9829e8a1cd0fe0190,0568345606fa4a2c84ed4ea6c74639ee,eb21a4e2b7bd43efbdf0c365415e7fef,99a52c93a3304ec18dab9206f98f2a8b,1aef014473b84ef9a0f799114fe516c9,7dd5e88dfdd24cafab2c765939757354,d75a52d716984f318f976bbfc7bee787,64e74af099b0485f8b6e71ac73aa2cb8,17b5eb6fab65476f827dd355b4a20a55,249c2d8d8d2345c6990b3c4d94385b5a
6b3c7ce1b5524d3e98acc2312a661188,d7618b61a65a4bc1a0d0f2cc1bddc448,afac6ae28fac41dabae96696990c5555,bb6ecabbce1b43d997d00d7acdc95193,116f6c1f0cb54312986a0a729508a33e,a8904adcdd21495f890bc614bfdbf86f,68aefc97056440af874039a28497cf98,e59dba65749140f4a1bdaf2695de2fc6,8ad1f345ca194b29bde0a924f27b2de5,db69f22fe72246ea85d33991961a649a,93bf0b86be094f68a9d308ca5ecfb4e3
d31bba63f0c74cfd9135ddb2ec58f186,716a15d66b63424a8068da89e75733b4,a8904adcdd21495f890bc614bfdbf86f,91f0da6d71574ababd8e868bddec9310,afac6ae28fac41dabae96696990c5555,1d93c07de74c482ebf0a76ec564c3252,86179aff3df24ff59b11e9a34974a3f4,fc70a4c2c4834e0eba1a14470f563b03,8ad1f345ca194b29bde0a924f27b2de5,fe363cef357840fcb35f320fe7c27e4e,887e323cc38f4cf8adc5970617f1c286
908351dacb5c427f88bd9aa375503388,f6507bae2aaa4785842167f8320428b3,d2a03ea4b2d3439ca3dc6fe056ab0f04,f59a3ee5387440d981754b6595e8664c,ee7c00877ae64dac87123a3d75251530,2c65a898314b42e6b2e93dca66fd15c2,6fc7a2cf0684475a82f6ff9be2c8e850,66cba49431224a3788f914d6a80165e1,3e59b61eb70146308db2308b988b54cf,50a2129b83404b94889a01f4688ebafd,26b18153216b48d793b75598ddb54d77
33683cdbfab14a3f8b56e5f75d2b3d00,76e41369a6794714a9fab6968839bfe6,98fbdf945d0c4206a48a4f7260e56017,b64cef9df31c4e92a7b7ecd42f74f396,4a7fa5a1bafe4b6995e2920444ac07c4,06a5f0cec6ce4170a02dad0ad4c55b1c,74644c8cc17449cf89379868e7b21398,6252aa87531748e5bac5f6c65fc87e14,7aceed0dbea645b091207f4a53d879f2,097f2ce3b88c4d008488b9908076497e,25afb6f7e9314af09008644bca5955b9
cbb9562935ed4ec7b4fbd9c04a1c17c3,76e41369a6794714a9fab6968839bfe6,b64cef9df31c4e92a7b7ecd42f74f396,25afb6f7e9314af09008644bca5955b9,66cba49431224a3788f914d6a80165e1,19098957d8c24cab95daa30c2baefd8f,bfd1d441da734aad88cfacdab3ee4059,e9428816b054499298745b742f128f65,06a5f0cec6ce4170a02dad0ad4c55b1c,452d645d5bf4485185e996dcec9523e5,0accd1d0138b49049d437c0d9b1c23c3
2093ec4e54224ee59a6b3df761f52ad4,b64cef9df31c4e92a7b7ecd42f74f396,76e41369a6794714a9fab6968839bfe6,009be1c3430743ff9b054bdfcd6228d6,be70e49b76c24527b4fddfb6b78b6d8d,b0236c76ae244fd8aacbea7da10e55ca,ca544e6629b14e8fab5f7cb40d1ac88e,673aee19895b4d339ada93213d8874ac,4a7fa5a1bafe4b6995e2920444ac07c4,d43b0f94627d45918e18a80be127aa2c,ef511457ee7c490c8e10eccf6e18fef6
034598db2c774843ae5b70f89a468dd1,8c7c9eaae41a44a3a4ebe39ce167d300,b834c0b0c10b471b87ad3f11468de619,be9e713988ba4bbba869885cad419259,75bf181ea5dc490e95d364a5f5c7af1d,eeb3b60f34af40de850e065b475d8180,11e9586d6c7a443c8025278f8ef53b6d,097f2ce3b88c4d008488b9908076497e,e8927e14983a43da900edd926dd35adb,cb2505b30d8a4dc086c353cf94424b6d,f92d16d3a970487094292439c3e00923
e1b0c09a4b5745ba87cb45d6b31cc047,8c7c9eaae41a44a3a4ebe39ce167d300,b834c0b0c10b471b87ad3f11468de619,eeb3b60f34af40de850e065b475d8180,be9e713988ba4bbba869885cad419259,75bf181ea5dc490e95d364a5f5c7af1d,a4af9472683c4df0a86f9400c99c2b61,db69f22fe72246ea85d33991961a649a,11e9586d6c7a443c8025278f8ef53b6d,e59dba65749140f4a1bdaf2695de2fc6,77c8b175ca9d411b8d28d1ed0dc40304
2ee4e4c157314893ac1677408acd1e13,8c7c9eaae41a44a3a4ebe39ce167d300,b834c0b0c10b471b87ad3f11468de619,75bf181ea5dc490e95d364a5f5c7af1d,be9e713988ba4bbba869885cad419259,eeb3b60f34af40de850e065b475d8180,11e9586d6c7a443c8025278f8ef53b6d,097f2ce3b88c4d008488b9908076497e,f92d16d3a970487094292439c3e00923,cb2505b30d8a4dc086c353cf94424b6d,e8927e14983a43da900edd926dd35adb
d2d1bfd6b701442bac97d11e1bcdcbff,b834c0b0c10b471b87ad3f11468de619,8c7c9eaae41a44a3a4ebe39ce167d300,097f2ce3b88c4d008488b9908076497e,be9e713988ba4bbba869885cad419259,cb2505b30d8a4dc086c353cf94424b6d,f92d16d3a970487094292439c3e00923,b2bcb4d9456c4763a0159ffd1f3660bb,0433768f874042a5b2d2e37ad9deae13,8fdee0611965465eb45387b8c39f4136,77ce0587a12b46bab8814225ba86753e
6da4af4998924e888bc085da81c883e1,0f785440b29548e1a1968868262fd42e,23a16d69ffe848d593a4808907d8aa98,5537ddec608a4ec586ea068fa27547ca,e96fae6d607246b18b8494aabe521036,5abf57d57d84440e94d0d2e2ffb37575,5c644b51b1394a7b8fa0a9a6275c422d,29088685e31a4d86b60b514e98117361,384f94503bcd4f4c863056ad69f45b43,aa082284f9894b5aa210c179d59999b1,1d70bc69b2f84bef9aa5fb0d9917e38d
62a839f4213d46759d8133e354ae93a4,0f785440b29548e1a1968868262fd42e,5537ddec608a4ec586ea068fa27547ca,23a16d69ffe848d593a4808907d8aa98,29088685e31a4d86b60b514e98117361,e96fae6d607246b18b8494aabe521036,5abf57d57d84440e94d0d2e2ffb37575,5c644b51b1394a7b8fa0a9a6275c422d,aa082284f9894b5aa210c179d59999b1,022e16490d1949b9ab2fc1de5a837031,b585a2970e9f421da236241f603883f2
f22180d73d204b929c77cc738c93dec8,c36ef11228124c438ed3256c9822b03d,17b5eb6fab65476f827dd355b4a20a55,be8953cc364d46cebbcc2c2da2c348ab,d695b7afdc3841a28a56df578e56afce,2ece45504eff42469c104dc2a2d03caf,c2b49382e2f34b1c90013236a5fbaef0,f12e9e5805534d719f829332d1ea5d29,4c67cc7a1ccc496db132636e3f4853a2,94ed54abfdc74b04b0dcb19c278e66f4,98fbdf945d0c4206a48a4f7260e56017
b43451e5261643dab9a0627813d31785,7627d5e28ba74cbeaf9225e88a7a44cc,7c1126d46a934db6b951d1e98feae327,ca5add3cbf044a95a5bec88a5841ce98,673aee19895b4d339ada93213d8874ac,04d24d1cf42b4f7787d8d300cbad6d50,bfd1d441da734aad88cfacdab3ee4059,0f52f676197e4d4e92dec0a7bc4c4f7d,44f41e6e6faa4facb0bb9a72205229f8,b3f8b4bec0164d0e81997b4f5a277e8f,1ade4365590a4ac7865100d8c791e340
89b4973e66414223af70d8648086e97c,7627d5e28ba74cbeaf9225e88a7a44cc,7c1126d46a934db6b951d1e98feae327,bfd1d441da734aad88cfacdab3ee4059,44f41e6e6faa4facb0bb9a72205229f8,04d24d1cf42b4f7787d8d300cbad6d50,673aee19895b4d339ada93213d8874ac,ca5add3cbf044a95a5bec88a5841ce98,b3f8b4bec0164d0e81997b4f5a277e8f,0f52f676197e4d4e92dec0a7bc4c4f7d,7f0b453cc8c14156802497f5cbae9d62
cca9ed42ea00433984410ed65b0435fb,7c1126d46a934db6b951d1e98feae327,dcfb738ebbc24f09bb680fe3a52b702e,b3f8b4bec0164d0e81997b4f5a277e8f,a7077a82d2c74518b96fb45e35f6e150,7627d5e28ba74cbeaf9225e88a7a44cc,27a67d3e76814297aebf64e03d14c336,d695b7afdc3841a28a56df578e56afce,e8c8742459dc48a49080bf0e5b3fdee0,8987ceafff324f9599b842542e37eddd,ee337b5c1ef3431e9c120250bfec4cac
ca3ae3f2f83a4b709148933472566ca6,c36ef11228124c438ed3256c9822b03d,ca5add3cbf044a95a5bec88a5841ce98,4c67cc7a1ccc496db132636e3f4853a2,feb980ae999948ce9be0266b4ddc048d,0f52f676197e4d4e92dec0a7bc4c4f7d,199647bd1328406c83c5a875154f97d9,673aee19895b4d339ada93213d8874ac,6ea31a945d494834a3d243f1f90af02a,4c36aafaf38f4e9e9e09991737196fe1,85d4175b563d48e5bc6a991b23662f24
bc19c9d3d882406886b4dc137c8085e0,0eb119aabc884795a4768c6d3e677ea1,632cc2bc04034dd4848855fe6497262d,ef8c056ecb524439a48c881089537951,21eb9f06dd834a108d816efdf3aca8dc,7ef653f7e5f64e1b8bba73b9518b87b7,cb550e5ff4694fe9a19eaa6588cef250,2f0401170d104b47b0a8f087f69dee88,636c21e19a5845e1b8d69a5fca928030,f92d16d3a970487094292439c3e00923,24c55bb5cd694770ba895c7401da2ba5
77823865299d48ddbce6d7d7e199814f,02a3cd76ce534d188b4d5ac4778bd652,da88fa5efc674368b593444ca950dff9,215f3d275db14601a0383885cbaad86e,7daa434073604cb98a04fefb55468dda,e88ce4cd350f43398a5c0ab8629cee72,f335a944a27a4504a82ecf70c2d4a5e4,b702b2b61ce048c6bf5af3c4dca18b1a,8fca2e4873e946f7a788af2b846cebd7,51c6049a18b84ee381d0512e40b67c0e,8746ae2ca7514699b629b4d9b5fe95a7
5cfbbd42352245fb9ab4e93f0e17452a,1f9cd7f2b7a14e2f8d490a104a56edcd,8ebbcf8e4e6f400ba1839e9d75806274,be70e49b76c24527b4fddfb6b78b6d8d,b585a2970e9f421da236241f603883f2,21eb9f06dd834a108d816efdf3aca8dc,1419b2c686f44896a0ae2a43e93b5402,7daa434073604cb98a04fefb55468dda,c3a741d302d94ee294bb6e4090fd2da9,26b18153216b48d793b75598ddb54d77,174581fc299840e18e827432c0cce4dc
4a03d80a56a24730b633957fa5195cf5,02a3cd76ce534d188b4d5ac4778bd652,ef511457ee7c490c8e10eccf6e18fef6,f335a944a27a4504a82ecf70c2d4a5e4,b4dadb3ea3a04cc3932094471debce13,b702b2b61ce048c6bf5af3c4dca18b1a,2471f23cb9b64d35a72deed09c9c8975,4c67cc7a1ccc496db132636e3f4853a2,11e9586d6c7a443c8025278f8ef53b6d,24c55bb5cd694770ba895c7401da2ba5,4e4495962a9b4864882397042f1a2b3e
ca687051622e4c35823d965df0139509,e2e0c8c96aff4c00896ac6986bbb20c2,40a95697730046dcbb0d7ba1fe2109a6,8b038cd0dafd45d8b1ce75177ca3a76b,25afb6f7e9314af09008644bca5955b9,04fa591263664fb0a6868552ebd3590b,50a2129b83404b94889a01f4688ebafd,0eb119aabc884795a4768c6d3e677ea1,e88ce4cd350f43398a5c0ab8629cee72,bfd1d441da734aad88cfacdab3ee4059,67984873125e4a0f9562179c906d1b0f
62cb56b35d3847a2858dee237b0a7f1e,6252aa87531748e5bac5f6c65fc87e14,f5a9583711fc4ff4a46e85c24886b234,189a3b686ad14c24b5e1a495f76dd239,7d3d751215194e649a03457226f599d7,8d595c7da42545c88052e7b213b6c97c,e4fcd30261804b089efa940359057ba2,4422777ed51142a99aacf05f446cfea1,f65b6fb5b40a49d1896de7a115469d40,fa190e42ce5a47c99bcaa76138dbc615,9948a890ef25479e834f70944cb42eae
ad43fc3957284bd78e7d7c9aa5ab29c0,f5a9583711fc4ff4a46e85c24886b234,6252aa87531748e5bac5f6c65fc87e14,189a3b686ad14c24b5e1a495f76dd239,f3fddb55448a46778b5d807642cceb71,e86a0aae846a4e44bf967ab4972c977c,f65b6fb5b40a49d1896de7a115469d40,b6c493a3666c4db193e86c79faf099ab,7d3d751215194e649a03457226f599d7,fa190e42ce5a47c99bcaa76138dbc615,4422777ed51142a99aacf05f446cfea1
5871998e8d6c4a9090cdf17915017027,f5a9583711fc4ff4a46e85c24886b234,f65b6fb5b40a49d1896de7a115469d40,6252aa87531748e5bac5f6c65fc87e14,4254f6eaaed746bea797c3522036fc12,4422777ed51142a99aacf05f446cfea1,b6c493a3666c4db193e86c79faf099ab,189a3b686ad14c24b5e1a495f76dd239,e86a0aae846a4e44bf967ab4972c977c,7960902edf4b47d686f704441aa56b0e,5c09482fc8dc45bdbf7919f00dd540e0
102f600a8c1740ac8a06de1b28c5904e,268f8ec9f2734029a8e75857db56ccb3,3766b26b53874893ae48693880e1942c,d53fa54d5536463ab0d87648dfc5fd78,5b588e34588940788a22036b775ecc2f,ed4449952a9e45339b76fc5f123cb917,7d3d751215194e649a03457226f599d7,e22e1ad3c1fc4493bcb7c9b923566ff7,72a7e2ce22d045efbdbbab9c68f5d026,b0d2e6c4b2384950b3696c4414870282,0971af4212484a958eb0f60f93d1dfe0
ae0903a7f3be40ce83442e458496fd29,30f654c6e69e48888f9f42dd95ab3c77,0592b57e490d4206a3f12eb004a0afe0,78d0265d47df4f4cb7153da919763730,268f8ec9f2734029a8e75857db56ccb3,55c0b899937042c98162389b209aca7f,5605fa1188974644937bbf92fec50e21,df0c94234d9d4890b5b4b95c441b3e9a,39e2b00e1cbd471488cf56f31d2cec7f,72a7e2ce22d045efbdbbab9c68f5d026,8746ae2ca7514699b629b4d9b5fe95a7
f9be6242a66b4efabd439a28435cee95,7dd5e88dfdd24cafab2c765939757354,df0c94234d9d4890b5b4b95c441b3e9a,bbdf9065122d499d9d8f80ad3e0ef6f3,b585a2970e9f421da236241f603883f2,636c21e19a5845e1b8d69a5fca928030,f5bcc6f48ed2447581b401d453039866,6866efc8987a4ec8b04b7abd28fb5777,da61e0de396149208c9ebd0fd6d7415d,e7ee85dd47ca43eeb2fdcd70b802f0ec,e7aaa514f6f64a258a640ea341aa1a18
10ef6812f01b471a8e48fa8e99c81735,268f8ec9f2734029a8e75857db56ccb3,c2b49382e2f34b1c90013236a5fbaef0,e22e1ad3c1fc4493bcb7c9b923566ff7,78d0265d47df4f4cb7153da919763730,ad42c467d0fe43dbb328073f9a16bc4d,7d6cdff8c9ac434196df803628fe9f62,35c5a560ecdc4d6a9d20f057ed1fa0e6,d9b97376c5e44d8786f861a5788af644,e43d8e7bc32f406b9a692e2604f5b45a,d53fa54d5536463ab0d87648dfc5fd78
fb5376db56af4ab4b8ea6d46d191ad26,225818abe99e45a0bf5b0b3ec30db76b,df5ca61304074da1bec8f536ab50baf3,b9228fdb5f0c413d81cffb51829d95c6,b585a2970e9f421da236241f603883f2,174581fc299840e18e827432c0cce4dc,cc243eebbb2b44a581745865a60c423a,ec07b4e88bea4086a5eafed96d81edb5,c756409435634fc48c643a64e73c93ce,39e2b00e1cbd471488cf56f31d2cec7f,32aaca2a732f4272b237374d3cdeec90
a0e60ab432b94ba291505c129ee405df,225818abe99e45a0bf5b0b3ec30db76b,df5ca61304074da1bec8f536ab50baf3,174581fc299840e18e827432c0cce4dc,b9228fdb5f0c413d81cffb51829d95c6,ec07b4e88bea4086a5eafed96d81edb5,75efe5ddef364f49865d9bb283492b48,c756409435634fc48c643a64e73c93ce,b585a2970e9f421da236241f603883f2,32aaca2a732f4272b237374d3cdeec90,cc243eebbb2b44a581745865a60c423a
0d29840b4f2a46659bf734b51438e6ac,cc243eebbb2b44a581745865a60c423a,70558882c04e46bd99d15e9786468418,fe363cef357840fcb35f320fe7c27e4e,ca5add3cbf044a95a5bec88a5841ce98,91f0da6d71574ababd8e868bddec9310,a297e08effdf4a69a6c4d79a34a0c6ad,133bfbe9a7c741fcb638ecf1b0088213,887e323cc38f4cf8adc5970617f1c286,33e2a95109e647cbb4ba2687631b169a,8c5f38853679436ba434b6a696e43168
62865ed38c05470a8919d1070402fa6b,cc243eebbb2b44a581745865a60c423a,133bfbe9a7c741fcb638ecf1b0088213,9ffa09a2b9bd4da0ba98fc537ca68802,70558882c04e46bd99d15e9786468418,1d93c07de74c482ebf0a76ec564c3252,245212a659504b9b9cdbaf1ab1d040ff,2b039224b54142d185a406b31fe01de2,291130c42a884be2800e026bab5ddf53,33e2a95109e647cbb4ba2687631b169a,a297e08effdf4a69a6c4d79a34a0c6ad
09a6f25650ae474385eb70217f8c4843,01ffceddb5b34406a08bb982b424b3cf,8889c114b071429cbe2418f5b0f2024b,19a124c6dad14a4fa7864463b081009c,30c71719aed84c07ae21d0eff0deed72,d37bf09399d848df9a4d880fb097239c,f2ef424352f14dda92691047ee9f15fa,2b3ecf8be2b242f3b8a1e714390749fb,57bcda73abab44ee930b20cdaee9d24b,98b2022b2cb84af09ee8b789db928b13,a5d5fb459a1844088e93ae557ab34afe
86e1bd5f53b148b9a9522847363630bf,01ffceddb5b34406a08bb982b424b3cf,74644c8cc17449cf89379868e7b21398,f2ef424352f14dda92691047ee9f15fa,bc13c2b0221744a29a8ddf56aa015df9,530b37164090408dbab4e6da51111b8a,19a124c6dad14a4fa7864463b081009c,c4b9d7a8d5d342459d2282589b3af293,a5d5fb459a1844088e93ae557ab34afe,30c71719aed84c07ae21d0eff0deed72,8889c114b071429cbe2418f5b0f2024b
aa561064498b402993740579853c84fc,2b3ecf8be2b242f3b8a1e714390749fb,e4e12f4711fd41e39075e26cc274df45,7aceed0dbea645b091207f4a53d879f2,d8b3ad3b5c4e474db41a671ab286424f,878e5c41be5c477e9f660ca361fdd727,e0ff5d4ae0ec4871a49041d550cdcaa9,21019944fc2c4838a682a6dcdc62c4ef,0accd1d0138b49049d437c0d9b1c23c3,1da8cc33bb474411ae16db0233210125,2d812431f07c44f1a56a71c72766e0b0
de4bd1f38ae04b8da3f5f36bea97276d,e4e12f4711fd41e39075e26cc274df45,2b3ecf8be2b242f3b8a1e714390749fb,ba8d0208e32e42969bd4349cf24f6ed1,c713a0ca69864ee7b240069c98dc44dc,636c21e19a5845e1b8d69a5fca928030,f6207eb593394ff78e2cb35057477422,984058b7165d4c6385bec3c94afa9fb2,f5bcc6f48ed2447581b401d453039866,66690895454847fea5a000202fbfab2e,cffbff4deb374fcf850c679899c6e3f8
3dc160c26fc64d45a5f1e9756e6b1025,e88ce4cd350f43398a5c0ab8629cee72,04fa591263664fb0a6868552ebd3590b,25afb6f7e9314af09008644bca5955b9,40a95697730046dcbb0d7ba1fe2109a6,8b038cd0dafd45d8b1ce75177ca3a76b,51c6049a18b84ee381d0512e40b67c0e,50a2129b83404b94889a01f4688ebafd,e2e0c8c96aff4c00896ac6986bbb20c2,0eb119aabc884795a4768c6d3e677ea1,26e55eb4d910464497d700bfdf5a36ca
f7cfc69b28204d1681a71216a3dafbff,0eb119aabc884795a4768c6d3e677ea1,50a2129b83404b94889a01f4688ebafd,2f0401170d104b47b0a8f087f69dee88,e2e0c8c96aff4c00896ac6986bbb20c2,8b038cd0dafd45d8b1ce75177ca3a76b,a5d5fb459a1844088e93ae557ab34afe,04fa591263664fb0a6868552ebd3590b,06a5f0cec6ce4170a02dad0ad4c55b1c,878e5c41be5c477e9f660ca361fdd727,14f4db886cca4104877ac7d1d7a64133
7e5d9f74b6724f59ae0911894a898253,04fa591263664fb0a6868552ebd3590b,0eb119aabc884795a4768c6d3e677ea1,e2e0c8c96aff4c00896ac6986bbb20c2,e88ce4cd350f43398a5c0ab8629cee72,19098957d8c24cab95daa30c2baefd8f,8c7c9eaae41a44a3a4ebe39ce167d300,a4af9472683c4df0a86f9400c99c2b61,b2bcb4d9456c4763a0159ffd1f3660bb,cdd73e0289aa4e2b87cd14e6ff5bd75e,33b5e2ae5ebe4f548bac3a00ab0a59eb
966a64e7651f4b2499587effd1600e97,04fa591263664fb0a6868552ebd3590b,0eb119aabc884795a4768c6d3e677ea1,51c6049a18b84ee381d0512e40b67c0e,e88ce4cd350f43398a5c0ab8629cee72,25afb6f7e9314af09008644bca5955b9,e2e0c8c96aff4c00896ac6986bbb20c2,40a95697730046dcbb0d7ba1fe2109a6,6d3b4c95066e4dd8a6ad1c66b1c1ea4f,384f94503bcd4f4c863056ad69f45b43,d43b0f94627d45918e18a80be127aa2c
296a868a499d46aa93fc77f8e589c254,06b7dd1b701544ac80dd7ca54ed707cf,7070715ef90743da8691dd4ad134eb0c,d445ccdb4cda497e9f0343a3298022d2,bcfa4a4177d44d8b8cda17b7a23196b0,d5ecdd142b544edca1b16ee83a9cf908,ff276acede2f4c14876ef47257758ae8,5abf57d57d84440e94d0d2e2ffb37575,f6507bae2aaa4785842167f8320428b3,f31e9fdffaa642ed98e91b07a30f3a8c,77d8e01a914d4f4a8b87d407e0d741aa
7b04ec5b87214c25bd25268652df3829,9452a2f21f7d4feeb2605d9b6647fc13,06b7dd1b701544ac80dd7ca54ed707cf,d5ecdd142b544edca1b16ee83a9cf908,2471f23cb9b64d35a72deed09c9c8975,74644c8cc17449cf89379868e7b21398,9094e936e13641cc9bfcc7dc1408d86e,f12e9e5805534d719f829332d1ea5d29,08ecf89bc10942a4bd894482f6fcdfa7,bdb0d45caa2a4943959f8f501e51132b,7226603f024c45c6a6e44b00e52e8aad
a03259710e6344d1b817f8dc53d9384e,06b7dd1b701544ac80dd7ca54ed707cf,7070715ef90743da8691dd4ad134eb0c,8c5f38853679436ba434b6a696e43168,d445ccdb4cda497e9f0343a3298022d2,9452a2f21f7d4feeb2605d9b6647fc13,77d8e01a914d4f4a8b87d407e0d741aa,d5ecdd142b544edca1b16ee83a9cf908,b83013f4c5524232814efa0f8651867f,ff276acede2f4c14876ef47257758ae8,5abf57d57d84440e94d0d2e2ffb37575
0e271b22304c40fe9884c63ee1fe1668,9d09e3cd382c4d0ea0f6f50261e3e4c8,6400e3f6a14c492ba399bd414faca075,664da77d25e74df693eaad44a5e7617f,f9fe93fae6084350b81964d354e2130f,da61d9bc8f024a4aba18d5c3072b7838,57430214baf045cb92fa3b3b70a4ca3f,5be48a6bc26044f2a2e4e9b6a223c319,7ab9086baf99475d8c93862a7dd36344,f69bf682935e47e1b4c72d237becd13a,64d9091426f9461c97c98a5428856bcf
43fd128c97194d88bbfe7be91fbc67ed,9d09e3cd382c4d0ea0f6f50261e3e4c8,4d5cbe57c3094d01843e4f950a280b50,8dfd98bb97584157b207e1f4be471a8e,e8c8742459dc48a49080bf0e5b3fdee0,afaf2edba0ee4d58860a5a04e4aabc5c,f1c9c5051bdd4a11a064260bbb9d6d7b,5be48a6bc26044f2a2e4e9b6a223c319,f2ef424352f14dda92691047ee9f15fa,5760084aabef4d8095b2d21902151f64,dcfb738ebbc24f09bb680fe3a52b702e
8c3f25890eab46379974ac593d629515,6c51b4f57ba0415f994756e944b11cee,b40d3c588ad647ff85e397a6bc5f9d8b,dee9eddb2eac41bfaf36d3279d43674a,25109e3a7df549e5b380aae716d71366,5be48a6bc26044f2a2e4e9b6a223c319,9aca522158f443fd8a9caaec38ae5e2c,bc13c2b0221744a29a8ddf56aa015df9,9d09e3cd382c4d0ea0f6f50261e3e4c8,7d0190486da540718e4dc4ca4bd1f573,db0c3a952e454b90aa4a68feb6a50e87
1dfd4a798f224e88a6b4c2980cb31c82,6c51b4f57ba0415f994756e944b11cee,d476be2399b7424a88d242b771c32041,3c0f3b44c0844df49b5898406fe9195a,db0c3a952e454b90aa4a68feb6a50e87,dee9eddb2eac41bfaf36d3279d43674a,99a52c93a3304ec18dab9206f98f2a8b,44b3bc5953364d72a53edcf9fc4f1fed,ec07b4e88bea4086a5eafed96d81edb5,afaf2edba0ee4d58860a5a04e4aabc5c,bc13c2b0221744a29a8ddf56aa015df9
9174a7587e5048ec86bec7afe80e268e,e4fcd30261804b089efa940359057ba2,6fc7a2cf0684475a82f6ff9be2c8e850,d9b70c4ed8bb4fc5957ecebf102528ee,b98519f97e424c1389f5553f0869b15a,384b14b18c3c43b1a4dc1aa2f661e076,4422777ed51142a99aacf05f446cfea1,c588868fc3fd4e87a7cddf1ceb00b022,77ce0587a12b46bab8814225ba86753e,6252aa87531748e5bac5f6c65fc87e14,4385ac4645b34f3c8a44c4676ebcd8be
bcfc6cd4aea34c78891a701698ccb953,e4fcd30261804b089efa940359057ba2,4385ac4645b34f3c8a44c4676ebcd8be,6fc7a2cf0684475a82f6ff9be2c8e850,d9b70c4ed8bb4fc5957ecebf102528ee,ff51ca928cd54f4da620c27983e221f8,39a08a87897f47d3bdbbdc5ed8c9cd7f,e6afe89ff7bc491193141c057083d8a8,5a9a716f53364389864a4018d9e9c6c0,384b14b18c3c43b1a4dc1aa2f661e076,eee7f32249c5452ea36c8ed3a3540010
2a551336cc794909b0a09c92faf75f50,d7c9dafddaf547159d366dacf7b68a7e,21019944fc2c4838a682a6dcdc62c4ef,22d9d5ad33e947fd857c5c4a8b7dfae1,04537eabb0434eb2804d1220770b85a0,8228c9eb29a542ba98c8b9b854eadaa4,9fd4c00672d84215b3e21812aef3d6ac,174581fc299840e18e827432c0cce4dc,91f9f8576e5142a49926bd623b0bc19c,189a3b686ad14c24b5e1a495f76dd239,243dbbcdc67c42bfa6f32c47477adf6d
23e5bf15809d4629abd7ff7c344b1ce0,b98519f97e424c1389f5553f0869b15a,f92d16d3a970487094292439c3e00923,19098957d8c24cab95daa30c2baefd8f,41047823f2cb4194ba1e0709443c719a,e6afe89ff7bc491193141c057083d8a8,7627d5e28ba74cbeaf9225e88a7a44cc,bcfa4a4177d44d8b8cda17b7a23196b0,99a52c93a3304ec18dab9206f98f2a8b,04fa591263664fb0a6868552ebd3590b,cb32ec9a538a4c0f8462771946ced93b
f2a05ceedacf47b598b2cd3dbe003966,016e634d566b49c199d07357aae9bf33,f6061b71031b4ddb9384f86c103690a4,03df72bcf3504272a27f4bbaea89118a,0971af4212484a958eb0f60f93d1dfe0,99dbf0cd0c6343ffbcf97f04efc4143c,48240083d13148bd84ddee8c7f9fcd22,133bfbe9a7c741fcb638ecf1b0088213,19a124c6dad14a4fa7864463b081009c,9c69642fab6749848e7ea7f5406a6da4,4385ac4645b34f3c8a44c4676ebcd8be
764c5cb76dcb4650b8b0a50cac981edc,b5f237fefb38465bb6a068c9cf75ba31,6f8d80f8673144dfa7a4e09190442ab3,73f684f538ea452cbb4fbecc2e8126a4,a865b8d581b44104afe7c8508e3486f5,cd6ce920d00e4d17a6cf04f9f7e550b7,3c72832689d8406996e80893b719b974,30578712823948b086e3781343982938,b6c493a3666c4db193e86c79faf099ab,02a3cd76ce534d188b4d5ac4778bd652,f1c9c5051bdd4a11a064260bbb9d6d7b
c50ae9cd7ac5469daf32b2a1a1d81797,b5f237fefb38465bb6a068c9cf75ba31,b90d74e80c37486eaee89b6fbab13671,3138244ae91040948d5bd6772e4075ea,503d2f067a8a4f5798b1c64b07ab0bc5,ca0fe2dd97434e2ca7aecc38d4f1fcd9,6f8d80f8673144dfa7a4e09190442ab3,9dd98c9126c44642a20711729f2e731e,f532294d68604bc2aa9ad8804a8c6d5f,5537ddec608a4ec586ea068fa27547ca,ed4449952a9e45339b76fc5f123cb917
e9801f8810654cacbcd517b25b89767b,016e634d566b49c199d07357aae9bf33,03df72bcf3504272a27f4bbaea89118a,f6061b71031b4ddb9384f86c103690a4,0971af4212484a958eb0f60f93d1dfe0,7862a63720b34104abf5bfa44bc8178d,48240083d13148bd84ddee8c7f9fcd22,9c69642fab6749848e7ea7f5406a6da4,4385ac4645b34f3c8a44c4676ebcd8be,f6207eb593394ff78e2cb35057477422,d7618b61a65a4bc1a0d0f2cc1bddc448
f3c68b7ff0f344569399a04bbff5d1da,384f94503bcd4f4c863056ad69f45b43,40a95697730046dcbb0d7ba1fe2109a6,a2612682d9854a30a7684c91c8619ec9,6fbdacd3d8814ea2a13e81ee1ec128f2,82d68ea370f8451aa16ea08f4601245c,384b14b18c3c43b1a4dc1aa2f661e076,e96fae6d607246b18b8494aabe521036,18ab15fbf00f42f7a410ec75f7592bea,e2e0c8c96aff4c00896ac6986bbb20c2,6b7b5d28293d4a5a8075f7f7dd231ddb
ab0c7be344d7444bb59fb3b065a71c88,384f94503bcd4f4c863056ad69f45b43,40a95697730046dcbb0d7ba1fe2109a6,384b14b18c3c43b1a4dc1aa2f661e076,a2612682d9854a30a7684c91c8619ec9,e2769c67dadd4c988f7ccf249a998a56,6fbdacd3d8814ea2a13e81ee1ec128f2,6b7b5d28293d4a5a8075f7f7dd231ddb,8f0e477fc779414e9b47995c0b25a87d,27a0d24dc1e14b28a1f18456b29c93f1,50a2129b83404b94889a01f4688ebafd
b136a0d13d7e431a94e54f2a085d5f52,384b14b18c3c43b1a4dc1aa2f661e076,384f94503bcd4f4c863056ad69f45b43,d445ccdb4cda497e9f0343a3298022d2,d65e3a3657ae455e954b6d7221afc84c,6fc7a2cf0684475a82f6ff9be2c8e850,43464ed6733f4642a0b90e7d995a5e40,5a9a716f53364389864a4018d9e9c6c0,059a284910e849efbbc7073b8681409f,bf789f42ccfc42c5a330a3f6e30ddb83,a4af9472683c4df0a86f9400c99c2b61
210a3e79a4a149179749cd7a5b127f63,384b14b18c3c43b1a4dc1aa2f661e076,384f94503bcd4f4c863056ad69f45b43,d65e3a3657ae455e954b6d7221afc84c,d445ccdb4cda497e9f0343a3298022d2,43464ed6733f4642a0b90e7d995a5e40,1a842f077119475794cc2de48e154374,cd764fbfae774d068af7549c648a02c9,772cb9726861451d9972604da6f65c55,999a2b52a5004ee984e587d5a1327b23,d25e6f2fc8154dd7816f8f7a41bee12b
2071beae14fe435b9e3943e22e8b430b,f6207eb593394ff78e2cb35057477422,ef8c056ecb524439a48c881089537951,e4e12f4711fd41e39075e26cc274df45,636c21e19a5845e1b8d69a5fca928030,e8927e14983a43da900edd926dd35adb,ba8d0208e32e42969bd4349cf24f6ed1,35c5a560ecdc4d6a9d20f057ed1fa0e6,30f654c6e69e48888f9f42dd95ab3c77,016e634d566b49c199d07357aae9bf33,f92d16d3a970487094292439c3e00923
40eb15fd325c48bea6a7988ce40cc33b,f6207eb593394ff78e2cb35057477422,ef8c056ecb524439a48c881089537951,e8927e14983a43da900edd926dd35adb,e4e12f4711fd41e39075e26cc274df45,13cda6e8f2d948eeb5508288a172e76f,3b37a4c34b6e4ca89a04da864e141422,ba8d0208e32e42969bd4349cf24f6ed1,636c21e19a5845e1b8d69a5fca928030,33e2a95109e647cbb4ba2687631b169a,5c09482fc8dc45bdbf7919f00dd540e0
7be90785152d4e01b53aa4b1f3c74097,ef8c056ecb524439a48c881089537951,cdd73e0289aa4e2b87cd14e6ff5bd75e,24c55bb5cd694770ba895c7401da2ba5,2c3599a1611644f4908562f8fb8870d3,a0408a6462b24cf18e50a8616359d5ad,f6207eb593394ff78e2cb35057477422,14f4db886cca4104877ac7d1d7a64133,3cb231e1167e45f9bf5771a4e0074092,ba8d0208e32e42969bd4349cf24f6ed1,8746ae2ca7514699b629b4d9b5fe95a7
61e3c16563b44edb85bee0caf5de33b0,ef8c056ecb524439a48c881089537951,f6207eb593394ff78e2cb35057477422,a0408a6462b24cf18e50a8616359d5ad,ba8d0208e32e42969bd4349cf24f6ed1,24c55bb5cd694770ba895c7401da2ba5,da61e0de396149208c9ebd0fd6d7415d,8746ae2ca7514699b629b4d9b5fe95a7,cdd73e0289aa4e2b87cd14e6ff5bd75e,3cb231e1167e45f9bf5771a4e0074092,724a3f6551e74ad585bdeac9a75fd639
79dc8e29d2a747c793ab1fe11ba6045b,43464ed6733f4642a0b90e7d995a5e40,30578712823948b086e3781343982938,e0d8aee46b1d4d998858cd05027251b6,8f0e477fc779414e9b47995c0b25a87d,7e190e3c05d74e6b9f103e39142c1684,44156e6482884acaaee1938e04d8b6ff,6b4676aba2a746b3ab778315afc8ee82,aa082284f9894b5aa210c179d59999b1,2471f23cb9b64d35a72deed09c9c8975,7070715ef90743da8691dd4ad134eb0c
dfc436b508974e349cbf602bb7fe9b7a,00fb3a55134242769182c520d55681a2,85d4175b563d48e5bc6a991b23662f24,0a2c24dead204be9ae36be358e1223f9,51c6049a18b84ee381d0512e40b67c0e,1d70bc69b2f84bef9aa5fb0d9917e38d,ec4820b018a04967a457a9c032a51dc6,724a3f6551e74ad585bdeac9a75fd639,04d24d1cf42b4f7787d8d300cbad6d50,d756970269e9443fb9bbf645a96aa84e,cae139b6e4914ce7b0ef1e68b8b857eb
dcd99427d6e64ebcb3af1982854aa02c,00fb3a55134242769182c520d55681a2,df5ca61304074da1bec8f536ab50baf3,e5a3c8867e44498d9182e8be934e0fce,e79ae27b52fa4d54aa37735fd275c66e,85d4175b563d48e5bc6a991b23662f24,200f7fc78e4c403982f61b2894e50bad,384b14b18c3c43b1a4dc1aa2f661e076,db620271348d404a9a0b978d96c63f29,be42a43f5186434db4f2815f768a9991,47eb17da319d440aa52da8008c26327a
c59bf6abbde846999988749ad22b52d3,43464ed6733f4642a0b90e7d995a5e40,51c6049a18b84ee381d0512e40b67c0e,02a3cd76ce534d188b4d5ac4778bd652,1f3cf50fe1f947d8a56e02ebca441c4c,6b4676aba2a746b3ab778315afc8ee82,57430214baf045cb92fa3b3b70a4ca3f,30578712823948b086e3781343982938,590df34aa41f46e9ad13ffc6a98da3b7,aa082284f9894b5aa210c179d59999b1,b77d8b7bb0114c379139d280a9210e83
a386f6b172a740989c390780b3b856d5,6732de8994744decbb3306c74aaa7882,3e4a54908dde405294869e30a92a7623,4a6eba10a02a4ecdbb6b25e8651c3789,22d9d5ad33e947fd857c5c4a8b7dfae1,b2992fe473124dd0b895cf81f59f6db6,e88ce4cd350f43398a5c0ab8629cee72,df0c94234d9d4890b5b4b95c441b3e9a,eafb3480db704d7baa8216ce857d1610,878e5c41be5c477e9f660ca361fdd727,24c55bb5cd694770ba895c7401da2ba5
ad563855246b46adaf5fdeecbfdc081b,3e4a54908dde405294869e30a92a7623,6732de8994744decbb3306c74aaa7882,b834c0b0c10b471b87ad3f11468de619,c24e3823376b436c8eb46eaeebbc7718,be70e49b76c24527b4fddfb6b78b6d8d,cf293392122347a180cf2126f4589acb,7d6122daabe442ffb5e57ece1882e714,d9ac372330a4446886fa19bac0d19877,039a871609044cb1b69f70c082fe61d8,898eabaaa1a047e18aecbb1c5a8decbf
0485db5bb76a491782e78c6e98f4c913,514537782f6549c488a1b932939b4128,636c21e19a5845e1b8d69a5fca928030,724a3f6551e74ad585bdeac9a75fd639,64d9091426f9461c97c98a5428856bcf,fc430b7683934be2aba12468b2409bb8,0f52f676197e4d4e92dec0a7bc4c4f7d,bf789f42ccfc42c5a330a3f6e30ddb83,f32f4607b4714e378831f924c5e6084d,30f654c6e69e48888f9f42dd95ab3c77,ff171f0b29974f78b0e81fee30abdd38
38535cc9165a4684af9a3ee208dccb9a,b2992fe473124dd0b895cf81f59f6db6,7d0190486da540718e4dc4ca4bd1f573,5cf392f15360460bae6a6b0182bb99b9,36ac84a73ad34261ad45cf569edb60af,0971af4212484a958eb0f60f93d1dfe0,63ba014f9cc747ac87013da6be0ceab9,ec07b4e88bea4086a5eafed96d81edb5,1578afd6ce694d46ab6e24f965f51fd6,da61d9bc8f024a4aba18d5c3072b7838,3f23eafbd9cc4e209aca631fd6fc9dfd
7812e64c9f5a45dea8c59e366c0a1b2c,67dd23cfd20f46dc82acc82c108a1dc6,6fc7a2cf0684475a82f6ff9be2c8e850,48240083d13148bd84ddee8c7f9fcd22,e4fcd30261804b089efa940359057ba2,99dbf0cd0c6343ffbcf97f04efc4143c,4385ac4645b34f3c8a44c4676ebcd8be,0ecfdd96e0054841883acba75e83b232,63eab812f3254cccb9631b09725aec3d,595e438d2b394bb3a3259f47efd37ae8,03df72bcf3504272a27f4bbaea89118a
e0cdf7eb868e4cf28007a946c4dcedcd,36ac84a73ad34261ad45cf569edb60af,5cf392f15360460bae6a6b0182bb99b9,b8995466f0eb4e7ba141e23216e8b974,ac5a760b45c146ec840193371cfb2d30,724a3f6551e74ad585bdeac9a75fd639,3cb231e1167e45f9bf5771a4e0074092,b2992fe473124dd0b895cf81f59f6db6,b69c17a10a55494d8caa56c33e8f4a56,812a1568c77d46e695f8eb7357e24a0e,4c8476482736459881e2a3b0509ee103
966272e605644a9783d154f8e2038dbb,36ac84a73ad34261ad45cf569edb60af,3cb231e1167e45f9bf5771a4e0074092,5cf392f15360460bae6a6b0182bb99b9,b8995466f0eb4e7ba141e23216e8b974,ac5a760b45c146ec840193371cfb2d30,724a3f6551e74ad585bdeac9a75fd639,6f57d1175ad243edada61643d01fcd54,0092d1d820c64646b8bee9fd14f77acf,2e7836ee5e5144f5b63e6629b969a362,03df72bcf3504272a27f4bbaea89118a
9fd9ddafbc6c43a9982d0ef0dcbca940,b2992fe473124dd0b895cf81f59f6db6,36ac84a73ad34261ad45cf569edb60af,1578afd6ce694d46ab6e24f965f51fd6,4d0a737f396d4a95808085bd1306746c,5cf392f15360460bae6a6b0182bb99b9,63ba014f9cc747ac87013da6be0ceab9,7d0190486da540718e4dc4ca4bd1f573,5f481b07f9734f518a14853831233b78,4c8476482736459881e2a3b0509ee103,e7aaa514f6f64a258a640ea341aa1a18
4aa3ef7644b6471b805cdbce95bcc6b8,6866efc8987a4ec8b04b7abd28fb5777,d695b7afdc3841a28a56df578e56afce,ccb62901750b4d13a922fc161b607f83,87fc1d6a57ea488786caaec8599c3b8b,e12ad1ce8e7940a999b9a4f91a95fab7,f1c9c5051bdd4a11a064260bbb9d6d7b,a7077a82d2c74518b96fb45e35f6e150,797cc520b8c94d9bbef187818ab51647,116f6c1f0cb54312986a0a729508a33e,f12e9e5805534d719f829332d1ea5d29
d19e7fd5a62e4d28bb80ac4eddf34d1c,ccb62901750b4d13a922fc161b607f83,e12ad1ce8e7940a999b9a4f91a95fab7,d695b7afdc3841a28a56df578e56afce,a7077a82d2c74518b96fb45e35f6e150,6866efc8987a4ec8b04b7abd28fb5777,f1c9c5051bdd4a11a064260bbb9d6d7b,fc430b7683934be2aba12468b2409bb8,f464960d2dbc43c0970c60600bd7f1cd,f12e9e5805534d719f829332d1ea5d29,44f41e6e6faa4facb0bb9a72205229f8
26da5929257a4a70997444abb7ed9998,ccb62901750b4d13a922fc161b607f83,e12ad1ce8e7940a999b9a4f91a95fab7,6866efc8987a4ec8b04b7abd28fb5777,d695b7afdc3841a28a56df578e56afce,f1c9c5051bdd4a11a064260bbb9d6d7b,f464960d2dbc43c0970c60600bd7f1cd,361f2b7f3f044907b3a331872fb18755,b702b2b61ce048c6bf5af3c4dca18b1a,7daa434073604cb98a04fefb55468dda,b585a2970e9f421da236241f603883f2
9538feefe1d84c03874b872ae3f48947,6866efc8987a4ec8b04b7abd28fb5777,d695b7afdc3841a28a56df578e56afce,87fc1d6a57ea488786caaec8599c3b8b,ccb62901750b4d13a922fc161b607f83,a7077a82d2c74518b96fb45e35f6e150,e12ad1ce8e7940a999b9a4f91a95fab7,f1c9c5051bdd4a11a064260bbb9d6d7b,797cc520b8c94d9bbef187818ab51647,116f6c1f0cb54312986a0a729508a33e,21019944fc2c4838a682a6dcdc62c4ef
03b02260fc474ab29d5d6a1398847a2a,4285b02dc9164cb9bae36b0566bb42f0,9a500a20b1ff4694acc31339a8d1349e,597aab8bb15240f89fd1b24a8e38258d,acbf8eae7e064c11bab7adf66f216990,8ebbcf8e4e6f400ba1839e9d75806274,4230775a9d51448396cacb9061f0e5f9,fe363cef357840fcb35f320fe7c27e4e,1da8cc33bb474411ae16db0233210125,403835bbf2f1447188bcc78e062b0028,3f23eafbd9cc4e209aca631fd6fc9dfd
f19622c340af46aabec5a3eebfea35fa,9a500a20b1ff4694acc31339a8d1349e,4285b02dc9164cb9bae36b0566bb42f0,68aefc97056440af874039a28497cf98,d7618b61a65a4bc1a0d0f2cc1bddc448,00614d60b3544ba790dfd23dd53992e0,761a3a01495143f0a86beac4234cae3a,6b7b5d28293d4a5a8075f7f7dd231ddb,5e199f7727cc4910ad88dbd81ed1ec82,403835bbf2f1447188bcc78e062b0028,07d869789eda4445a1ecfe59c331db0d
b2c57f611c954c84ad5bc681d1798dee,4285b02dc9164cb9bae36b0566bb42f0,9a500a20b1ff4694acc31339a8d1349e,597aab8bb15240f89fd1b24a8e38258d,acbf8eae7e064c11bab7adf66f216990,f335a944a27a4504a82ecf70c2d4a5e4,4230775a9d51448396cacb9061f0e5f9,1da8cc33bb474411ae16db0233210125,e59dba65749140f4a1bdaf2695de2fc6,7584980704ae4617bb27ca162cc9c5db,051d304b7139431fb3bff19b4e75aff7
98e31f0110bd4082b8a9c780c4658d5b,f439b5616ba24b7f82eccfa095a0eff8,d9ac372330a4446886fa19bac0d19877,cc243eebbb2b44a581745865a60c423a,7f0a68d19d2e4850846ffc08c47ed87d,ef60b54aa4b5490890da32d0bb8c9cbf,b77d8b7bb0114c379139d280a9210e83,b33a0f5b564a4942b04046ab7a8e2aae,eff24b01b2f5428baa4c3fef6cb40d41,022e16490d1949b9ab2fc1de5a837031,41e657daa20545a588584578bdb4101c
ba97c80ce0a5461d938b43cfdc812679,f439b5616ba24b7f82eccfa095a0eff8,cc243eebbb2b44a581745865a60c423a,d9ac372330a4446886fa19bac0d19877,eff24b01b2f5428baa4c3fef6cb40d41,fadf133e0e684a24ac79b5fa9515bac2,75efe5ddef364f49865d9bb283492b48,3e6a4b65a1004c08a6f3f570cf986c2f,1004b33e3126472faa78e1929ed974e6,022e16490d1949b9ab2fc1de5a837031,d2a03ea4b2d3439ca3dc6fe056ab0f04
eef39c9128b1421cb4e7b9c83fee0c82,df5ca61304074da1bec8f536ab50baf3,225818abe99e45a0bf5b0b3ec30db76b,b9228fdb5f0c413d81cffb51829d95c6,db0c3a952e454b90aa4a68feb6a50e87,4a6eba10a02a4ecdbb6b25e8651c3789,39e2b00e1cbd471488cf56f31d2cec7f,fbfaa119f55a477984e42d80498f54d3,ec07b4e88bea4086a5eafed96d81edb5,84581d81d46d44bc99ffb8f871646a7a,3574ab91c29940b3afc62354ae06b73b
8a738e1a32764f6aa0c264a4a08e2942,df5ca61304074da1bec8f536ab50baf3,225818abe99e45a0bf5b0b3ec30db76b,b9228fdb5f0c413d81cffb51829d95c6,fbfaa119f55a477984e42d80498f54d3,db0c3a952e454b90aa4a68feb6a50e87,4a6eba10a02a4ecdbb6b25e8651c3789,32aaca2a732f4272b237374d3cdeec90,25109e3a7df549e5b380aae716d71366,eafb3480db704d7baa8216ce857d1610,0a61f52258f643b6a6436a1ec234e197
173559035aac478591718da5062ea4e7,5e2f1a45f7174f1aa39a194179985876,3e6a4b65a1004c08a6f3f570cf986c2f,b2992fe473124dd0b895cf81f59f6db6,b2bcb4d9456c4763a0159ffd1f3660bb,45f4192f485a49d9a75219ae4d0c41ee,31cf7db26a3249c5a6205b005662ddcf,43ee0103cba54b4e9d165717735ca0f6,c3f66637872c4141ab3898296739457d,ce4fdd5499f8498793c11e586f7da70c,97959d02a64f4a3fbbebe7cbece6c012
6fb705d0d2f04e52b810c48e7fc82a2e,5e2f1a45f7174f1aa39a194179985876,88f796c14d184ecfaa5b0109161db259,1a842f077119475794cc2de48e154374,97959d02a64f4a3fbbebe7cbece6c012,e8927e14983a43da900edd926dd35adb,b2992fe473124dd0b895cf81f59f6db6,d361a9e414fb41c1a605200d9cbba496,655a618282cd4fa39a26f0967c033f4b,7d6cdff8c9ac434196df803628fe9f62,70aa10580bfe4069bdaa5721ae2d29db
709e314fe2f6437097221a6c9ab0dc69,c74557a980e2428a9ffcc245278df692,e429a2e164a24919a12edcc8d4ea8f09,e343a998f4df4ac195c84e0fb571a393,2e7836ee5e5144f5b63e6629b969a362,5760084aabef4d8095b2d21902151f64,61d2391e8bc548b6bfa08f1ef2a0c47a,64fc9fe3c8d5424ebc005e5cf4a608db,1f9cd7f2b7a14e2f8d490a104a56edcd,9948a890ef25479e834f70944cb42eae,baf841bad27c456c9de7227555ea3ef8
f23420a6638046f4b1536f73bc2e0cb6,c74557a980e2428a9ffcc245278df692,c4b9d7a8d5d342459d2282589b3af293,30f654c6e69e48888f9f42dd95ab3c77,d658e3a743af41899183fecff6b2628d,e429a2e164a24919a12edcc8d4ea8f09,44b3bc5953364d72a53edcf9fc4f1fed,0092d1d820c64646b8bee9fd14f77acf,f2ef424352f14dda92691047ee9f15fa,98b2022b2cb84af09ee8b789db928b13,da88fa5efc674368b593444ca950dff9
1d83fbe02659440394a32de73b6c18a3,e9428816b054499298745b742f128f65,be42a43f5186434db4f2815f768a9991,d60986f4025d443ea58adba0e3d224a1,5c8a8b7a59c54b9aa7b7136fd91b5869,1c2b01416e3943e3b3c575e53c3f1d16,e2769c67dadd4c988f7ccf249a998a56,5e0a2bc284cf4002914ae4e6aaef41e8,cf290994a83e4909aec30077477b9d04,33b5e2ae5ebe4f548bac3a00ab0a59eb,6c79712e67b54dd0a11d426a91207939
3cf470f9d76e42a68e48c748b6c793fb,d60986f4025d443ea58adba0e3d224a1,e9428816b054499298745b742f128f65,18ab15fbf00f42f7a410ec75f7592bea,be42a43f5186434db4f2815f768a9991,1c2b01416e3943e3b3c575e53c3f1d16,bce599075dfd4fac8dd78626106e3071,5c8a8b7a59c54b9aa7b7136fd91b5869,74644c8cc17449cf89379868e7b21398,65e30dd62cfa4dccb9ea4d908a9d6fab,2839430464164d5ba00713b42d4d96e4
168e52d4211e47f9b447e33469c72127,d60986f4025d443ea58adba0e3d224a1,e9428816b054499298745b742f128f65,1c2b01416e3943e3b3c575e53c3f1d16,be42a43f5186434db4f2815f768a9991,18ab15fbf00f42f7a410ec75f7592bea,bce599075dfd4fac8dd78626106e3071,5c8a8b7a59c54b9aa7b7136fd91b5869,cf290994a83e4909aec30077477b9d04,c756409435634fc48c643a64e73c93ce,bb5c7d03a54647d08b8c62deeb803271
2cff6320a7ec4c2aafba5c1e3318ddee,61d2391e8bc548b6bfa08f1ef2a0c47a,d2bcc978e7aa49908919d9fc40138b27,1393dac7d34b4c34b1a8091a5bea3663,ef8c056ecb524439a48c881089537951,f4474150010f4021a4620372062f3797,e0d8aee46b1d4d998858cd05027251b6,189a3b686ad14c24b5e1a495f76dd239,e903085a3f944ad2a41c37306b4e6ab4,095ac293b64a4a58b1b3d3f71453a267,7960902edf4b47d686f704441aa56b0e
abadadc5b9f748f59edd8d3abb4d3a01,d2bcc978e7aa49908919d9fc40138b27,1393dac7d34b4c34b1a8091a5bea3663,61d2391e8bc548b6bfa08f1ef2a0c47a,f4474150010f4021a4620372062f3797,f6207eb593394ff78e2cb35057477422,ef8c056ecb524439a48c881089537951,e4fcd30261804b089efa940359057ba2,7960902edf4b47d686f704441aa56b0e,04537eabb0434eb2804d1220770b85a0,bcfa4a4177d44d8b8cda17b7a23196b0
2ea6bb0d68e4468e86828a584e75bb42,99830b8da7c24f909914f7bb167f3ea6,250d411ae270441085be3501b7b55d86,d53fa54d5536463ab0d87648dfc5fd78,ffc5805e29a74be0a55b40318aa321d7,a64f6232ee1e4357937008a327a63cf4,90b560de76b149c09c7cd6efb3f12cfd,37ae696e40dd42ebb4738722daa3c523,2e7836ee5e5144f5b63e6629b969a362,e834bfbd30b247e899f0dc029ab9f072,64e74af099b0485f8b6e71ac73aa2cb8
983d22fb5ca14e8a9d33f205427d4934,511fe9c8b20b4fda94969745238c9474,22d9d5ad33e947fd857c5c4a8b7dfae1,033f1514c78b49dd82148b94f6bcbeba,8228c9eb29a542ba98c8b9b854eadaa4,21019944fc2c4838a682a6dcdc62c4ef,73f684f538ea452cbb4fbecc2e8126a4,563043f180e54e238ad4876974e5db4c,5760084aabef4d8095b2d21902151f64,1232f20e710b448e8c0538b9e84dab1c,4e22dc65beb7450b9260cf27e50919e4
c601d5a9e45b400ab8ffe8a62cc6dd5b,99830b8da7c24f909914f7bb167f3ea6,63ba014f9cc747ac87013da6be0ceab9,64e74af099b0485f8b6e71ac73aa2cb8,d53fa54d5536463ab0d87648dfc5fd78,3c0f3b44c0844df49b5898406fe9195a,7fe9e665bf41491c9788941aa2894a10,ed4449952a9e45339b76fc5f123cb917,1393dac7d34b4c34b1a8091a5bea3663,72a7e2ce22d045efbdbbab9c68f5d026,f1eecad10a61421eb16b1be7435d9c19
af9775f02cb64e7a89d41bfd3138d87c,511fe9c8b20b4fda94969745238c9474,7960902edf4b47d686f704441aa56b0e,268f8ec9f2734029a8e75857db56ccb3,d476be2399b7424a88d242b771c32041,44156e6482884acaaee1938e04d8b6ff,5605fa1188974644937bbf92fec50e21,06a5f0cec6ce4170a02dad0ad4c55b1c,563043f180e54e238ad4876974e5db4c,df0c94234d9d4890b5b4b95c441b3e9a,3c0f3b44c0844df49b5898406fe9195a
6e03c908e766447c8bca6c98861b5a60,5363ae1c905d4879a63259de4954702e,6c79712e67b54dd0a11d426a91207939,295d0d40791245ff838c73a2aa27d065,33b5e2ae5ebe4f548bac3a00ab0a59eb,e735729c80d84f76a6133c065d5380f8,7359a1cc20d54f96aeea121d7247b88d,5cfb876eeb4f410aa1282cc279f0e546,eeca68825e2a4bbdaa5ae962998fc33b,d7618b61a65a4bc1a0d0f2cc1bddc448,a94cb58f1ca8456b96e39b5b1ebfb7ea
44483008955a408db228e36e7af53fdc,a94cb58f1ca8456b96e39b5b1ebfb7ea,295d0d40791245ff838c73a2aa27d065,33b5e2ae5ebe4f548bac3a00ab0a59eb,6c79712e67b54dd0a11d426a91207939,8889c114b071429cbe2418f5b0f2024b,65e30dd62cfa4dccb9ea4d908a9d6fab,a7077a82d2c74518b96fb45e35f6e150,cd6ce920d00e4d17a6cf04f9f7e550b7,f335a944a27a4504a82ecf70c2d4a5e4,94ed54abfdc74b04b0dcb19c278e66f4
42507e0cf2f146b4a2773c26d941610d,295d0d40791245ff838c73a2aa27d065,6c79712e67b54dd0a11d426a91207939,5363ae1c905d4879a63259de4954702e,e735729c80d84f76a6133c065d5380f8,33b5e2ae5ebe4f548bac3a00ab0a59eb,8889c114b071429cbe2418f5b0f2024b,a94cb58f1ca8456b96e39b5b1ebfb7ea,5cfb876eeb4f410aa1282cc279f0e546,65e30dd62cfa4dccb9ea4d908a9d6fab,2639b6540bda414f8a9baa3b5cdb612a
fdd87abf600a4abaa1d0210384b5076f,5363ae1c905d4879a63259de4954702e,6c79712e67b54dd0a11d426a91207939,33b5e2ae5ebe4f548bac3a00ab0a59eb,295d0d40791245ff838c73a2aa27d065,e735729c80d84f76a6133c065d5380f8,a94cb58f1ca8456b96e39b5b1ebfb7ea,50a2129b83404b94889a01f4688ebafd,30c71719aed84c07ae21d0eff0deed72,feb980ae999948ce9be0266b4ddc048d,5cfb876eeb4f410aa1282cc279f0e546
bd2ab791b5d947aebc36dd63a25b782d,f65b6fb5b40a49d1896de7a115469d40,b6c493a3666c4db193e86c79faf099ab,243dbbcdc67c42bfa6f32c47477adf6d,6252aa87531748e5bac5f6c65fc87e14,e0d8aee46b1d4d998858cd05027251b6,3b37a4c34b6e4ca89a04da864e141422,65e30dd62cfa4dccb9ea4d908a9d6fab,d0b6e9c1cc5341faba9e03c17767bc2e,595e438d2b394bb3a3259f47efd37ae8,cf290994a83e4909aec30077477b9d04
f97b6d6044f64e668c6bfa4856de6e2e,f65b6fb5b40a49d1896de7a115469d40,b6c493a3666c4db193e86c79faf099ab,243dbbcdc67c42bfa6f32c47477adf6d,3b37a4c34b6e4ca89a04da864e141422,e0d8aee46b1d4d998858cd05027251b6,a9d82bb43410405ca21b44a5e82e22b6,595e438d2b394bb3a3259f47efd37ae8,f6207eb593394ff78e2cb35057477422,6252aa87531748e5bac5f6c65fc87e14,65e30dd62cfa4dccb9ea4d908a9d6fab
dbdb837b049042bcb0b995828a1463d5,a70909d3ce0d4235913b5ce6a138dcce,f59a3ee5387440d981754b6595e8664c,cb32ec9a538a4c0f8462771946ced93b,eee7f32249c5452ea36c8ed3a3540010,0092d1d820c64646b8bee9fd14f77acf,434551fdf9e443ed91679a9557ae6fd5,36ee1613abf245cdbe93fef69b5f981f,41e657daa20545a588584578bdb4101c,7862a63720b34104abf5bfa44bc8178d,eabdd2813a954f9aa01f0eb8212ee387
e4e8bbb77d39441f89e7899ac799567c,a70909d3ce0d4235913b5ce6a138dcce,cb32ec9a538a4c0f8462771946ced93b,f59a3ee5387440d981754b6595e8664c,6af17cec494c4373a95865d270a29171,c2b49382e2f34b1c90013236a5fbaef0,b425f33c33ad4be89a12da266d131a86,c5486d5e31084ee797da0ebdacb17abc,eee7f32249c5452ea36c8ed3a3540010,93dc50abd35349f7923100dca2f41002,2c65a898314b42e6b2e93dca66fd15c2
884628be75bf4632adba41416b2dcb2d,b6c493a3666c4db193e86c79faf099ab,f65b6fb5b40a49d1896de7a115469d40,65e30dd62cfa4dccb9ea4d908a9d6fab,1e376f9d0945477983c8d851e4b2cf5e,236c362d8b664c93b41882c119df9706,3b37a4c34b6e4ca89a04da864e141422,4254f6eaaed746bea797c3522036fc12,8c674a7b65e24114a45dd3c861a7ccfc,3aa003c1e31b476e999c3a808a1d5dc6,4a3d4daed4b24a1898551f0fd1ba44f1
736b602483e04289bedcbe5e6082e394,ad42c467d0fe43dbb328073f9a16bc4d,2acbd3ec289a47f7b4108896ec632585,84581d81d46d44bc99ffb8f871646a7a,d5ecdd142b544edca1b16ee83a9cf908,225818abe99e45a0bf5b0b3ec30db76b,d445ccdb4cda497e9f0343a3298022d2,174581fc299840e18e827432c0cce4dc,7d6cdff8c9ac434196df803628fe9f62,191b01e1728e4583a8ead5a86db27370,5b588e34588940788a22036b775ecc2f
46dfeacada264da795ae8f40feca0462,b585a2970e9f421da236241f603883f2,ef511457ee7c490c8e10eccf6e18fef6,b2bcb4d9456c4763a0159ffd1f3660bb,e8927e14983a43da900edd926dd35adb,2471f23cb9b64d35a72deed09c9c8975,c66c6f1449d44728a2ef72de53dd6d5e,cb2505b30d8a4dc086c353cf94424b6d,85d4175b563d48e5bc6a991b23662f24,ccb62901750b4d13a922fc161b607f83,dee9eddb2eac41bfaf36d3279d43674a
398185f5bc8c44629ec6d92103b2a26e,b52468fc0af2435f9ba91939f72bbf6a,b8da01ceddcb45a491a288ddbc658e90,9daaefe080b34656a0c7a54d2d6a1713,89e983dca0a34b768e17b3871b9cea1e,2639b6540bda414f8a9baa3b5cdb612a,d65e3a3657ae455e954b6d7221afc84c,a0b4d283f12a407286dbeaa3a4d128a5,73f684f538ea452cbb4fbecc2e8126a4,812a1568c77d46e695f8eb7357e24a0e,ed4449952a9e45339b76fc5f123cb917
7881cf6f764e4853ab524e92060b86db,b585a2970e9f421da236241f603883f2,ccb62901750b4d13a922fc161b607f83,7dd5e88dfdd24cafab2c765939757354,8fdee0611965465eb45387b8c39f4136,6866efc8987a4ec8b04b7abd28fb5777,e12ad1ce8e7940a999b9a4f91a95fab7,23199e1859544647893a97ea365c5c83,57430214baf045cb92fa3b3b70a4ca3f,dee9eddb2eac41bfaf36d3279d43674a,72a7e2ce22d045efbdbbab9c68f5d026
b5a0c3ca548c404e8f6ce3bddb0642d8,eeca68825e2a4bbdaa5ae962998fc33b,5cfb876eeb4f410aa1282cc279f0e546,095ac293b64a4a58b1b3d3f71453a267,6252aa87531748e5bac5f6c65fc87e14,5455e62f52ae4e03b2a5d0e8b9899506,9500823cb050427696343b1ea5cf8881,5f65785004054c67a618fe43b6a30f56,295d0d40791245ff838c73a2aa27d065,8dfe01febd46475ab5aef97033716ce1,1099cb6f4fac4eb8a1fb6db50e18296b
16b427f91adb47be8f9ef97448bf84da,b585a2970e9f421da236241f603883f2,84ff5144597241bba5cbd3d0b21d220d,8fdee0611965465eb45387b8c39f4136,e903085a3f944ad2a41c37306b4e6ab4,a7077a82d2c74518b96fb45e35f6e150,8350ea8cd6514c2c8d7b625abe7e895b,5e0a2bc284cf4002914ae4e6aaef41e8,cdd73e0289aa4e2b87cd14e6ff5bd75e,ef8c056ecb524439a48c881089537951,11e9586d6c7a443c8025278f8ef53b6d
a9f8715606d84f499a84ad01589fc4b3,eeca68825e2a4bbdaa5ae962998fc33b,7aceed0dbea645b091207f4a53d879f2,5cfb876eeb4f410aa1282cc279f0e546,76e41369a6794714a9fab6968839bfe6,d716ea165223433a8d49b93e96989482,e0d8aee46b1d4d998858cd05027251b6,095ac293b64a4a58b1b3d3f71453a267,df7ea50171af48df81584ab7e8107d15,2471f23cb9b64d35a72deed09c9c8975,236c362d8b664c93b41882c119df9706
fd6075f13adb4cdc8540f83b192abddc,2e7836ee5e5144f5b63e6629b969a362,02e1d712f37e428c998f72e7a7eeb1e6,0092d1d820c64646b8bee9fd14f77acf,0ecfdd96e0054841883acba75e83b232,fc70a4c2c4834e0eba1a14470f563b03,da61d9bc8f024a4aba18d5c3072b7838,afac6ae28fac41dabae96696990c5555,75801225047a4c019100660c13f1e0f1,d25e6f2fc8154dd7816f8f7a41bee12b,9aca522158f443fd8a9caaec38ae5e2c
b7c34ab8ac2b44a993051b96fadef9cb,2e7836ee5e5144f5b63e6629b969a362,02e1d712f37e428c998f72e7a7eeb1e6,d361a9e414fb41c1a605200d9cbba496,71c1a8479b194efca65b44fb7f327afb,105ad424733e4cffa7c474b51e3980aa,98b2022b2cb84af09ee8b789db928b13,19b81e71e7f04ebcbfade9daa899ed3d,796eade2ee4f466781d9f6669db43e48,0092d1d820c64646b8bee9fd14f77acf,a8904adcdd21495f890bc614bfdbf86f
5fe5888079644c41b966985f5b572f9c,bc607fd6000b43108e49b3d05688fe90,f69bf682935e47e1b4c72d237becd13a,0c9c05f86aa042abbdd66d2b2d05d374,174581fc299840e18e827432c0cce4dc,da61d9bc8f024a4aba18d5c3072b7838,fbfaa119f55a477984e42d80498f54d3,3574ab91c29940b3afc62354ae06b73b,bdb0d45caa2a4943959f8f501e51132b,c78547bdc2e64ac8935559f7de2efd41,4e7ee74be72a461fa02fa61bee62bdcc
e850e901ed844eacbf240b4358dadc9a,bdb0d45caa2a4943959f8f501e51132b,75801225047a4c019100660c13f1e0f1,4254f6eaaed746bea797c3522036fc12,243dbbcdc67c42bfa6f32c47477adf6d,d0b6e9c1cc5341faba9e03c17767bc2e,cf290994a83e4909aec30077477b9d04,e429a2e164a24919a12edcc8d4ea8f09,54e9bbd0093947a3bda5fef48ef7493d,b90d74e80c37486eaee89b6fbab13671,eee7f32249c5452ea36c8ed3a3540010
07a659cb697144d5b174a3c714670fcd,cd764fbfae774d068af7549c648a02c9,f879b316413f45d2b64bb25e3f45a667,f5d09519cf7647f8a107cd8fadd322e5,45e440d874a54bb591862ff441114cd3,1a842f077119475794cc2de48e154374,342aaa81ed004635bbf9cbc2592cd7b6,0e28ed072d6c444aa6f02e64955b44c6,9909a671f7414c19b2727e7d4d4dcf1b,41047823f2cb4194ba1e0709443c719a,3e6a4b65a1004c08a6f3f570cf986c2f
1860486ceb1947ea93fe348ae75fe1f2,cd764fbfae774d068af7549c648a02c9,f879b316413f45d2b64bb25e3f45a667,0e28ed072d6c444aa6f02e64955b44c6,1a842f077119475794cc2de48e154374,45e440d874a54bb591862ff441114cd3,88f796c14d184ecfaa5b0109161db259,40a95697730046dcbb0d7ba1fe2109a6,9909a671f7414c19b2727e7d4d4dcf1b,c5486d5e31084ee797da0ebdacb17abc,ca0fe2dd97434e2ca7aecc38d4f1fcd9
40f9434041994e2ca0b5307725fdd4bc,c24e3823376b436c8eb46eaeebbc7718,da9cfbdf124143b78bec89393dd5287a,b85d652ba8d244f8ab9e941966094f28,1419b2c686f44896a0ae2a43e93b5402,06a5f0cec6ce4170a02dad0ad4c55b1c,f32f4607b4714e378831f924c5e6084d,724a3f6551e74ad585bdeac9a75fd639,ed4449952a9e45339b76fc5f123cb917,a70909d3ce0d4235913b5ce6a138dcce,225818abe99e45a0bf5b0b3ec30db76b
75978aae26274d9b926b0b08cc16950a,66f4c650b7ca48f1bc27f9daff8d312a,ee7c00877ae64dac87123a3d75251530,44f41e6e6faa4facb0bb9a72205229f8,0433768f874042a5b2d2e37ad9deae13,7ee65b33f8f44852ada468b1fed83433,6d3b4c95066e4dd8a6ad1c66b1c1ea4f,f59a3ee5387440d981754b6595e8664c,3f23eafbd9cc4e209aca631fd6fc9dfd,c2b49382e2f34b1c90013236a5fbaef0,06a5f0cec6ce4170a02dad0ad4c55b1c
7fb1043e17c142cf8bc1704c263ae9b4,f5d09519cf7647f8a107cd8fadd322e5,f879b316413f45d2b64bb25e3f45a667,bc607fd6000b43108e49b3d05688fe90,15b7b988bba143989cfd98d5c6c4d203,f8856799293e49feab6368e794eb8b00,cd764fbfae774d068af7549c648a02c9,b7f5c165ea2242709a2fb71f3a3f1bcb,8ad1f345ca194b29bde0a924f27b2de5,a8904adcdd21495f890bc614bfdbf86f,a64f6232ee1e4357937008a327a63cf4
13a4af2eb59944b9926a2ceec4e169fa,f879b316413f45d2b64bb25e3f45a667,cd764fbfae774d068af7549c648a02c9,342aaa81ed004635bbf9cbc2592cd7b6,bf789f42ccfc42c5a330a3f6e30ddb83,2b039224b54142d185a406b31fe01de2,c3f66637872c4141ab3898296739457d,1a842f077119475794cc2de48e154374,059a284910e849efbbc7073b8681409f,d0e41bf891254ba0872f1641139f84f6,772cb9726861451d9972604da6f65c55
7c0b316dd59246b4ba2bbf879d7c9d74,f5d09519cf7647f8a107cd8fadd322e5,f879b316413f45d2b64bb25e3f45a667,f8856799293e49feab6368e794eb8b00,87fc1d6a57ea488786caaec8599c3b8b,b7f5c165ea2242709a2fb71f3a3f1bcb,a64f6232ee1e4357937008a327a63cf4,b01fd4d037a84a7aa777e1fc345c73c5,0eb119aabc884795a4768c6d3e677ea1,bdb0d45caa2a4943959f8f501e51132b,bc607fd6000b43108e49b3d05688fe90
9adf6404c5364c9da78b1c60e57ed94b,f879b316413f45d2b64bb25e3f45a667,cd764fbfae774d068af7549c648a02c9,342aaa81ed004635bbf9cbc2592cd7b6,f5d09519cf7647f8a107cd8fadd322e5,c66c6f1449d44728a2ef72de53dd6d5e,2b039224b54142d185a406b31fe01de2,15b7b988bba143989cfd98d5c6c4d203,230b9ef63ea240e9b61a18f41473f942,43ee0103cba54b4e9d165717735ca0f6,64fc9fe3c8d5424ebc005e5cf4a608db
d1c6d2db55584c7e9425bce6b4029bcb,2fcf4a04d3654ffb9a5c1dfa3799e4f0,7ef653f7e5f64e1b8bba73b9518b87b7,3bd43a42811048e3b7a7d9740bdb1971,878e5c41be5c477e9f660ca361fdd727,e88ce4cd350f43398a5c0ab8629cee72,f3fddb55448a46778b5d807642cceb71,b702b2b61ce048c6bf5af3c4dca18b1a,8746ae2ca7514699b629b4d9b5fe95a7,556743bab70d4b75bafcf192fef95b16,4c36aafaf38f4e9e9e09991737196fe1
6a4118df6def4cfeae3bb62650bcbfe1,2fcf4a04d3654ffb9a5c1dfa3799e4f0,3bd43a42811048e3b7a7d9740bdb1971,7ef653f7e5f64e1b8bba73b9518b87b7,878e5c41be5c477e9f660ca361fdd727,4c36aafaf38f4e9e9e09991737196fe1,8746ae2ca7514699b629b4d9b5fe95a7,33e2a95109e647cbb4ba2687631b169a,7daa434073604cb98a04fefb55468dda,dd36cc0867b94d55a43b82c1c9a0e95c,74de04f31db94a99b757685c91779412
70e2b8adca1a4fae93ba2708abc854fc,2fcf4a04d3654ffb9a5c1dfa3799e4f0,7ef653f7e5f64e1b8bba73b9518b87b7,3bd43a42811048e3b7a7d9740bdb1971,878e5c41be5c477e9f660ca361fdd727,f3fddb55448a46778b5d807642cceb71,e88ce4cd350f43398a5c0ab8629cee72,b702b2b61ce048c6bf5af3c4dca18b1a,4c36aafaf38f4e9e9e09991737196fe1,02a3cd76ce534d188b4d5ac4778bd652,556743bab70d4b75bafcf192fef95b16
a14d78aab651419fbb973ee24df782f0,3bd43a42811048e3b7a7d9740bdb1971,2fcf4a04d3654ffb9a5c1dfa3799e4f0,dbb3fe11ad004895b302a84e7c066fcc,45e440d874a54bb591862ff441114cd3,de72d25d08da4b03ac6f6411ce30e07c,e903085a3f944ad2a41c37306b4e6ab4,09f4970dfe684b809bc0959fb62f41bf,4e7ee74be72a461fa02fa61bee62bdcc,a2612682d9854a30a7684c91c8619ec9,e2e0c8c96aff4c00896ac6986bbb20c2
44b51300330643689a392e7b77ce78b9,d716ea165223433a8d49b93e96989482,20297482a5014732a843c9fdafba548e,d87bd2402bef4672be17b62cec113ba8,e4fcd30261804b089efa940359057ba2,31a2675a2e944a1ab3b810cfb92ebd34,0433768f874042a5b2d2e37ad9deae13,3c72832689d8406996e80893b719b974,9460474d89704a68aaa6ccb62310ae3d,af648fa7ac6c4c50a246de470329cd83,41e657daa20545a588584578bdb4101c
a59bcbf84ffb47d0abaf3c42791c4eeb,e7ee85dd47ca43eeb2fdcd70b802f0ec,092cb872c8724c7681c50da9c6cfa252,57bcda73abab44ee930b20cdaee9d24b,8889c114b071429cbe2418f5b0f2024b,0daf8d5687b54d158f7f752884c42334,b23a9c50eada4286a4f7ce8668b92db1,5760084aabef4d8095b2d21902151f64,bbdf9065122d499d9d8f80ad3e0ef6f3,82d68ea370f8451aa16ea08f4601245c,da88fa5efc674368b593444ca950dff9
b0133b20a5a9444582fbb510d5158e94,e7ee85dd47ca43eeb2fdcd70b802f0ec,3766b26b53874893ae48693880e1942c,59f62d35b1ad451397b700b3dad25448,4c36aafaf38f4e9e9e09991737196fe1,7ee65b33f8f44852ada468b1fed83433,ad3d372fbf054ea1ad06cfcb7490df4b,361f2b7f3f044907b3a331872fb18755,b675be39e8ff421aa59811f146da945b,0433768f874042a5b2d2e37ad9deae13,ef8c056ecb524439a48c881089537951
0c4c0aa7638b46729b25d811b58820c2,1f3cf50fe1f947d8a56e02ebca441c4c,70558882c04e46bd99d15e9786468418,aa082284f9894b5aa210c179d59999b1,3356a8a8c6ee4f30bc2b028e360d4471,beccee3a988f48c1ad207e2380766fa4,812a1568c77d46e695f8eb7357e24a0e,0f52f676197e4d4e92dec0a7bc4c4f7d,19a124c6dad14a4fa7864463b081009c,eafb3480db704d7baa8216ce857d1610,4a3d4daed4b24a1898551f0fd1ba44f1
077ba3ca8b4f4aafa1c3b07a9c81b87f,1f3cf50fe1f947d8a56e02ebca441c4c,b77d8b7bb0114c379139d280a9210e83,aa082284f9894b5aa210c179d59999b1,70558882c04e46bd99d15e9786468418,511fe9c8b20b4fda94969745238c9474,590df34aa41f46e9ad13ffc6a98da3b7,23199e1859544647893a97ea365c5c83,8f0e477fc779414e9b47995c0b25a87d,daed5458403e49e3aea72f4bcc6dd224,e7aaa514f6f64a258a640ea341aa1a18
343fdc468034438c90562b6db6f39797,d756970269e9443fb9bbf645a96aa84e,00fb3a55134242769182c520d55681a2,7ee65b33f8f44852ada468b1fed83433,44f41e6e6faa4facb0bb9a72205229f8,cc243eebbb2b44a581745865a60c423a,ec4820b018a04967a457a9c032a51dc6,19a124c6dad14a4fa7864463b081009c,5e0a2bc284cf4002914ae4e6aaef41e8,c65af18670ea437c8986884645b3afe9,ec580ac6dd7149fb8a0a5a5d8b0f5b08
906efceb3d96448092f0c58433b87e1c,d756970269e9443fb9bbf645a96aa84e,19a124c6dad14a4fa7864463b081009c,44f41e6e6faa4facb0bb9a72205229f8,7ee65b33f8f44852ada468b1fed83433,f12e9e5805534d719f829332d1ea5d29,00fb3a55134242769182c520d55681a2,5e0a2bc284cf4002914ae4e6aaef41e8,66f4c650b7ca48f1bc27f9daff8d312a,f1c9c5051bdd4a11a064260bbb9d6d7b,6c874292dbcc49ff8bb8bbe5643593a5
e1236162007c4212aaf19e0771d4b741,74644c8cc17449cf89379868e7b21398,bce599075dfd4fac8dd78626106e3071,79721c9bb6a54ecdb3d0a0f4011762c1,06b7dd1b701544ac80dd7ca54ed707cf,bf789f42ccfc42c5a330a3f6e30ddb83,2d812431f07c44f1a56a71c72766e0b0,f31e9fdffaa642ed98e91b07a30f3a8c,7c1126d46a934db6b951d1e98feae327,2b039224b54142d185a406b31fe01de2,1a842f077119475794cc2de48e154374
00d00578efec48fab535293ac554abc7,74644c8cc17449cf89379868e7b21398,bce599075dfd4fac8dd78626106e3071,2d812431f07c44f1a56a71c72766e0b0,79721c9bb6a54ecdb3d0a0f4011762c1,06b7dd1b701544ac80dd7ca54ed707cf,f31e9fdffaa642ed98e91b07a30f3a8c,7c1126d46a934db6b951d1e98feae327,01ffceddb5b34406a08bb982b424b3cf,bf789f42ccfc42c5a330a3f6e30ddb83,9452a2f21f7d4feeb2605d9b6647fc13
cb31998c075d450d95c9b67944dcbd76,13e659415ac84c7a81fc769111d43417,cffbff4deb374fcf850c679899c6e3f8,c3502ff31ce6459a96164c934f297562,23a16d69ffe848d593a4808907d8aa98,ac5a760b45c146ec840193371cfb2d30,c3a741d302d94ee294bb6e4090fd2da9,84ff5144597241bba5cbd3d0b21d220d,4254f6eaaed746bea797c3522036fc12,4a6eba10a02a4ecdbb6b25e8651c3789,1aef014473b84ef9a0f799114fe516c9
b3ebec0b824f4a8a8fb8920f8441b6fd,dee9eddb2eac41bfaf36d3279d43674a,f37d285ad0de42f0b1546d0d1acfb221,2c3599a1611644f4908562f8fb8870d3,8d595c7da42545c88052e7b213b6c97c,444fa28d9ed54c82a522699041eae592,ad42c467d0fe43dbb328073f9a16bc4d,6c51b4f57ba0415f994756e944b11cee,643fbbdd6b764ba9904a4ee67a86b9fd,35d06fce2df446569702778e2250bd82,99a52c93a3304ec18dab9206f98f2a8b
4aa0e4f3efc14a9ea0bce80841eb621b,13e659415ac84c7a81fc769111d43417,c3502ff31ce6459a96164c934f297562,ba8d0208e32e42969bd4349cf24f6ed1,cf7476d6c96b4dcdb6f025b9291eb62b,23a16d69ffe848d593a4808907d8aa98,daed5458403e49e3aea72f4bcc6dd224,4a6eba10a02a4ecdbb6b25e8651c3789,cffbff4deb374fcf850c679899c6e3f8,beccee3a988f48c1ad207e2380766fa4,0ecfdd96e0054841883acba75e83b232
497a54d4f7074270862214aee7e64871,8dfe01febd46475ab5aef97033716ce1,daed5458403e49e3aea72f4bcc6dd224,6bde760ad5d4485db9889b1bdc074005,6ea31a945d494834a3d243f1f90af02a,eabdd2813a954f9aa01f0eb8212ee387,d695b7afdc3841a28a56df578e56afce,b77d8b7bb0114c379139d280a9210e83,57430214baf045cb92fa3b3b70a4ca3f,15b7b988bba143989cfd98d5c6c4d203,2639b6540bda414f8a9baa3b5cdb612a
1916331efe4549b3be624c41a1538927,daed5458403e49e3aea72f4bcc6dd224,8dfe01febd46475ab5aef97033716ce1,6ea31a945d494834a3d243f1f90af02a,b77d8b7bb0114c379139d280a9210e83,ff51ca928cd54f4da620c27983e221f8,1f3cf50fe1f947d8a56e02ebca441c4c,e8f18e4bdf054390a1768978dca8e430,67dd23cfd20f46dc82acc82c108a1dc6,9c69642fab6749848e7ea7f5406a6da4,6c874292dbcc49ff8bb8bbe5643593a5
5ac53d8e26eb4e318f26ab79a0321759,daed5458403e49e3aea72f4bcc6dd224,6ea31a945d494834a3d243f1f90af02a,1f3cf50fe1f947d8a56e02ebca441c4c,8dfe01febd46475ab5aef97033716ce1,3675c688960a4f3b9f82c4ccf4049e93,8d595c7da42545c88052e7b213b6c97c,41e657daa20545a588584578bdb4101c,3aaea7fa41fd43cdb88f8ef59062c5df,f1c9c5051bdd4a11a064260bbb9d6d7b,c36ef11228124c438ed3256c9822b03d
80c9830759ea407a88a5484659289f5d,f1c9c5051bdd4a11a064260bbb9d6d7b,f3fddb55448a46778b5d807642cceb71,714e47cd21e5416f864a4bc938850a72,f12e9e5805534d719f829332d1ea5d29,d695b7afdc3841a28a56df578e56afce,e12ad1ce8e7940a999b9a4f91a95fab7,87fc1d6a57ea488786caaec8599c3b8b,9452a2f21f7d4feeb2605d9b6647fc13,c4b9d7a8d5d342459d2282589b3af293,a7077a82d2c74518b96fb45e35f6e150
6d337f44e61147928e64eab798fe3328,f1c9c5051bdd4a11a064260bbb9d6d7b,d695b7afdc3841a28a56df578e56afce,9452a2f21f7d4feeb2605d9b6647fc13,f12e9e5805534d719f829332d1ea5d29,714e47cd21e5416f864a4bc938850a72,cffbff4deb374fcf850c679899c6e3f8,87fc1d6a57ea488786caaec8599c3b8b,a7077a82d2c74518b96fb45e35f6e150,797cc520b8c94d9bbef187818ab51647,e12ad1ce8e7940a999b9a4f91a95fab7
0cdbb3c4d2ac4c828901f6bd0a6a2b2f,434551fdf9e443ed91679a9557ae6fd5,6732de8994744decbb3306c74aaa7882,1e376f9d0945477983c8d851e4b2cf5e,cd6ce920d00e4d17a6cf04f9f7e550b7,01ffceddb5b34406a08bb982b424b3cf,2d812431f07c44f1a56a71c72766e0b0,b6c493a3666c4db193e86c79faf099ab,e2769c67dadd4c988f7ccf249a998a56,b90d74e80c37486eaee89b6fbab13671,cb32ec9a538a4c0f8462771946ced93b
5f108ee31ee841e0a7a9c47cc18206be,4254f6eaaed746bea797c3522036fc12,65e52d14d4d64d4fbad3de6ad319e745,f65b6fb5b40a49d1896de7a115469d40,d8b3ad3b5c4e474db41a671ab286424f,243dbbcdc67c42bfa6f32c47477adf6d,7ee65b33f8f44852ada468b1fed83433,e429a2e164a24919a12edcc8d4ea8f09,d87bd2402bef4672be17b62cec113ba8,7e8a4a43e2f84dbb88e41cb24b3fe79f,01ffceddb5b34406a08bb982b424b3cf
747ff46c283a4c069b67ffbf8e5a07cb,434551fdf9e443ed91679a9557ae6fd5,73f684f538ea452cbb4fbecc2e8126a4,b425f33c33ad4be89a12da266d131a86,eafb3480db704d7baa8216ce857d1610,ee7c00877ae64dac87123a3d75251530,77ce0587a12b46bab8814225ba86753e,6c874292dbcc49ff8bb8bbe5643593a5,a865b8d581b44104afe7c8508e3486f5,71c1a8479b194efca65b44fb7f327afb,cb32ec9a538a4c0f8462771946ced93b
8f0d666c50404645b13bfe3e66f42211,b90d74e80c37486eaee89b6fbab13671,503d2f067a8a4f5798b1c64b07ab0bc5,64fc9fe3c8d5424ebc005e5cf4a608db,82d68ea370f8451aa16ea08f4601245c,a9573f188204436090fb4a5240e4eccd,ffc5805e29a74be0a55b40318aa321d7,095ac293b64a4a58b1b3d3f71453a267,5537ddec608a4ec586ea068fa27547ca,24c55bb5cd694770ba895c7401da2ba5,d0b6e9c1cc5341faba9e03c17767bc2e
6ebcf08b1bfb414a81cb644955467ddc,b90d74e80c37486eaee89b6fbab13671,82d68ea370f8451aa16ea08f4601245c,9094e936e13641cc9bfcc7dc1408d86e,a9573f188204436090fb4a5240e4eccd,503d2f067a8a4f5798b1c64b07ab0bc5,796eade2ee4f466781d9f6669db43e48,095ac293b64a4a58b1b3d3f71453a267,24c55bb5cd694770ba895c7401da2ba5,d0b6e9c1cc5341faba9e03c17767bc2e,78809cb3c6b841a9b8b132133dd6bb96
ba3cf143599441c69bb6e84716c550c1,3cb231e1167e45f9bf5771a4e0074092,f37d285ad0de42f0b1546d0d1acfb221,e53dd6188816429ab915de6f9649a026,a9d82bb43410405ca21b44a5e82e22b6,5cf392f15360460bae6a6b0182bb99b9,1aef014473b84ef9a0f799114fe516c9,1f3cf50fe1f947d8a56e02ebca441c4c,476ce3ffff564a5aa985808e7d2cab17,938147b72e9540da8513910871e0830a,ef8c056ecb524439a48c881089537951
f9c6d687d22445a3a42bb5ef26f1efb1,4d0a737f396d4a95808085bd1306746c,07958f43551e459eb30638b632e3cd64,039f8e63b273472d8f1d99d9a5de5cf5,e12ad1ce8e7940a999b9a4f91a95fab7,8ebbcf8e4e6f400ba1839e9d75806274,71d4b4036e594d7399506e6fd9b88063,fc430b7683934be2aba12468b2409bb8,097f2ce3b88c4d008488b9908076497e,b675be39e8ff421aa59811f146da945b,636c21e19a5845e1b8d69a5fca928030
55ff335679e94c7e9136c35ec45ffe08,aedd476072b345e9be46ebd7260e93a6,f6061b71031b4ddb9384f86c103690a4,e12ad1ce8e7940a999b9a4f91a95fab7,99dbf0cd0c6343ffbcf97f04efc4143c,521004289ebc4e6da6623381d40a5e73,6ea31a945d494834a3d243f1f90af02a,71d4b4036e594d7399506e6fd9b88063,f1c9c5051bdd4a11a064260bbb9d6d7b,4d0a737f396d4a95808085bd1306746c,7e190e3c05d74e6b9f103e39142c1684
2d18983b2c08444f9c28b8ff9d211b4b,4d0a737f396d4a95808085bd1306746c,07958f43551e459eb30638b632e3cd64,812a1568c77d46e695f8eb7357e24a0e,097f2ce3b88c4d008488b9908076497e,e12ad1ce8e7940a999b9a4f91a95fab7,b675be39e8ff421aa59811f146da945b,8ebbcf8e4e6f400ba1839e9d75806274,99a52c93a3304ec18dab9206f98f2a8b,75bf181ea5dc490e95d364a5f5c7af1d,84581d81d46d44bc99ffb8f871646a7a
3ffce0f5b295425b9e8dcac59218f776,aedd476072b345e9be46ebd7260e93a6,f6061b71031b4ddb9384f86c103690a4,99dbf0cd0c6343ffbcf97f04efc4143c,2070754bb5dd4a248be9c2a6a1a9d381,403835bbf2f1447188bcc78e062b0028,71d4b4036e594d7399506e6fd9b88063,b277101390e1465685ef79bf3519f8d7,9c69642fab6749848e7ea7f5406a6da4,a94cb58f1ca8456b96e39b5b1ebfb7ea,e12ad1ce8e7940a999b9a4f91a95fab7
d8a7ca9c214246edb53a05f963f18ae2,7fe9e665bf41491c9788941aa2894a10,f37d285ad0de42f0b1546d0d1acfb221,3cb231e1167e45f9bf5771a4e0074092,23a16d69ffe848d593a4808907d8aa98,d25e6f2fc8154dd7816f8f7a41bee12b,514537782f6549c488a1b932939b4128,dee9eddb2eac41bfaf36d3279d43674a,d445ccdb4cda497e9f0343a3298022d2,bcfa4a4177d44d8b8cda17b7a23196b0,34b736136487439389c10cc6bd4e9f4e
57062952f9e74d028985df841b24f285,d25e6f2fc8154dd7816f8f7a41bee12b,bf789f42ccfc42c5a330a3f6e30ddb83,7fe9e665bf41491c9788941aa2894a10,02e1d712f37e428c998f72e7a7eeb1e6,1a842f077119475794cc2de48e154374,db13ed5446be46269dff3de3c1bf2660,1c2b01416e3943e3b3c575e53c3f1d16,0f785440b29548e1a1968868262fd42e,b3a022950e444682a113cec5a0537f6a,d9096650c434432c871effeca9acd5c6
5d12bfa69be74f498b42610ff9736913,d25e6f2fc8154dd7816f8f7a41bee12b,bf789f42ccfc42c5a330a3f6e30ddb83,7fe9e665bf41491c9788941aa2894a10,02e1d712f37e428c998f72e7a7eeb1e6,2b039224b54142d185a406b31fe01de2,b3a022950e444682a113cec5a0537f6a,f37d285ad0de42f0b1546d0d1acfb221,9452a2f21f7d4feeb2605d9b6647fc13,597aab8bb15240f89fd1b24a8e38258d,bcfa4a4177d44d8b8cda17b7a23196b0
1ac8ca7603544075954a8714e1990e7f,7fe9e665bf41491c9788941aa2894a10,f37d285ad0de42f0b1546d0d1acfb221,97959d02a64f4a3fbbebe7cbece6c012,34b736136487439389c10cc6bd4e9f4e,52ee59901f3b4de884d7a6720538aed6,0568345606fa4a2c84ed4ea6c74639ee,23a16d69ffe848d593a4808907d8aa98,d25e6f2fc8154dd7816f8f7a41bee12b,bcfa4a4177d44d8b8cda17b7a23196b0,3cb231e1167e45f9bf5771a4e0074092
5c82142a41eb4fa7a6f77361c5865f55,714e47cd21e5416f864a4bc938850a72,d695b7afdc3841a28a56df578e56afce,a7077a82d2c74518b96fb45e35f6e150,f1c9c5051bdd4a11a064260bbb9d6d7b,f12e9e5805534d719f829332d1ea5d29,ccb62901750b4d13a922fc161b607f83,6866efc8987a4ec8b04b7abd28fb5777,eeca68825e2a4bbdaa5ae962998fc33b,b585a2970e9f421da236241f603883f2,87fc1d6a57ea488786caaec8599c3b8b
7c97ff590ca246898e57f4f75c6d9880,714e47cd21e5416f864a4bc938850a72,a7077a82d2c74518b96fb45e35f6e150,d695b7afdc3841a28a56df578e56afce,f1c9c5051bdd4a11a064260bbb9d6d7b,6866efc8987a4ec8b04b7abd28fb5777,ccb62901750b4d13a922fc161b607f83,f12e9e5805534d719f829332d1ea5d29,4d0a737f396d4a95808085bd1306746c,415641aa43724ed9bc4710302b77edc3,7226603f024c45c6a6e44b00e52e8aad
b439e61143bb452198ea7179e6153565,a7077a82d2c74518b96fb45e35f6e150,f1c9c5051bdd4a11a064260bbb9d6d7b,d695b7afdc3841a28a56df578e56afce,797cc520b8c94d9bbef187818ab51647,6866efc8987a4ec8b04b7abd28fb5777,714e47cd21e5416f864a4bc938850a72,d2a03ea4b2d3439ca3dc6fe056ab0f04,87fc1d6a57ea488786caaec8599c3b8b,ccb62901750b4d13a922fc161b607f83,e12ad1ce8e7940a999b9a4f91a95fab7
fd60a3efb7074ef7b1e3aaf40201c970,a7077a82d2c74518b96fb45e35f6e150,d695b7afdc3841a28a56df578e56afce,f1c9c5051bdd4a11a064260bbb9d6d7b,714e47cd21e5416f864a4bc938850a72,797cc520b8c94d9bbef187818ab51647,d2a03ea4b2d3439ca3dc6fe056ab0f04,87fc1d6a57ea488786caaec8599c3b8b,ccb62901750b4d13a922fc161b607f83,6866efc8987a4ec8b04b7abd28fb5777,44f41e6e6faa4facb0bb9a72205229f8
74279677b01649fe9c9330832c44e188,0daf8d5687b54d158f7f752884c42334,0accd1d0138b49049d437c0d9b1c23c3,2f0401170d104b47b0a8f087f69dee88,65e30dd62cfa4dccb9ea4d908a9d6fab,092cb872c8724c7681c50da9c6cfa252,da61e0de396149208c9ebd0fd6d7415d,bbdf9065122d499d9d8f80ad3e0ef6f3,878e5c41be5c477e9f660ca361fdd727,57bcda73abab44ee930b20cdaee9d24b,be9e713988ba4bbba869885cad419259
76f1a57141c141cf8c82961ec4686a1c,bbdf9065122d499d9d8f80ad3e0ef6f3,0daf8d5687b54d158f7f752884c42334,8889c114b071429cbe2418f5b0f2024b,66690895454847fea5a000202fbfab2e,0accd1d0138b49049d437c0d9b1c23c3,c713a0ca69864ee7b240069c98dc44dc,2d43cf91509846e29ab4febd7781919f,119a6d7b4af3458b951fc1c5ab5e1738,be9e713988ba4bbba869885cad419259,092cb872c8724c7681c50da9c6cfa252
9fb4debf99ee489098c330310de8b65d,0daf8d5687b54d158f7f752884c42334,2f0401170d104b47b0a8f087f69dee88,bbdf9065122d499d9d8f80ad3e0ef6f3,092cb872c8724c7681c50da9c6cfa252,be9e713988ba4bbba869885cad419259,2d43cf91509846e29ab4febd7781919f,42805d29975b400ea7c570fc45ec4938,0accd1d0138b49049d437c0d9b1c23c3,cb550e5ff4694fe9a19eaa6588cef250,910827a15eac4e4b9005d8e46ad71f6e
22afc0397a0a4324acedfe7a1e698dc5,bbdf9065122d499d9d8f80ad3e0ef6f3,0daf8d5687b54d158f7f752884c42334,60e87368fe334a92b57088b03cccbfc1,4422777ed51142a99aacf05f446cfea1,a5d5fb459a1844088e93ae557ab34afe,8889c114b071429cbe2418f5b0f2024b,0accd1d0138b49049d437c0d9b1c23c3,092cb872c8724c7681c50da9c6cfa252,e7ee85dd47ca43eeb2fdcd70b802f0ec,da61e0de396149208c9ebd0fd6d7415d
8bb786e1ae9e46dbb6ebe4f36bb30022,fc430b7683934be2aba12468b2409bb8,e8927e14983a43da900edd926dd35adb,f92d16d3a970487094292439c3e00923,636c21e19a5845e1b8d69a5fca928030,27a0d24dc1e14b28a1f18456b29c93f1,514537782f6549c488a1b932939b4128,ccb62901750b4d13a922fc161b607f83,7ee65b33f8f44852ada468b1fed83433,8c7c9eaae41a44a3a4ebe39ce167d300,77ce0587a12b46bab8814225ba86753e
afdec97feacc44a4b83541c2e0c7a33e,fc430b7683934be2aba12468b2409bb8,bcfa4a4177d44d8b8cda17b7a23196b0,f92d16d3a970487094292439c3e00923,e8927e14983a43da900edd926dd35adb,2c82919b038847fabbf5d13ca5ac55a7,b98519f97e424c1389f5553f0869b15a,27a0d24dc1e14b28a1f18456b29c93f1,e7ee85dd47ca43eeb2fdcd70b802f0ec,60e87368fe334a92b57088b03cccbfc1,77ce0587a12b46bab8814225ba86753e
8756904ecec04706890eb72f81305ad8,dbb3fe11ad004895b302a84e7c066fcc,db69f22fe72246ea85d33991961a649a,54e9bbd0093947a3bda5fef48ef7493d,4c36aafaf38f4e9e9e09991737196fe1,85d4175b563d48e5bc6a991b23662f24,27a0d24dc1e14b28a1f18456b29c93f1,b6da55bea1244cf0a753b258420946b2,8ebbcf8e4e6f400ba1839e9d75806274,8350ea8cd6514c2c8d7b625abe7e895b,da88fa5efc674368b593444ca950dff9
8b8151048f8d4951a310c33c9a5d2c43,fc430b7683934be2aba12468b2409bb8,27a0d24dc1e14b28a1f18456b29c93f1,e7ee85dd47ca43eeb2fdcd70b802f0ec,60e87368fe334a92b57088b03cccbfc1,bcfa4a4177d44d8b8cda17b7a23196b0,57bcda73abab44ee930b20cdaee9d24b,0d0973762130427eaa2ce9a7a34517db,d87e5facd03b45f9829e8a1cd0fe0190,eb21a4e2b7bd43efbdf0c365415e7fef,f4474150010f4021a4620372062f3797
ef2a80861fc14e18ab15656a8a125c8c,b00b2395b49949508fade89bb3eac98b,8c674a7b65e24114a45dd3c861a7ccfc,3aaea7fa41fd43cdb88f8ef59062c5df,00fb3a55134242769182c520d55681a2,64e74af099b0485f8b6e71ac73aa2cb8,764b8280445d4023aecaa53cf7758932,9948a890ef25479e834f70944cb42eae,fadf133e0e684a24ac79b5fa9515bac2,e86a0aae846a4e44bf967ab4972c977c,452d645d5bf4485185e996dcec9523e5
0df6b8fc44a3430782efcbe10851747b,b00b2395b49949508fade89bb3eac98b,f5a9583711fc4ff4a46e85c24886b234,b3a022950e444682a113cec5a0537f6a,00fb3a55134242769182c520d55681a2,3aaea7fa41fd43cdb88f8ef59062c5df,764b8280445d4023aecaa53cf7758932,fadf133e0e684a24ac79b5fa9515bac2,9948a890ef25479e834f70944cb42eae,8c674a7b65e24114a45dd3c861a7ccfc,64e74af099b0485f8b6e71ac73aa2cb8
de8c81d294194b43ba2dcbc36eff8ff8,dd9e8283197b473d8ffd502561bdaaec,a9d82bb43410405ca21b44a5e82e22b6,04537eabb0434eb2804d1220770b85a0,f65b6fb5b40a49d1896de7a115469d40,105ad424733e4cffa7c474b51e3980aa,4152360a4bea4cbbbfbe45ff3bf7f62b,02e1d712f37e428c998f72e7a7eeb1e6,595e438d2b394bb3a3259f47efd37ae8,2e7836ee5e5144f5b63e6629b969a362,189a3b686ad14c24b5e1a495f76dd239
c28da2f21daf4e57ac46e2bac9595e26,dd9e8283197b473d8ffd502561bdaaec,a9d82bb43410405ca21b44a5e82e22b6,31f80e4c87164e2893375ec7e73b372e,9fd4c00672d84215b3e21812aef3d6ac,37ae696e40dd42ebb4738722daa3c523,7d3d751215194e649a03457226f599d7,3f1c2bb09c4e4400b6ba19542fafce18,c2a665cec90e46db8d2a74389beb4649,ca1a2a6308834baba3140b5ce8f81320,4926607aafe749538c930e108275547e
e12c80d95476447dba9b11c911992609,71d4b4036e594d7399506e6fd9b88063,aedd476072b345e9be46ebd7260e93a6,f6061b71031b4ddb9384f86c103690a4,f532294d68604bc2aa9ad8804a8c6d5f,26869cc099c44c4a86f6043476ab4890,503d2f067a8a4f5798b1c64b07ab0bc5,3cb231e1167e45f9bf5771a4e0074092,5d5baf5ce88b4b529e28ab9c7c114148,0daf8d5687b54d158f7f752884c42334,c235728f290a44d6a5fc2e14111ae02e
7c7d36ea7b1242068efef6a72b998b95,71d4b4036e594d7399506e6fd9b88063,aedd476072b345e9be46ebd7260e93a6,f6061b71031b4ddb9384f86c103690a4,f532294d68604bc2aa9ad8804a8c6d5f,c235728f290a44d6a5fc2e14111ae02e,521004289ebc4e6da6623381d40a5e73,5d5baf5ce88b4b529e28ab9c7c114148,503d2f067a8a4f5798b1c64b07ab0bc5,69ac8397e9624bfd8aee237b9f9ea3b5,0daf8d5687b54d158f7f752884c42334
b6031a4a73c94a459b6d26c1d8829bd0,f532294d68604bc2aa9ad8804a8c6d5f,076e2669c305401fb3afcfafdd6c79c7,71d4b4036e594d7399506e6fd9b88063,75801225047a4c019100660c13f1e0f1,a7077a82d2c74518b96fb45e35f6e150,7f5b658239034d35b7f4cf1c63cb388c,b0236c76ae244fd8aacbea7da10e55ca,5d5baf5ce88b4b529e28ab9c7c114148,1c6bbf19b3d2498696a5baf0f53a0f18,0cdb0f32850f4585a16de4886462bbe0
cade21dad7f74878b910ad5e0060d6e4,f532294d68604bc2aa9ad8804a8c6d5f,75801225047a4c019100660c13f1e0f1,076e2669c305401fb3afcfafdd6c79c7,a7077a82d2c74518b96fb45e35f6e150,0cdb0f32850f4585a16de4886462bbe0,5d5baf5ce88b4b529e28ab9c7c114148,4e22dc65beb7450b9260cf27e50919e4,1c6bbf19b3d2498696a5baf0f53a0f18,e4ee90d625d44a6d9adc138390eef0f8,71d4b4036e594d7399506e6fd9b88063
21354b108cee4d5a8ea7b2d1459410d3,8c5f38853679436ba434b6a696e43168,1d93c07de74c482ebf0a76ec564c3252,fc70a4c2c4834e0eba1a14470f563b03,13aca0959cc948cabeee0d7255f55a65,b01fd4d037a84a7aa777e1fc345c73c5,afac6ae28fac41dabae96696990c5555,8ad1f345ca194b29bde0a924f27b2de5,b2b22c673e554db39c8acdbe42687a6d,887e323cc38f4cf8adc5970617f1c286,1c6bbf19b3d2498696a5baf0f53a0f18
e5265fd04dc84392b38bfe8ab07708b7,8c5f38853679436ba434b6a696e43168,fc70a4c2c4834e0eba1a14470f563b03,1d93c07de74c482ebf0a76ec564c3252,b01fd4d037a84a7aa777e1fc345c73c5,887e323cc38f4cf8adc5970617f1c286,91f0da6d71574ababd8e868bddec9310,86179aff3df24ff59b11e9a34974a3f4,afac6ae28fac41dabae96696990c5555,fe363cef357840fcb35f320fe7c27e4e,116f6c1f0cb54312986a0a729508a33e
abaa87591059401aa7cacf5863a34f32,1a842f077119475794cc2de48e154374,88f796c14d184ecfaa5b0109161db259,7d6cdff8c9ac434196df803628fe9f62,13cda6e8f2d948eeb5508288a172e76f,5e199f7727cc4910ad88dbd81ed1ec82,db2466dc7da64ac5a2a21c20ace67856,bce599075dfd4fac8dd78626106e3071,cd764fbfae774d068af7549c648a02c9,f879b316413f45d2b64bb25e3f45a667,dcfb738ebbc24f09bb680fe3a52b702e
f94a7e7419784d4ebda0ff5f8ef3c9f5,88f796c14d184ecfaa5b0109161db259,1a842f077119475794cc2de48e154374,00e9d4081c2f45d1a818bfeab099863a,022e16490d1949b9ab2fc1de5a837031,acbf8eae7e064c11bab7adf66f216990,7d6cdff8c9ac434196df803628fe9f62,f2ef424352f14dda92691047ee9f15fa,db2466dc7da64ac5a2a21c20ace67856,9db7d32d79024ba6a73c55fde6f55968,d60986f4025d443ea58adba0e3d224a1
cecbc55e0fe942e186be8064a4ad80bf,1a842f077119475794cc2de48e154374,88f796c14d184ecfaa5b0109161db259,7d6cdff8c9ac434196df803628fe9f62,13cda6e8f2d948eeb5508288a172e76f,cd764fbfae774d068af7549c648a02c9,d25e6f2fc8154dd7816f8f7a41bee12b,b2b22c673e554db39c8acdbe42687a6d,0bd1cce9370a461089e25393086800a8,f59a3ee5387440d981754b6595e8664c,1e376f9d0945477983c8d851e4b2cf5e
80d47a70768e407bb5a1cd495387e011,88f796c14d184ecfaa5b0109161db259,1a842f077119475794cc2de48e154374,7d6cdff8c9ac434196df803628fe9f62,dcfb738ebbc24f09bb680fe3a52b702e,f879b316413f45d2b64bb25e3f45a667,5e199f7727cc4910ad88dbd81ed1ec82,597aab8bb15240f89fd1b24a8e38258d,009be1c3430743ff9b054bdfcd6228d6,bf789f42ccfc42c5a330a3f6e30ddb83,9677dd2a3aae457a8079087ce4177e14
d1c3c4008d3a458ca5c2438615c3a113,5e0a2bc284cf4002914ae4e6aaef41e8,3e923b6e3ceb4901b77c9a18729546eb,6dc5832f0ac04df2bd99c6415b3ecf09,f5a9583711fc4ff4a46e85c24886b234,7070715ef90743da8691dd4ad134eb0c,444fa28d9ed54c82a522699041eae592,c4e79c8992e54866b0c6f26c55b1a774,f676e16c6a134bd5a7bbeee4590adcfe,0cc5015848a044b59fa4b290813f859c,da9cfbdf124143b78bec89393dd5287a
86bed733c05f41519f76576710fcce05,5e0a2bc284cf4002914ae4e6aaef41e8,d476be2399b7424a88d242b771c32041,baf841bad27c456c9de7227555ea3ef8,fadf133e0e684a24ac79b5fa9515bac2,29fb30a75c57451a85f310aa6423a662,bc607fd6000b43108e49b3d05688fe90,3138244ae91040948d5bd6772e4075ea,3e923b6e3ceb4901b77c9a18729546eb,d7c9dafddaf547159d366dacf7b68a7e,250d411ae270441085be3501b7b55d86
cb1eb8a8b7594957b332dec5dc590436,3e923b6e3ceb4901b77c9a18729546eb,0cc5015848a044b59fa4b290813f859c,d476be2399b7424a88d242b771c32041,5e0a2bc284cf4002914ae4e6aaef41e8,3138244ae91040948d5bd6772e4075ea,98b2022b2cb84af09ee8b789db928b13,89e983dca0a34b768e17b3871b9cea1e,d7c9dafddaf547159d366dacf7b68a7e,44b3bc5953364d72a53edcf9fc4f1fed,29fb30a75c57451a85f310aa6423a662
7dfc06c380304101bd335775988b2fb2,5e0a2bc284cf4002914ae4e6aaef41e8,3e923b6e3ceb4901b77c9a18729546eb,f676e16c6a134bd5a7bbeee4590adcfe,444fa28d9ed54c82a522699041eae592,f5a9583711fc4ff4a46e85c24886b234,cc78a6c92dfe4af49c2bd93f15e4f870,8a464aa9e2ee45d0abc7ae6181cd1bda,da9cfbdf124143b78bec89393dd5287a,de72d25d08da4b03ac6f6411ce30e07c,22d9d5ad33e947fd857c5c4a8b7dfae1
999934829ec2429b967f27b051da6a53,c2b49382e2f34b1c90013236a5fbaef0,268f8ec9f2734029a8e75857db56ccb3,d53fa54d5536463ab0d87648dfc5fd78,4152360a4bea4cbbbfbe45ff3bf7f62b,632cc2bc04034dd4848855fe6497262d,c756409435634fc48c643a64e73c93ce,11e1e3cdfe214385a2c24d0f957dde9b,174581fc299840e18e827432c0cce4dc,597aab8bb15240f89fd1b24a8e38258d,c36ef11228124c438ed3256c9822b03d
ed4102db144043b6952d6cb9acdcc007,022e16490d1949b9ab2fc1de5a837031,7c061d36393540b49e20d98086bdb5bd,f439b5616ba24b7f82eccfa095a0eff8,5455e62f52ae4e03b2a5d0e8b9899506,0f785440b29548e1a1968868262fd42e,599feb1e512c43ad8c0a1845922acf78,009be1c3430743ff9b054bdfcd6228d6,e7ee85dd47ca43eeb2fdcd70b802f0ec,6400e3f6a14c492ba399bd414faca075,86179aff3df24ff59b11e9a34974a3f4
0020ab6d2078440b870ebf4a01c0351f,022e16490d1949b9ab2fc1de5a837031,f439b5616ba24b7f82eccfa095a0eff8,7c061d36393540b49e20d98086bdb5bd,009be1c3430743ff9b054bdfcd6228d6,5455e62f52ae4e03b2a5d0e8b9899506,f464960d2dbc43c0970c60600bd7f1cd,0f785440b29548e1a1968868262fd42e,86179aff3df24ff59b11e9a34974a3f4,133bfbe9a7c741fcb638ecf1b0088213,ef60b54aa4b5490890da32d0bb8c9cbf
d3fc0aaff9224a678bb3210f1e8767ea,7c061d36393540b49e20d98086bdb5bd,022e16490d1949b9ab2fc1de5a837031,0228b1e9e3244da3a727930123ba7bda,714e47cd21e5416f864a4bc938850a72,a94cb58f1ca8456b96e39b5b1ebfb7ea,6c79712e67b54dd0a11d426a91207939,59f62d35b1ad451397b700b3dad25448,521004289ebc4e6da6623381d40a5e73,9aca522158f443fd8a9caaec38ae5e2c,77d8e01a914d4f4a8b87d407e0d741aa
8b37e7b8f87749c48d81e99c8d376700,7c061d36393540b49e20d98086bdb5bd,022e16490d1949b9ab2fc1de5a837031,0228b1e9e3244da3a727930123ba7bda,6c79712e67b54dd0a11d426a91207939,9aca522158f443fd8a9caaec38ae5e2c,521004289ebc4e6da6623381d40a5e73,a94cb58f1ca8456b96e39b5b1ebfb7ea,5abf57d57d84440e94d0d2e2ffb37575,f4474150010f4021a4620372062f3797,00e9d4081c2f45d1a818bfeab099863a
2e9248c10d1044a2a090d3fa4aa29fe5,91f9f8576e5142a49926bd623b0bc19c,6c6de17135be4f8c9423be633eaefcd4,f8856799293e49feab6368e794eb8b00,8c674a7b65e24114a45dd3c861a7ccfc,43ee0103cba54b4e9d165717735ca0f6,e53dd6188816429ab915de6f9649a026,67984873125e4a0f9562179c906d1b0f,e834bfbd30b247e899f0dc029ab9f072,189a3b686ad14c24b5e1a495f76dd239,f879b316413f45d2b64bb25e3f45a667
8d4f78a13e3e4f569761273ba212d220,a9573f188204436090fb4a5240e4eccd,938147b72e9540da8513910871e0830a,43ee0103cba54b4e9d165717735ca0f6,7e190e3c05d74e6b9f103e39142c1684,82d68ea370f8451aa16ea08f4601245c,babbeca1f6a244a2a11ea77a3855e70f,503d2f067a8a4f5798b1c64b07ab0bc5,52ee59901f3b4de884d7a6720538aed6,8dfe01febd46475ab5aef97033716ce1,29088685e31a4d86b60b514e98117361
5487b0f31d2343fea0caab9f145c7a40,7fe9e665bf41491c9788941aa2894a10,f879b316413f45d2b64bb25e3f45a667,3cb231e1167e45f9bf5771a4e0074092,938147b72e9540da8513910871e0830a,cb75c6ef71cb4991805920f2894e0e96,119a6d7b4af3458b951fc1c5ab5e1738,9452a2f21f7d4feeb2605d9b6647fc13,fa190e42ce5a47c99bcaa76138dbc615,8a9dc60359ba49cd8ac170cfb4ac3913,b52468fc0af2435f9ba91939f72bbf6a
678907f3b26242c9b3555311ee9dbf79,91f9f8576e5142a49926bd623b0bc19c,f8856799293e49feab6368e794eb8b00,6c6de17135be4f8c9423be633eaefcd4,189a3b686ad14c24b5e1a495f76dd239,41047823f2cb4194ba1e0709443c719a,8c674a7b65e24114a45dd3c861a7ccfc,ec07b4e88bea4086a5eafed96d81edb5,54e9bbd0093947a3bda5fef48ef7493d,d7618b61a65a4bc1a0d0f2cc1bddc448,99ba4cc9355f4d79a68bc69ac12a716f
e69d128634c04bf0aebd7c02e123f5f6,119a6d7b4af3458b951fc1c5ab5e1738,c4b9d7a8d5d342459d2282589b3af293,e429a2e164a24919a12edcc8d4ea8f09,c74557a980e2428a9ffcc245278df692,34b736136487439389c10cc6bd4e9f4e,61d2391e8bc548b6bfa08f1ef2a0c47a,10b152bdafe94db8a93f7c374226a071,5be48a6bc26044f2a2e4e9b6a223c319,ff276acede2f4c14876ef47257758ae8,3f28365e18244eb28cc7d23de8895956
2b8cd6d21f1d45bb8ae377278a33d5c6,91f9f8576e5142a49926bd623b0bc19c,5b588e34588940788a22036b775ecc2f,babbeca1f6a244a2a11ea77a3855e70f,eee7f32249c5452ea36c8ed3a3540010,6fc7a2cf0684475a82f6ff9be2c8e850,29088685e31a4d86b60b514e98117361,189a3b686ad14c24b5e1a495f76dd239,f8856799293e49feab6368e794eb8b00,bdb0d45caa2a4943959f8f501e51132b,c66c6f1449d44728a2ef72de53dd6d5e
73fbb300f6aa425590b0e4d909f7a1ae,119a6d7b4af3458b951fc1c5ab5e1738,29088685e31a4d86b60b514e98117361,c4b9d7a8d5d342459d2282589b3af293,90b560de76b149c09c7cd6efb3f12cfd,938147b72e9540da8513910871e0830a,415641aa43724ed9bc4710302b77edc3,910827a15eac4e4b9005d8e46ad71f6e,34b736136487439389c10cc6bd4e9f4e,e429a2e164a24919a12edcc8d4ea8f09,5537ddec608a4ec586ea068fa27547ca
9d66c66d77b74f5da8cab53f98ae38b0,91f9f8576e5142a49926bd623b0bc19c,5b588e34588940788a22036b775ecc2f,babbeca1f6a244a2a11ea77a3855e70f,29088685e31a4d86b60b514e98117361,6fc7a2cf0684475a82f6ff9be2c8e850,72a7e2ce22d045efbdbbab9c68f5d026,f8856799293e49feab6368e794eb8b00,eee7f32249c5452ea36c8ed3a3540010,a9573f188204436090fb4a5240e4eccd,21019944fc2c4838a682a6dcdc62c4ef
56efccc089ce469697f14a0e2751fe90,be8953cc364d46cebbcc2c2da2c348ab,e06d08ff594a4acbac12edf579743fcf,6b7b5d28293d4a5a8075f7f7dd231ddb,0cdb0f32850f4585a16de4886462bbe0,7584980704ae4617bb27ca162cc9c5db,4e4495962a9b4864882397042f1a2b3e,051d304b7139431fb3bff19b4e75aff7,5e44915237fc4445b54b037e1c4e29a4,0c889c151e094b948c13b0275e660a9c,403835bbf2f1447188bcc78e062b0028
e31088791958477299febc77d6975d33,7584980704ae4617bb27ca162cc9c5db,be8953cc364d46cebbcc2c2da2c348ab,5e44915237fc4445b54b037e1c4e29a4,6b7b5d28293d4a5a8075f7f7dd231ddb,d2a03ea4b2d3439ca3dc6fe056ab0f04,4e4495962a9b4864882397042f1a2b3e,051d304b7139431fb3bff19b4e75aff7,f335a944a27a4504a82ecf70c2d4a5e4,0c889c151e094b948c13b0275e660a9c,9677dd2a3aae457a8079087ce4177e14
8dfe042169ed4a25b339fab1a8f0f16d,7584980704ae4617bb27ca162cc9c5db,5e44915237fc4445b54b037e1c4e29a4,be8953cc364d46cebbcc2c2da2c348ab,6ae72ad649c54129b992d321f8f29122,0c889c151e094b948c13b0275e660a9c,d2a03ea4b2d3439ca3dc6fe056ab0f04,8987ceafff324f9599b842542e37eddd,6b7b5d28293d4a5a8075f7f7dd231ddb,664da77d25e74df693eaad44a5e7617f,ca5add3cbf044a95a5bec88a5841ce98
724bf6d6ea0d432996a6179d83a8742f,be8953cc364d46cebbcc2c2da2c348ab,e06d08ff594a4acbac12edf579743fcf,6b7b5d28293d4a5a8075f7f7dd231ddb,7584980704ae4617bb27ca162cc9c5db,0cdb0f32850f4585a16de4886462bbe0,4e4495962a9b4864882397042f1a2b3e,2070754bb5dd4a248be9c2a6a1a9d381,403835bbf2f1447188bcc78e062b0028,f335a944a27a4504a82ecf70c2d4a5e4,8987ceafff324f9599b842542e37eddd
5110e733136c4f9e9e3e0388147c41d3,bfd1d441da734aad88cfacdab3ee4059,ec4820b018a04967a457a9c032a51dc6,384f94503bcd4f4c863056ad69f45b43,2b3ecf8be2b242f3b8a1e714390749fb,e7ee85dd47ca43eeb2fdcd70b802f0ec,eeb3b60f34af40de850e065b475d8180,4e4495962a9b4864882397042f1a2b3e,a4af9472683c4df0a86f9400c99c2b61,a5d5fb459a1844088e93ae557ab34afe,f92d16d3a970487094292439c3e00923
d627c1b3e1d84eaf95b43f0b19887946,bfd1d441da734aad88cfacdab3ee4059,a4af9472683c4df0a86f9400c99c2b61,e2e0c8c96aff4c00896ac6986bbb20c2,e7ee85dd47ca43eeb2fdcd70b802f0ec,eeb3b60f34af40de850e065b475d8180,0daf8d5687b54d158f7f752884c42334,f92d16d3a970487094292439c3e00923,4e4495962a9b4864882397042f1a2b3e,092cb872c8724c7681c50da9c6cfa252,384f94503bcd4f4c863056ad69f45b43
62f80659cc834d849c6c533c0376e039,1ade4365590a4ac7865100d8c791e340,14f4db886cca4104877ac7d1d7a64133,4a7fa5a1bafe4b6995e2920444ac07c4,45e440d874a54bb591862ff441114cd3,ef511457ee7c490c8e10eccf6e18fef6,00e9d4081c2f45d1a818bfeab099863a,26b18153216b48d793b75598ddb54d77,50a2129b83404b94889a01f4688ebafd,022e16490d1949b9ab2fc1de5a837031,0eb119aabc884795a4768c6d3e677ea1
ed92bb218d234e48ac3d86b2aa76aab3,1ade4365590a4ac7865100d8c791e340,45e440d874a54bb591862ff441114cd3,14f4db886cca4104877ac7d1d7a64133,86179aff3df24ff59b11e9a34974a3f4,408ae6a767874fc782467ec2f054ad15,673aee19895b4d339ada93213d8874ac,8c5f38853679436ba434b6a696e43168,ee337b5c1ef3431e9c120250bfec4cac,afac6ae28fac41dabae96696990c5555,db69f22fe72246ea85d33991961a649a
ff83f47b54ea45f188b7e4f0e1004b41,910827a15eac4e4b9005d8e46ad71f6e,9dd98c9126c44642a20711729f2e731e,ee7c00877ae64dac87123a3d75251530,b23a9c50eada4286a4f7ce8668b92db1,4254f6eaaed746bea797c3522036fc12,42b6af4853fc465f83ec054f8f8289a4,cb32ec9a538a4c0f8462771946ced93b,7359a1cc20d54f96aeea121d7247b88d,3c0f3b44c0844df49b5898406fe9195a,570f08ce2a1a47978eab16bf7ad16a68
994020e88b914429981fbfe2cfa5e565,910827a15eac4e4b9005d8e46ad71f6e,1393dac7d34b4c34b1a8091a5bea3663,033f1514c78b49dd82148b94f6bcbeba,3f28365e18244eb28cc7d23de8895956,a865b8d581b44104afe7c8508e3486f5,ee7c00877ae64dac87123a3d75251530,61d2391e8bc548b6bfa08f1ef2a0c47a,cc78a6c92dfe4af49c2bd93f15e4f870,bc13c2b0221744a29a8ddf56aa015df9,ac5a760b45c146ec840193371cfb2d30
be1d69a178cf4f6eb0dd17f1c8ddaeec,a865b8d581b44104afe7c8508e3486f5,73f684f538ea452cbb4fbecc2e8126a4,b5f237fefb38465bb6a068c9cf75ba31,812a1568c77d46e695f8eb7357e24a0e,b8da01ceddcb45a491a288ddbc658e90,033f1514c78b49dd82148b94f6bcbeba,1393dac7d34b4c34b1a8091a5bea3663,41047823f2cb4194ba1e0709443c719a,b6c493a3666c4db193e86c79faf099ab,e86a0aae846a4e44bf967ab4972c977c
95430a01e9424f2fb85d7c054d48b095,a865b8d581b44104afe7c8508e3486f5,73f684f538ea452cbb4fbecc2e8126a4,033f1514c78b49dd82148b94f6bcbeba,812a1568c77d46e695f8eb7357e24a0e,1393dac7d34b4c34b1a8091a5bea3663,1e376f9d0945477983c8d851e4b2cf5e,b8da01ceddcb45a491a288ddbc658e90,b00b2395b49949508fade89bb3eac98b,ca0fe2dd97434e2ca7aecc38d4f1fcd9,29fb30a75c57451a85f310aa6423a662
2a4d82a3bc464739aa7001ddadab5941,82d68ea370f8451aa16ea08f4601245c,26869cc099c44c4a86f6043476ab4890,5537ddec608a4ec586ea068fa27547ca,8dfe01febd46475ab5aef97033716ce1,d695b7afdc3841a28a56df578e56afce,556743bab70d4b75bafcf192fef95b16,b90d74e80c37486eaee89b6fbab13671,a9573f188204436090fb4a5240e4eccd,2471f23cb9b64d35a72deed09c9c8975,6ea31a945d494834a3d243f1f90af02a
7edf2ee95e36433ab46c330e885c1d39,199647bd1328406c83c5a875154f97d9,c66c6f1449d44728a2ef72de53dd6d5e,ac5a760b45c146ec840193371cfb2d30,74bd120b8f714d03bc9dd1a703fe4d7f,f65c7f50929f431dbf31b441d87616d0,1f3cf50fe1f947d8a56e02ebca441c4c,c750a2994555414790abb3281572bb42,0f52f676197e4d4e92dec0a7bc4c4f7d,0cdb0f32850f4585a16de4886462bbe0,13e659415ac84c7a81fc769111d43417
c471650b1b634a97a2a0fa5c4c193821,82d68ea370f8451aa16ea08f4601245c,26869cc099c44c4a86f6043476ab4890,b90d74e80c37486eaee89b6fbab13671,556743bab70d4b75bafcf192fef95b16,503d2f067a8a4f5798b1c64b07ab0bc5,2471f23cb9b64d35a72deed09c9c8975,a9573f188204436090fb4a5240e4eccd,5537ddec608a4ec586ea068fa27547ca,32aaca2a732f4272b237374d3cdeec90,e79ae27b52fa4d54aa37735fd275c66e
ea67a7776ad641bb96024eb085c8da08,8b4e9e3d234e4eec99a7651e246bbfa3,fb8c2b83e46441c2aaa7c81d3642e2da,0228b1e9e3244da3a727930123ba7bda,521004289ebc4e6da6623381d40a5e73,c2b49382e2f34b1c90013236a5fbaef0,99830b8da7c24f909914f7bb167f3ea6,225818abe99e45a0bf5b0b3ec30db76b,11e1e3cdfe214385a2c24d0f957dde9b,88f796c14d184ecfaa5b0109161db259,78d0265d47df4f4cb7153da919763730
86595c214b4d48e6bf56a1b3d810b7b4,64fc9fe3c8d5424ebc005e5cf4a608db,0bd1cce9370a461089e25393086800a8,3675c688960a4f3b9f82c4ccf4049e93,1004b33e3126472faa78e1929ed974e6,b3a022950e444682a113cec5a0537f6a,98b2022b2cb84af09ee8b789db928b13,e8f18e4bdf054390a1768978dca8e430,fadf133e0e684a24ac79b5fa9515bac2,f5b766ea6abe4b5fb27d49cc3bc06020,b277101390e1465685ef79bf3519f8d7
7e0717d2a2af4dd4ba5e3dd3d3f400a0,64fc9fe3c8d5424ebc005e5cf4a608db,0bd1cce9370a461089e25393086800a8,1004b33e3126472faa78e1929ed974e6,f5b766ea6abe4b5fb27d49cc3bc06020,98b2022b2cb84af09ee8b789db928b13,3675c688960a4f3b9f82c4ccf4049e93,b3a022950e444682a113cec5a0537f6a,e8f18e4bdf054390a1768978dca8e430,b277101390e1465685ef79bf3519f8d7,fadf133e0e684a24ac79b5fa9515bac2
5192a81fd8094f908c353ed7b3066200,fb8c2b83e46441c2aaa7c81d3642e2da,78d0265d47df4f4cb7153da919763730,df0c94234d9d4890b5b4b95c441b3e9a,6dc5832f0ac04df2bd99c6415b3ecf09,c14e45f5201b4038bdddddb238d888a3,db0c3a952e454b90aa4a68feb6a50e87,174581fc299840e18e827432c0cce4dc,72a7e2ce22d045efbdbbab9c68f5d026,268f8ec9f2734029a8e75857db56ccb3,3356a8a8c6ee4f30bc2b028e360d4471
19526db7bf344d92961055ab7ef1879f,c14e45f5201b4038bdddddb238d888a3,b44645c11ece4326a45f50fdc5d45dcf,511fe9c8b20b4fda94969745238c9474,db0c3a952e454b90aa4a68feb6a50e87,268f8ec9f2734029a8e75857db56ccb3,812a1568c77d46e695f8eb7357e24a0e,bc13c2b0221744a29a8ddf56aa015df9,dee9eddb2eac41bfaf36d3279d43674a,99dbf0cd0c6343ffbcf97f04efc4143c,ec07b4e88bea4086a5eafed96d81edb5
85d7d994d8a648c5a59c2973bb1bc507,75efe5ddef364f49865d9bb283492b48,7f0a68d19d2e4850846ffc08c47ed87d,225818abe99e45a0bf5b0b3ec30db76b,cc243eebbb2b44a581745865a60c423a,ef60b54aa4b5490890da32d0bb8c9cbf,f439b5616ba24b7f82eccfa095a0eff8,ec07b4e88bea4086a5eafed96d81edb5,56272326c7e94e419ea8c69fb634f610,cae139b6e4914ce7b0ef1e68b8b857eb,022e16490d1949b9ab2fc1de5a837031
2103b437c3c1452a96d8e7e1e5e20cc9,32aaca2a732f4272b237374d3cdeec90,33e2a95109e647cbb4ba2687631b169a,26869cc099c44c4a86f6043476ab4890,c14e45f5201b4038bdddddb238d888a3,fadf133e0e684a24ac79b5fa9515bac2,0a2c24dead204be9ae36be358e1223f9,df7ea50171af48df81584ab7e8107d15,c3502ff31ce6459a96164c934f297562,225818abe99e45a0bf5b0b3ec30db76b,dd36cc0867b94d55a43b82c1c9a0e95c
21b1c7bbd46b4c41a0df6625bd007760,32aaca2a732f4272b237374d3cdeec90,3574ab91c29940b3afc62354ae06b73b,c78547bdc2e64ac8935559f7de2efd41,e53dd6188816429ab915de6f9649a026,225818abe99e45a0bf5b0b3ec30db76b,f676e16c6a134bd5a7bbeee4590adcfe,cae139b6e4914ce7b0ef1e68b8b857eb,f9fe93fae6084350b81964d354e2130f,cc243eebbb2b44a581745865a60c423a,2ece45504eff42469c104dc2a2d03caf
16176b85fa7d4eea8ca712599e1d734c,84ff5144597241bba5cbd3d0b21d220d,f439b5616ba24b7f82eccfa095a0eff8,521004289ebc4e6da6623381d40a5e73,0842a796c09b4089933a4f27e4e5e3bc,da88fa5efc674368b593444ca950dff9,022e16490d1949b9ab2fc1de5a837031,b33a0f5b564a4942b04046ab7a8e2aae,f464960d2dbc43c0970c60600bd7f1cd,ca5add3cbf044a95a5bec88a5841ce98,df0c94234d9d4890b5b4b95c441b3e9a
44a899ade12146e4b8343990c9980025,3766b26b53874893ae48693880e1942c,3aa003c1e31b476e999c3a808a1d5dc6,43464ed6733f4642a0b90e7d995a5e40,295d0d40791245ff838c73a2aa27d065,33e2a95109e647cbb4ba2687631b169a,c78547bdc2e64ac8935559f7de2efd41,9500823cb050427696343b1ea5cf8881,521004289ebc4e6da6623381d40a5e73,eabdd2813a954f9aa01f0eb8212ee387,3356a8a8c6ee4f30bc2b028e360d4471
bf6b8d38a56c4b30b5e752bb54b78f62,84ff5144597241bba5cbd3d0b21d220d,7ef653f7e5f64e1b8bba73b9518b87b7,33b5e2ae5ebe4f548bac3a00ab0a59eb,dd77b570036f40de9fdf49011bb9e2d8,44f41e6e6faa4facb0bb9a72205229f8,3c72832689d8406996e80893b719b974,ef60b54aa4b5490890da32d0bb8c9cbf,3b37a4c34b6e4ca89a04da864e141422,3e4a54908dde405294869e30a92a7623,db0c3a952e454b90aa4a68feb6a50e87
b18687f1960d4a13bbb6477d2e14af49,63ba014f9cc747ac87013da6be0ceab9,d43b0f94627d45918e18a80be127aa2c,b2992fe473124dd0b895cf81f59f6db6,99830b8da7c24f909914f7bb167f3ea6,3c0f3b44c0844df49b5898406fe9195a,acbf8eae7e064c11bab7adf66f216990,9aca522158f443fd8a9caaec38ae5e2c,655a618282cd4fa39a26f0967c033f4b,0b57f893483647c3aed811775a4c4c04,1004b33e3126472faa78e1929ed974e6
d40db3ad6f6e4cb6ade7fff2ae8e6902,01930613ce7d4a5f90ccf78d1e92a55d,2c3599a1611644f4908562f8fb8870d3,c3f66637872c4141ab3898296739457d,5455e62f52ae4e03b2a5d0e8b9899506,c2a665cec90e46db8d2a74389beb4649,3b7d56c26da14b3a9b1cd52b5b35891b,3766b26b53874893ae48693880e1942c,c66c6f1449d44728a2ef72de53dd6d5e,6c51b4f57ba0415f994756e944b11cee,7aceed0dbea645b091207f4a53d879f2
14ed0bcfd70f4e29b824ae027aa62fd7,01930613ce7d4a5f90ccf78d1e92a55d,b9228fdb5f0c413d81cffb51829d95c6,3b7d56c26da14b3a9b1cd52b5b35891b,3d3e8565d2f84e0cad5ae622f2909765,097c30a7f39a4a3abf6da2ca80cad3a5,5455e62f52ae4e03b2a5d0e8b9899506,02e1d712f37e428c998f72e7a7eeb1e6,ec07b4e88bea4086a5eafed96d81edb5,74bd120b8f714d03bc9dd1a703fe4d7f,99ba4cc9355f4d79a68bc69ac12a716f
67d233f58d224956a6992019e5ee4e52,26869cc099c44c4a86f6043476ab4890,0c889c151e094b948c13b0275e660a9c,30578712823948b086e3781343982938,d695b7afdc3841a28a56df578e56afce,f1c9c5051bdd4a11a064260bbb9d6d7b,f3fddb55448a46778b5d807642cceb71,23a16d69ffe848d593a4808907d8aa98,9c69642fab6749848e7ea7f5406a6da4,f12e9e5805534d719f829332d1ea5d29,02a3cd76ce534d188b4d5ac4778bd652
a3afbfc200e74247b56879592dfebb6b,26869cc099c44c4a86f6043476ab4890,0c889c151e094b948c13b0275e660a9c,8987ceafff324f9599b842542e37eddd,c713a0ca69864ee7b240069c98dc44dc,d695b7afdc3841a28a56df578e56afce,02a3cd76ce534d188b4d5ac4778bd652,30578712823948b086e3781343982938,0f785440b29548e1a1968868262fd42e,f1c9c5051bdd4a11a064260bbb9d6d7b,7daa434073604cb98a04fefb55468dda
8d7604f278b740d4aeacdb8878c4346c,7e190e3c05d74e6b9f103e39142c1684,ff171f0b29974f78b0e81fee30abdd38,2fcf4a04d3654ffb9a5c1dfa3799e4f0,f464960d2dbc43c0970c60600bd7f1cd,2471f23cb9b64d35a72deed09c9c8975,a7077a82d2c74518b96fb45e35f6e150,43464ed6733f4642a0b90e7d995a5e40,984058b7165d4c6385bec3c94afa9fb2,a94cb58f1ca8456b96e39b5b1ebfb7ea,0f52f676197e4d4e92dec0a7bc4c4f7d
8ec2127576a4485793b9d92153318d43,7e190e3c05d74e6b9f103e39142c1684,ff171f0b29974f78b0e81fee30abdd38,a94cb58f1ca8456b96e39b5b1ebfb7ea,2fcf4a04d3654ffb9a5c1dfa3799e4f0,8dfd98bb97584157b207e1f4be471a8e,984058b7165d4c6385bec3c94afa9fb2,295d0d40791245ff838c73a2aa27d065,8ebbcf8e4e6f400ba1839e9d75806274,97959d02a64f4a3fbbebe7cbece6c012,0f52f676197e4d4e92dec0a7bc4c4f7d
626cb3b50e974ad681234aa162f908dc,097c30a7f39a4a3abf6da2ca80cad3a5,6af17cec494c4373a95865d270a29171,e88ce4cd350f43398a5c0ab8629cee72,da88fa5efc674368b593444ca950dff9,56272326c7e94e419ea8c69fb634f610,19098957d8c24cab95daa30c2baefd8f,beccee3a988f48c1ad207e2380766fa4,de6ac628a786435f9925c8cc1d707d6b,bb5c7d03a54647d08b8c62deeb803271,655a618282cd4fa39a26f0967c033f4b
94f452ef32d5484fb3f57a09817b9f1d,009be1c3430743ff9b054bdfcd6228d6,18ab15fbf00f42f7a410ec75f7592bea,d2a03ea4b2d3439ca3dc6fe056ab0f04,b64cef9df31c4e92a7b7ecd42f74f396,33b5e2ae5ebe4f548bac3a00ab0a59eb,ee337b5c1ef3431e9c120250bfec4cac,bce599075dfd4fac8dd78626106e3071,b0236c76ae244fd8aacbea7da10e55ca,022e16490d1949b9ab2fc1de5a837031,1c2b01416e3943e3b3c575e53c3f1d16
535a28e902f348a580ea213312ceb00c,097c30a7f39a4a3abf6da2ca80cad3a5,56272326c7e94e419ea8c69fb634f610,6af17cec494c4373a95865d270a29171,feb980ae999948ce9be0266b4ddc048d,2c65a898314b42e6b2e93dca66fd15c2,da88fa5efc674368b593444ca950dff9,e903085a3f944ad2a41c37306b4e6ab4,c588868fc3fd4e87a7cddf1ceb00b022,e88ce4cd350f43398a5c0ab8629cee72,be70e49b76c24527b4fddfb6b78b6d8d
e15e47a180cc428db81815b4d543f5b2,009be1c3430743ff9b054bdfcd6228d6,18ab15fbf00f42f7a410ec75f7592bea,d2a03ea4b2d3439ca3dc6fe056ab0f04,ee337b5c1ef3431e9c120250bfec4cac,bce599075dfd4fac8dd78626106e3071,b64cef9df31c4e92a7b7ecd42f74f396,022e16490d1949b9ab2fc1de5a837031,b0236c76ae244fd8aacbea7da10e55ca,33b5e2ae5ebe4f548bac3a00ab0a59eb,1c2b01416e3943e3b3c575e53c3f1d16
da51bfb867844c51948b40b82c100086,da61e0de396149208c9ebd0fd6d7415d,f5bcc6f48ed2447581b401d453039866,64e74af099b0485f8b6e71ac73aa2cb8,42805d29975b400ea7c570fc45ec4938,7c1126d46a934db6b951d1e98feae327,530b37164090408dbab4e6da51111b8a,7dd5e88dfdd24cafab2c765939757354,092cb872c8724c7681c50da9c6cfa252,764b8280445d4023aecaa53cf7758932,d87e5facd03b45f9829e8a1cd0fe0190
ac80730acb08455c893a3d869cfc6da4,da61e0de396149208c9ebd0fd6d7415d,f5bcc6f48ed2447581b401d453039866,01ffceddb5b34406a08bb982b424b3cf,64e74af099b0485f8b6e71ac73aa2cb8,7c1126d46a934db6b951d1e98feae327,530b37164090408dbab4e6da51111b8a,77ce0587a12b46bab8814225ba86753e,7dd5e88dfdd24cafab2c765939757354,cb550e5ff4694fe9a19eaa6588cef250,ef8c056ecb524439a48c881089537951
f9840dbad6f34d8dafdf0b5c3bf04cb8,530b37164090408dbab4e6da51111b8a,61d2391e8bc548b6bfa08f1ef2a0c47a,da61e0de396149208c9ebd0fd6d7415d,f5bcc6f48ed2447581b401d453039866,4254f6eaaed746bea797c3522036fc12,01ffceddb5b34406a08bb982b424b3cf,9909a671f7414c19b2727e7d4d4dcf1b,d87e5facd03b45f9829e8a1cd0fe0190,44b3bc5953364d72a53edcf9fc4f1fed,77ce0587a12b46bab8814225ba86753e
b5a9253e400f4be2a770d5cc396a168d,291130c42a884be2800e026bab5ddf53,44b3bc5953364d72a53edcf9fc4f1fed,7199f2fe77824236a392e1f00a5bdfc3,5be48a6bc26044f2a2e4e9b6a223c319,5abf57d57d84440e94d0d2e2ffb37575,64fc9fe3c8d5424ebc005e5cf4a608db,599feb1e512c43ad8c0a1845922acf78,022e16490d1949b9ab2fc1de5a837031,ca5add3cbf044a95a5bec88a5841ce98,52ee59901f3b4de884d7a6720538aed6
7225852aa975430d8fdd288151e7f0b1,291130c42a884be2800e026bab5ddf53,3aaea7fa41fd43cdb88f8ef59062c5df,97959d02a64f4a3fbbebe7cbece6c012,6c874292dbcc49ff8bb8bbe5643593a5,7199f2fe77824236a392e1f00a5bdfc3,be8953cc364d46cebbcc2c2da2c348ab,ff276acede2f4c14876ef47257758ae8,99a52c93a3304ec18dab9206f98f2a8b,b2992fe473124dd0b895cf81f59f6db6,c65af18670ea437c8986884645b3afe9
a96d696a72654ee6b6dc50fd558310c7,c4e79c8992e54866b0c6f26c55b1a774,cf7476d6c96b4dcdb6f025b9291eb62b,13cda6e8f2d948eeb5508288a172e76f,7584980704ae4617bb27ca162cc9c5db,cc243eebbb2b44a581745865a60c423a,6dc5832f0ac04df2bd99c6415b3ecf09,45f4192f485a49d9a75219ae4d0c41ee,9ffa09a2b9bd4da0ba98fc537ca68802,597aab8bb15240f89fd1b24a8e38258d,4e22dc65beb7450b9260cf27e50919e4
37b367fa65f74351b74612f813c76536,c4e79c8992e54866b0c6f26c55b1a774,597aab8bb15240f89fd1b24a8e38258d,13cda6e8f2d948eeb5508288a172e76f,cf7476d6c96b4dcdb6f025b9291eb62b,4e22dc65beb7450b9260cf27e50919e4,6ae72ad649c54129b992d321f8f29122,dbf0926f9f344f1d88b114660db4d2eb,3b7d56c26da14b3a9b1cd52b5b35891b,4c8476482736459881e2a3b0509ee103,d9b97376c5e44d8786f861a5788af644
08f68074e69745d0a65e386ce21fddc8,1d93c07de74c482ebf0a76ec564c3252,91f0da6d71574ababd8e868bddec9310,716a15d66b63424a8068da89e75733b4,a8904adcdd21495f890bc614bfdbf86f,b2b22c673e554db39c8acdbe42687a6d,fc70a4c2c4834e0eba1a14470f563b03,13aca0959cc948cabeee0d7255f55a65,887e323cc38f4cf8adc5970617f1c286,116f6c1f0cb54312986a0a729508a33e,50aa0f56e00d4c23ac78b3e63bc0f0e1
68465053fe3d4c0bb46ce2dd5bd8a32b,1d93c07de74c482ebf0a76ec564c3252,91f0da6d71574ababd8e868bddec9310,b01fd4d037a84a7aa777e1fc345c73c5,13aca0959cc948cabeee0d7255f55a65,50aa0f56e00d4c23ac78b3e63bc0f0e1,8c5f38853679436ba434b6a696e43168,8af25c7ae8e14435a6e27a5671968f50,116f6c1f0cb54312986a0a729508a33e,86179aff3df24ff59b11e9a34974a3f4,2d812431f07c44f1a56a71c72766e0b0
893596ad13e54f2daf6287092d79d6ae,50aa0f56e00d4c23ac78b3e63bc0f0e1,1d93c07de74c482ebf0a76ec564c3252,13aca0959cc948cabeee0d7255f55a65,b01fd4d037a84a7aa777e1fc345c73c5,8c5f38853679436ba434b6a696e43168,91f0da6d71574ababd8e868bddec9310,8af25c7ae8e14435a6e27a5671968f50,116f6c1f0cb54312986a0a729508a33e,d37bf09399d848df9a4d880fb097239c,408ae6a767874fc782467ec2f054ad15
603dd3df1374474d9bb550bfa01147e6,1d93c07de74c482ebf0a76ec564c3252,50aa0f56e00d4c23ac78b3e63bc0f0e1,8c5f38853679436ba434b6a696e43168,887e323cc38f4cf8adc5970617f1c286,13aca0959cc948cabeee0d7255f55a65,b01fd4d037a84a7aa777e1fc345c73c5,5e199f7727cc4910ad88dbd81ed1ec82,415641aa43724ed9bc4710302b77edc3,06b7dd1b701544ac80dd7ca54ed707cf,d65e3a3657ae455e954b6d7221afc84c
02de17a638f94e98ac7dce22ddde14ee,5c644b51b1394a7b8fa0a9a6275c422d,9500823cb050427696343b1ea5cf8881,a2612682d9854a30a7684c91c8619ec9,18ab15fbf00f42f7a410ec75f7592bea,0f785440b29548e1a1968868262fd42e,da88fa5efc674368b593444ca950dff9,e88ce4cd350f43398a5c0ab8629cee72,b33a0f5b564a4942b04046ab7a8e2aae,db69f22fe72246ea85d33991961a649a,85d4175b563d48e5bc6a991b23662f24
902d22a8d96c4f0ab484d880bfc2e287,5c644b51b1394a7b8fa0a9a6275c422d,a2612682d9854a30a7684c91c8619ec9,e88ce4cd350f43398a5c0ab8629cee72,db69f22fe72246ea85d33991961a649a,0f785440b29548e1a1968868262fd42e,9500823cb050427696343b1ea5cf8881,b33a0f5b564a4942b04046ab7a8e2aae,ca544e6629b14e8fab5f7cb40d1ac88e,bfd1d441da734aad88cfacdab3ee4059,da88fa5efc674368b593444ca950dff9
ae7ab0c6a5a14d8e8586a9699557a7fd,a2612682d9854a30a7684c91c8619ec9,be42a43f5186434db4f2815f768a9991,50a2129b83404b94889a01f4688ebafd,5c8a8b7a59c54b9aa7b7136fd91b5869,5363ae1c905d4879a63259de4954702e,7359a1cc20d54f96aeea121d7247b88d,5c644b51b1394a7b8fa0a9a6275c422d,40a95697730046dcbb0d7ba1fe2109a6,e2e0c8c96aff4c00896ac6986bbb20c2,384f94503bcd4f4c863056ad69f45b43
b0bed57573cb454590995348d9c3451b,25afb6f7e9314af09008644bca5955b9,19098957d8c24cab95daa30c2baefd8f,3f23eafbd9cc4e209aca631fd6fc9dfd,e88ce4cd350f43398a5c0ab8629cee72,40a95697730046dcbb0d7ba1fe2109a6,d43b0f94627d45918e18a80be127aa2c,e2e0c8c96aff4c00896ac6986bbb20c2,04d24d1cf42b4f7787d8d300cbad6d50,e9428816b054499298745b742f128f65,44f41e6e6faa4facb0bb9a72205229f8
7599a56ef38f493d9ee1b47c9ae8fb02,25afb6f7e9314af09008644bca5955b9,40a95697730046dcbb0d7ba1fe2109a6,e2e0c8c96aff4c00896ac6986bbb20c2,8b038cd0dafd45d8b1ce75177ca3a76b,e88ce4cd350f43398a5c0ab8629cee72,3f23eafbd9cc4e209aca631fd6fc9dfd,19098957d8c24cab95daa30c2baefd8f,04fa591263664fb0a6868552ebd3590b,d43b0f94627d45918e18a80be127aa2c,44f41e6e6faa4facb0bb9a72205229f8
165c7dbc2b894793b9fb4752c3092399,d476be2399b7424a88d242b771c32041,c14e45f5201b4038bdddddb238d888a3,22d9d5ad33e947fd857c5c4a8b7dfae1,de72d25d08da4b03ac6f6411ce30e07c,db2466dc7da64ac5a2a21c20ace67856,b2992fe473124dd0b895cf81f59f6db6,99dbf0cd0c6343ffbcf97f04efc4143c,44156e6482884acaaee1938e04d8b6ff,812a1568c77d46e695f8eb7357e24a0e,7d0190486da540718e4dc4ca4bd1f573
5d809a0446e94ce08823b0be4c6e85f3,d476be2399b7424a88d242b771c32041,812a1568c77d46e695f8eb7357e24a0e,b2992fe473124dd0b895cf81f59f6db6,5f481b07f9734f518a14853831233b78,3356a8a8c6ee4f30bc2b028e360d4471,77ce0587a12b46bab8814225ba86753e,7ec1584e9a5b49eab9ef249143d9bb86,02641488de414b72b63f62b40200b101,4d0a737f396d4a95808085bd1306746c,a70909d3ce0d4235913b5ce6a138dcce
92568b35bd5b40c6860861e28db2deb2,9948a890ef25479e834f70944cb42eae,ffc5805e29a74be0a55b40318aa321d7,c84deec0ecf843c39f52d4cb8e7300f8,ca0fe2dd97434e2ca7aecc38d4f1fcd9,0a61f52258f643b6a6436a1ec234e197,ffe2740eee8c49b39b2ce41f9983bcb4,250d411ae270441085be3501b7b55d86,8fdee0611965465eb45387b8c39f4136,baf841bad27c456c9de7227555ea3ef8,db0c3a952e454b90aa4a68feb6a50e87
158d18f87a6b42b483a70835afe005fe,9948a890ef25479e834f70944cb42eae,ca0fe2dd97434e2ca7aecc38d4f1fcd9,250d411ae270441085be3501b7b55d86,812a1568c77d46e695f8eb7357e24a0e,baf841bad27c456c9de7227555ea3ef8,d476be2399b7424a88d242b771c32041,e343a998f4df4ac195c84e0fb571a393,ad42c467d0fe43dbb328073f9a16bc4d,44b3bc5953364d72a53edcf9fc4f1fed,e86a0aae846a4e44bf967ab4972c977c
0c0e949f7e9b48398fe5eff0d7dd803e,26e55eb4d910464497d700bfdf5a36ca,2d43cf91509846e29ab4febd7781919f,d43b0f94627d45918e18a80be127aa2c,cb550e5ff4694fe9a19eaa6588cef250,59f62d35b1ad451397b700b3dad25448,7e190e3c05d74e6b9f103e39142c1684,8b038cd0dafd45d8b1ce75177ca3a76b,d658e3a743af41899183fecff6b2628d,25afb6f7e9314af09008644bca5955b9,f5bcc6f48ed2447581b401d453039866
4ea8b345742042fd848e678d308fa183,092cb872c8724c7681c50da9c6cfa252,8c7c9eaae41a44a3a4ebe39ce167d300,da61e0de396149208c9ebd0fd6d7415d,636c21e19a5845e1b8d69a5fca928030,0eb119aabc884795a4768c6d3e677ea1,2d43cf91509846e29ab4febd7781919f,0daf8d5687b54d158f7f752884c42334,d476be2399b7424a88d242b771c32041,a5d5fb459a1844088e93ae557ab34afe,26e55eb4d910464497d700bfdf5a36ca
37bffb22be1b4b25a409e630b58bb3a7,a5d5fb459a1844088e93ae557ab34afe,556743bab70d4b75bafcf192fef95b16,6bde760ad5d4485db9889b1bdc074005,4c67cc7a1ccc496db132636e3f4853a2,724a3f6551e74ad585bdeac9a75fd639,b4dadb3ea3a04cc3932094471debce13,ca5add3cbf044a95a5bec88a5841ce98,7359a1cc20d54f96aeea121d7247b88d,8683a3ad55d84a78834fabe20cde5269,092cb872c8724c7681c50da9c6cfa252
fdff932278894d1885bfbc905009ea46,a5d5fb459a1844088e93ae557ab34afe,6bde760ad5d4485db9889b1bdc074005,06a5f0cec6ce4170a02dad0ad4c55b1c,0eb119aabc884795a4768c6d3e677ea1,f65c7f50929f431dbf31b441d87616d0,50a2129b83404b94889a01f4688ebafd,092cb872c8724c7681c50da9c6cfa252,4c36aafaf38f4e9e9e09991737196fe1,66cba49431224a3788f914d6a80165e1,4c67cc7a1ccc496db132636e3f4853a2
55c258651d4f46ba879ad04a408ca3f8,092cb872c8724c7681c50da9c6cfa252,8c7c9eaae41a44a3a4ebe39ce167d300,0daf8d5687b54d158f7f752884c42334,e8927e14983a43da900edd926dd35adb,097f2ce3b88c4d008488b9908076497e,da61e0de396149208c9ebd0fd6d7415d,039f8e63b273472d8f1d99d9a5de5cf5,42805d29975b400ea7c570fc45ec4938,27a0d24dc1e14b28a1f18456b29c93f1,0eb119aabc884795a4768c6d3e677ea1
173024800a4148a59d834a44d0998dbe,de1102228a324428989533278cd482f6,06b7dd1b701544ac80dd7ca54ed707cf,415641aa43724ed9bc4710302b77edc3,59f62d35b1ad451397b700b3dad25448,40f040fd5c824c8e8e710af1fdf70b5f,64d9091426f9461c97c98a5428856bcf,a297e08effdf4a69a6c4d79a34a0c6ad,898eabaaa1a047e18aecbb1c5a8decbf,bb6ecabbce1b43d997d00d7acdc95193,77d8e01a914d4f4a8b87d407e0d741aa
04f607a8dfdb4e6f8c795634b207e615,06b7dd1b701544ac80dd7ca54ed707cf,77d8e01a914d4f4a8b87d407e0d741aa,7070715ef90743da8691dd4ad134eb0c,de1102228a324428989533278cd482f6,f6507bae2aaa4785842167f8320428b3,40f040fd5c824c8e8e710af1fdf70b5f,5abf57d57d84440e94d0d2e2ffb37575,8c5f38853679436ba434b6a696e43168,7199f2fe77824236a392e1f00a5bdfc3,0a2c24dead204be9ae36be358e1223f9
29b78bc662074f5abb91b5e7ee16deb6,06b7dd1b701544ac80dd7ca54ed707cf,7070715ef90743da8691dd4ad134eb0c,898eabaaa1a047e18aecbb1c5a8decbf,77d8e01a914d4f4a8b87d407e0d741aa,7f5b658239034d35b7f4cf1c63cb388c,b83013f4c5524232814efa0f8651867f,0accd1d0138b49049d437c0d9b1c23c3,93bf0b86be094f68a9d308ca5ecfb4e3,de1102228a324428989533278cd482f6,a9d82bb43410405ca21b44a5e82e22b6
bf6af233a7fb4678bde3bcd210972057,06b7dd1b701544ac80dd7ca54ed707cf,77d8e01a914d4f4a8b87d407e0d741aa,7070715ef90743da8691dd4ad134eb0c,7199f2fe77824236a392e1f00a5bdfc3,b83013f4c5524232814efa0f8651867f,27fe100af7884932a33bf30f10dacc55,de1102228a324428989533278cd482f6,5abf57d57d84440e94d0d2e2ffb37575,40f040fd5c824c8e8e710af1fdf70b5f,8c5f38853679436ba434b6a696e43168
3444cb452c4d4832b75091f5da7012db,06b7dd1b701544ac80dd7ca54ed707cf,7070715ef90743da8691dd4ad134eb0c,77d8e01a914d4f4a8b87d407e0d741aa,898eabaaa1a047e18aecbb1c5a8decbf,d445ccdb4cda497e9f0343a3298022d2,8c5f38853679436ba434b6a696e43168,93bf0b86be094f68a9d308ca5ecfb4e3,1c6bbf19b3d2498696a5baf0f53a0f18,7f5b658239034d35b7f4cf1c63cb388c,bcfa4a4177d44d8b8cda17b7a23196b0
8f00737911424dcdbc5360702808b86e,6252aa87531748e5bac5f6c65fc87e14,db2466dc7da64ac5a2a21c20ace67856,3ec67e948e15423fac23fdd38a7d4cca,11e1e3cdfe214385a2c24d0f957dde9b,21019944fc2c4838a682a6dcdc62c4ef,e22e1ad3c1fc4493bcb7c9b923566ff7,de72d25d08da4b03ac6f6411ce30e07c,f5a9583711fc4ff4a46e85c24886b234,8a464aa9e2ee45d0abc7ae6181cd1bda,54e9bbd0093947a3bda5fef48ef7493d
084019a95c9f43539a52748e0ee608d3,5b588e34588940788a22036b775ecc2f,f5b766ea6abe4b5fb27d49cc3bc06020,db2466dc7da64ac5a2a21c20ace67856,11e1e3cdfe214385a2c24d0f957dde9b,a865b8d581b44104afe7c8508e3486f5,5605fa1188974644937bbf92fec50e21,55c0b899937042c98162389b209aca7f,7e8a4a43e2f84dbb88e41cb24b3fe79f,11e9586d6c7a443c8025278f8ef53b6d,61d2391e8bc548b6bfa08f1ef2a0c47a
d7fcb70c976c46d3a977d1bd3acaa7b4,d7c9dafddaf547159d366dacf7b68a7e,bc607fd6000b43108e49b3d05688fe90,563043f180e54e238ad4876974e5db4c,b626eb67c2e14afeae2846bb150976f3,8228c9eb29a542ba98c8b9b854eadaa4,7d3d751215194e649a03457226f599d7,7d5c0a2bfccf4255a43d9bd0f84a6d3a,44b3bc5953364d72a53edcf9fc4f1fed,0d0973762130427eaa2ce9a7a34517db,174581fc299840e18e827432c0cce4dc
a44ce941098b4f6b948eb8588bd09fa7,11e1e3cdfe214385a2c24d0f957dde9b,e43d8e7bc32f406b9a692e2604f5b45a,c5486d5e31084ee797da0ebdacb17abc,09f4970dfe684b809bc0959fb62f41bf,3ec67e948e15423fac23fdd38a7d4cca,174581fc299840e18e827432c0cce4dc,4c8476482736459881e2a3b0509ee103,2c82919b038847fabbf5d13ca5ac55a7,44156e6482884acaaee1938e04d8b6ff,54e9bbd0093947a3bda5fef48ef7493d
1778aabe52c7435187be3eb1461b918a,d7c9dafddaf547159d366dacf7b68a7e,bc607fd6000b43108e49b3d05688fe90,563043f180e54e238ad4876974e5db4c,b626eb67c2e14afeae2846bb150976f3,8228c9eb29a542ba98c8b9b854eadaa4,174581fc299840e18e827432c0cce4dc,7d3d751215194e649a03457226f599d7,7d5c0a2bfccf4255a43d9bd0f84a6d3a,44b3bc5953364d72a53edcf9fc4f1fed,72a7e2ce22d045efbdbbab9c68f5d026
172e27e7700f4ca399b42d88a4f1c140,1c2b01416e3943e3b3c575e53c3f1d16,be42a43f5186434db4f2815f768a9991,18ab15fbf00f42f7a410ec75f7592bea,e9428816b054499298745b742f128f65,009be1c3430743ff9b054bdfcd6228d6,097f2ce3b88c4d008488b9908076497e,d60986f4025d443ea58adba0e3d224a1,bce599075dfd4fac8dd78626106e3071,7d6cdff8c9ac434196df803628fe9f62,7326afe68eb64b63993b3dae022c645d
7790838dcafa4412a5fc14b1cf3e7e95,1c2b01416e3943e3b3c575e53c3f1d16,18ab15fbf00f42f7a410ec75f7592bea,e9428816b054499298745b742f128f65,be42a43f5186434db4f2815f768a9991,d60986f4025d443ea58adba0e3d224a1,009be1c3430743ff9b054bdfcd6228d6,bce599075dfd4fac8dd78626106e3071,eafb3480db704d7baa8216ce857d1610,bf789f42ccfc42c5a330a3f6e30ddb83,da88fa5efc674368b593444ca950dff9
3106ad6941604756bf3bd61f1cd9709b,18ab15fbf00f42f7a410ec75f7592bea,009be1c3430743ff9b054bdfcd6228d6,d60986f4025d443ea58adba0e3d224a1,1c2b01416e3943e3b3c575e53c3f1d16,f464960d2dbc43c0970c60600bd7f1cd,bce599075dfd4fac8dd78626106e3071,5c644b51b1394a7b8fa0a9a6275c422d,e9428816b054499298745b742f128f65,40a95697730046dcbb0d7ba1fe2109a6,8fca2e4873e946f7a788af2b846cebd7
a2efa66a925344b8b896a8a0cfbb2661,f464960d2dbc43c0970c60600bd7f1cd,8fca2e4873e946f7a788af2b846cebd7,18ab15fbf00f42f7a410ec75f7592bea,0f785440b29548e1a1968868262fd42e,b6da55bea1244cf0a753b258420946b2,eeb3b60f34af40de850e065b475d8180,26b18153216b48d793b75598ddb54d77,b585a2970e9f421da236241f603883f2,b4dadb3ea3a04cc3932094471debce13,022e16490d1949b9ab2fc1de5a837031
e4c0fba56e824b5cb4b6aeb4700f2d76,8f0e477fc779414e9b47995c0b25a87d,0c889c151e094b948c13b0275e660a9c,aa082284f9894b5aa210c179d59999b1,30578712823948b086e3781343982938,ff51ca928cd54f4da620c27983e221f8,1f3cf50fe1f947d8a56e02ebca441c4c,5537ddec608a4ec586ea068fa27547ca,b77d8b7bb0114c379139d280a9210e83,3cb231e1167e45f9bf5771a4e0074092,df7ea50171af48df81584ab7e8107d15
6242d18df5cd4f5cb63a1105ffbd971e,8f0e477fc779414e9b47995c0b25a87d,0c889c151e094b948c13b0275e660a9c,aa082284f9894b5aa210c179d59999b1,30578712823948b086e3781343982938,ff51ca928cd54f4da620c27983e221f8,5abf57d57d84440e94d0d2e2ffb37575,3675c688960a4f3b9f82c4ccf4049e93,7359a1cc20d54f96aeea121d7247b88d,3cb231e1167e45f9bf5771a4e0074092,1f3cf50fe1f947d8a56e02ebca441c4c
dc46278e6e01447e8c262d2884fdd9bb,295d0d40791245ff838c73a2aa27d065,6c79712e67b54dd0a11d426a91207939,a94cb58f1ca8456b96e39b5b1ebfb7ea,5363ae1c905d4879a63259de4954702e,1099cb6f4fac4eb8a1fb6db50e18296b,f532294d68604bc2aa9ad8804a8c6d5f,82d68ea370f8451aa16ea08f4601245c,b585a2970e9f421da236241f603883f2,33b5e2ae5ebe4f548bac3a00ab0a59eb,076e2669c305401fb3afcfafdd6c79c7
8ba5ddc596414a9695e18a68ace669d5,295d0d40791245ff838c73a2aa27d065,6c79712e67b54dd0a11d426a91207939,a94cb58f1ca8456b96e39b5b1ebfb7ea,5363ae1c905d4879a63259de4954702e,8889c114b071429cbe2418f5b0f2024b,1099cb6f4fac4eb8a1fb6db50e18296b,b585a2970e9f421da236241f603883f2,82d68ea370f8451aa16ea08f4601245c,5537ddec608a4ec586ea068fa27547ca,f532294d68604bc2aa9ad8804a8c6d5f
bc709d8a81a346b5aca36d4ffb49d234,13cda6e8f2d948eeb5508288a172e76f,66690895454847fea5a000202fbfab2e,98b2022b2cb84af09ee8b789db928b13,acbf8eae7e064c11bab7adf66f216990,e8c8742459dc48a49080bf0e5b3fdee0,b3a022950e444682a113cec5a0537f6a,bfd1d441da734aad88cfacdab3ee4059,f5b766ea6abe4b5fb27d49cc3bc06020,3c0f3b44c0844df49b5898406fe9195a,716a15d66b63424a8068da89e75733b4
93bbe46e371c44f284f4487aa854a903,20297482a5014732a843c9fdafba548e,42b6af4853fc465f83ec054f8f8289a4,01bbbf1caa554d94b5decb69cc1add41,1004b33e3126472faa78e1929ed974e6,d33407004b9e433a9d4147cfe6584d36,d87bd2402bef4672be17b62cec113ba8,91f9f8576e5142a49926bd623b0bc19c,e429a2e164a24919a12edcc8d4ea8f09,b85d652ba8d244f8ab9e941966094f28,1c6bbf19b3d2498696a5baf0f53a0f18
cd3c7eb34f6f4d45bcd3a71dd304f187,20297482a5014732a843c9fdafba548e,0971af4212484a958eb0f60f93d1dfe0,a055f8188384479a8bad418f7dffd9a5,1004b33e3126472faa78e1929ed974e6,0bd1cce9370a461089e25393086800a8,b85d652ba8d244f8ab9e941966094f28,01bbbf1caa554d94b5decb69cc1add41,6af17cec494c4373a95865d270a29171,26b18153216b48d793b75598ddb54d77,eafb3480db704d7baa8216ce857d1610
c900c56e641f49749087f609b8ab6f4b,13cda6e8f2d948eeb5508288a172e76f,00e9d4081c2f45d1a818bfeab099863a,a055f8188384479a8bad418f7dffd9a5,f5b766ea6abe4b5fb27d49cc3bc06020,f59a3ee5387440d981754b6595e8664c,db13ed5446be46269dff3de3c1bf2660,da9cfbdf124143b78bec89393dd5287a,bc607fd6000b43108e49b3d05688fe90,7c061d36393540b49e20d98086bdb5bd,c5486d5e31084ee797da0ebdacb17abc
f747d567755a4d7a83b918fcff6e4b5c,db69f22fe72246ea85d33991961a649a,673aee19895b4d339ada93213d8874ac,04fa591263664fb0a6868552ebd3590b,4c36aafaf38f4e9e9e09991737196fe1,097f2ce3b88c4d008488b9908076497e,00614d60b3544ba790dfd23dd53992e0,e88ce4cd350f43398a5c0ab8629cee72,e59dba65749140f4a1bdaf2695de2fc6,54e9bbd0093947a3bda5fef48ef7493d,8ebbcf8e4e6f400ba1839e9d75806274
b52c282983934e3699bf0c6b64dc8d7c,db69f22fe72246ea85d33991961a649a,673aee19895b4d339ada93213d8874ac,097f2ce3b88c4d008488b9908076497e,4c36aafaf38f4e9e9e09991737196fe1,f92d16d3a970487094292439c3e00923,04fa591263664fb0a6868552ebd3590b,3d3e8565d2f84e0cad5ae622f2909765,68aefc97056440af874039a28497cf98,cb550e5ff4694fe9a19eaa6588cef250,eeb3b60f34af40de850e065b475d8180
cb43fab6f1b147acbb71f39df054f667,3b37a4c34b6e4ca89a04da864e141422,0a2c24dead204be9ae36be358e1223f9,503d2f067a8a4f5798b1c64b07ab0bc5,9094e936e13641cc9bfcc7dc1408d86e,898eabaaa1a047e18aecbb1c5a8decbf,daed5458403e49e3aea72f4bcc6dd224,36ee1613abf245cdbe93fef69b5f981f,d9096650c434432c871effeca9acd5c6,acbf8eae7e064c11bab7adf66f216990,06b7dd1b701544ac80dd7ca54ed707cf
c0ca3c37cd574f37a90afbcab9554fb9,3b37a4c34b6e4ca89a04da864e141422,f65b6fb5b40a49d1896de7a115469d40,4254f6eaaed746bea797c3522036fc12,84ff5144597241bba5cbd3d0b21d220d,b6c493a3666c4db193e86c79faf099ab,cf290994a83e4909aec30077477b9d04,e4e12f4711fd41e39075e26cc274df45,0e28ed072d6c444aa6f02e64955b44c6,d0b6e9c1cc5341faba9e03c17767bc2e,d87bd2402bef4672be17b62cec113ba8
0520b04de7b946fb84e99b6ae1269a1f,3b37a4c34b6e4ca89a04da864e141422,133bfbe9a7c741fcb638ecf1b0088213,d0b6e9c1cc5341faba9e03c17767bc2e,d445ccdb4cda497e9f0343a3298022d2,b6c493a3666c4db193e86c79faf099ab,77c8b175ca9d411b8d28d1ed0dc40304,0e28ed072d6c444aa6f02e64955b44c6,77d8e01a914d4f4a8b87d407e0d741aa,6252aa87531748e5bac5f6c65fc87e14,d2bcc978e7aa49908919d9fc40138b27
c7dcc094c48b40fd94db148562b6f0e9,0a2c24dead204be9ae36be358e1223f9,898eabaaa1a047e18aecbb1c5a8decbf,06b7dd1b701544ac80dd7ca54ed707cf,0e28ed072d6c444aa6f02e64955b44c6,77d8e01a914d4f4a8b87d407e0d741aa,bce599075dfd4fac8dd78626106e3071,f65b6fb5b40a49d1896de7a115469d40,77c8b175ca9d411b8d28d1ed0dc40304,a70909d3ce0d4235913b5ce6a138dcce,200f7fc78e4c403982f61b2894e50bad
ddd81e0cf0bf473caeae21db037c05f3,476ce3ffff564a5aa985808e7d2cab17,1a0ac2d40cb04ca993e1db68d787728a,07958f43551e459eb30638b632e3cd64,f8e7f9688fd546829da579434180ffee,ef8c056ecb524439a48c881089537951,99830b8da7c24f909914f7bb167f3ea6,243dbbcdc67c42bfa6f32c47477adf6d,452d645d5bf4485185e996dcec9523e5,5f481b07f9734f518a14853831233b78,31f80e4c87164e2893375ec7e73b372e
c7a7fb2ef38346cab2c63eb4b30f835b,243dbbcdc67c42bfa6f32c47477adf6d,476ce3ffff564a5aa985808e7d2cab17,f65b6fb5b40a49d1896de7a115469d40,e0d8aee46b1d4d998858cd05027251b6,f0084465b2e646c9a53d9dc766067d9b,de6ac628a786435f9925c8cc1d707d6b,cf290994a83e4909aec30077477b9d04,2c82919b038847fabbf5d13ca5ac55a7,4254f6eaaed746bea797c3522036fc12,23199e1859544647893a97ea365c5c83
53bb342b2fbb403cbc5546f80ef1cf70,476ce3ffff564a5aa985808e7d2cab17,cae139b6e4914ce7b0ef1e68b8b857eb,c588868fc3fd4e87a7cddf1ceb00b022,243dbbcdc67c42bfa6f32c47477adf6d,3cb231e1167e45f9bf5771a4e0074092,eafb3480db704d7baa8216ce857d1610,4a3d4daed4b24a1898551f0fd1ba44f1,033f1514c78b49dd82148b94f6bcbeba,9500823cb050427696343b1ea5cf8881,db620271348d404a9a0b978d96c63f29
320e73d1bf40458380ad0ac60af40a94,243dbbcdc67c42bfa6f32c47477adf6d,476ce3ffff564a5aa985808e7d2cab17,cf290994a83e4909aec30077477b9d04,f65b6fb5b40a49d1896de7a115469d40,ef8c056ecb524439a48c881089537951,06a5f0cec6ce4170a02dad0ad4c55b1c,4254f6eaaed746bea797c3522036fc12,e0d8aee46b1d4d998858cd05027251b6,3cb231e1167e45f9bf5771a4e0074092,24c55bb5cd694770ba895c7401da2ba5
4a790fe3c73f4c1f9565d50067722fbf,eabdd2813a954f9aa01f0eb8212ee387,0cdb0f32850f4585a16de4886462bbe0,4c67cc7a1ccc496db132636e3f4853a2,74de04f31db94a99b757685c91779412,4e22dc65beb7450b9260cf27e50919e4,556743bab70d4b75bafcf192fef95b16,6bde760ad5d4485db9889b1bdc074005,3574ab91c29940b3afc62354ae06b73b,5fc200cab89346658c9c91cce27e85fe,2fcf4a04d3654ffb9a5c1dfa3799e4f0
b374c835abb74519904d89a6f4367ea2,d0e41bf891254ba0872f1641139f84f6,be8953cc364d46cebbcc2c2da2c348ab,4d5cbe57c3094d01843e4f950a280b50,da14e9dc2c3d4963b725de8102de5028,0b57f893483647c3aed811775a4c4c04,87fc1d6a57ea488786caaec8599c3b8b,0c889c151e094b948c13b0275e660a9c,db620271348d404a9a0b978d96c63f29,076e2669c305401fb3afcfafdd6c79c7,78809cb3c6b841a9b8b132133dd6bb96
358dc33d74d3427697ddadedc1d2a83e,5fc200cab89346658c9c91cce27e85fe,076e2669c305401fb3afcfafdd6c79c7,ba8d0208e32e42969bd4349cf24f6ed1,da14e9dc2c3d4963b725de8102de5028,f8e7f9688fd546829da579434180ffee,71d4b4036e594d7399506e6fd9b88063,db620271348d404a9a0b978d96c63f29,15b7b988bba143989cfd98d5c6c4d203,051d304b7139431fb3bff19b4e75aff7,4c8476482736459881e2a3b0509ee103
1840d3d379eb48cc97d68a3c7ece76a0,ef511457ee7c490c8e10eccf6e18fef6,04d24d1cf42b4f7787d8d300cbad6d50,b0236c76ae244fd8aacbea7da10e55ca,7bbe3c76bcc04d73969f920d43fcc67d,7daa434073604cb98a04fefb55468dda,b4dadb3ea3a04cc3932094471debce13,1d93c07de74c482ebf0a76ec564c3252,039a871609044cb1b69f70c082fe61d8,d37bf09399d848df9a4d880fb097239c,da88fa5efc674368b593444ca950dff9
11c35b811aae4a88b9417172320999bb,74de04f31db94a99b757685c91779412,e6afe89ff7bc491193141c057083d8a8,db69f22fe72246ea85d33991961a649a,408ae6a767874fc782467ec2f054ad15,673aee19895b4d339ada93213d8874ac,7f0b453cc8c14156802497f5cbae9d62,4c36aafaf38f4e9e9e09991737196fe1,dd36cc0867b94d55a43b82c1c9a0e95c,2fcf4a04d3654ffb9a5c1dfa3799e4f0,ca5add3cbf044a95a5bec88a5841ce98
6dbd11275bf1493ca16a6492ba2f511c,ef511457ee7c490c8e10eccf6e18fef6,7bbe3c76bcc04d73969f920d43fcc67d,04d24d1cf42b4f7787d8d300cbad6d50,b0236c76ae244fd8aacbea7da10e55ca,7daa434073604cb98a04fefb55468dda,e88ce4cd350f43398a5c0ab8629cee72,da88fa5efc674368b593444ca950dff9,039a871609044cb1b69f70c082fe61d8,b4dadb3ea3a04cc3932094471debce13,1d93c07de74c482ebf0a76ec564c3252
26f693acd01d492bae2384f853a7924a,74de04f31db94a99b757685c91779412,2fcf4a04d3654ffb9a5c1dfa3799e4f0,dd36cc0867b94d55a43b82c1c9a0e95c,4152360a4bea4cbbbfbe45ff3bf7f62b,8fca2e4873e946f7a788af2b846cebd7,3bd43a42811048e3b7a7d9740bdb1971,2639b6540bda414f8a9baa3b5cdb612a,408ae6a767874fc782467ec2f054ad15,0433768f874042a5b2d2e37ad9deae13,7627d5e28ba74cbeaf9225e88a7a44cc
9ec6567a98fa4b3bb0c40f6580f8688e,7199f2fe77824236a392e1f00a5bdfc3,3aaea7fa41fd43cdb88f8ef59062c5df,ff276acede2f4c14876ef47257758ae8,6c874292dbcc49ff8bb8bbe5643593a5,b33a0f5b564a4942b04046ab7a8e2aae,291130c42a884be2800e026bab5ddf53,c65af18670ea437c8986884645b3afe9,99ba4cc9355f4d79a68bc69ac12a716f,0a2c24dead204be9ae36be358e1223f9,78d0265d47df4f4cb7153da919763730
d16732c065604317b9457f0f53b9e356,3aaea7fa41fd43cdb88f8ef59062c5df,ff276acede2f4c14876ef47257758ae8,7199f2fe77824236a392e1f00a5bdfc3,daed5458403e49e3aea72f4bcc6dd224,77d8e01a914d4f4a8b87d407e0d741aa,0a2c24dead204be9ae36be358e1223f9,06b7dd1b701544ac80dd7ca54ed707cf,db0c3a952e454b90aa4a68feb6a50e87,199647bd1328406c83c5a875154f97d9,19a124c6dad14a4fa7864463b081009c
805041534e3944d4bf48b927f4e971e1,ff276acede2f4c14876ef47257758ae8,b40d3c588ad647ff85e397a6bc5f9d8b,3aaea7fa41fd43cdb88f8ef59062c5df,7199f2fe77824236a392e1f00a5bdfc3,ff171f0b29974f78b0e81fee30abdd38,19098957d8c24cab95daa30c2baefd8f,9bf3b77eb9874f5f9e006a9cff111ea9,27fe100af7884932a33bf30f10dacc55,b52468fc0af2435f9ba91939f72bbf6a,23a16d69ffe848d593a4808907d8aa98
f25d93d4fff845dbba58d34a9ba4da56,7199f2fe77824236a392e1f00a5bdfc3,3aaea7fa41fd43cdb88f8ef59062c5df,ff276acede2f4c14876ef47257758ae8,c65af18670ea437c8986884645b3afe9,77d8e01a914d4f4a8b87d407e0d741aa,6c874292dbcc49ff8bb8bbe5643593a5,514537782f6549c488a1b932939b4128,5abf57d57d84440e94d0d2e2ffb37575,cf293392122347a180cf2126f4589acb,78d0265d47df4f4cb7153da919763730
ae2ef12666344157a4a58eb1012bea10,7ef653f7e5f64e1b8bba73b9518b87b7,878e5c41be5c477e9f660ca361fdd727,f3fddb55448a46778b5d807642cceb71,3b37a4c34b6e4ca89a04da864e141422,21eb9f06dd834a108d816efdf3aca8dc,2fcf4a04d3654ffb9a5c1dfa3799e4f0,78809cb3c6b841a9b8b132133dd6bb96,7960902edf4b47d686f704441aa56b0e,8746ae2ca7514699b629b4d9b5fe95a7,3c0f3b44c0844df49b5898406fe9195a
c007e0935fe7472a9ef764a15c2bae1a,7ef653f7e5f64e1b8bba73b9518b87b7,878e5c41be5c477e9f660ca361fdd727,2fcf4a04d3654ffb9a5c1dfa3799e4f0,7bbe3c76bcc04d73969f920d43fcc67d,8746ae2ca7514699b629b4d9b5fe95a7,60e87368fe334a92b57088b03cccbfc1,8fca2e4873e946f7a788af2b846cebd7,78809cb3c6b841a9b8b132133dd6bb96,e6afe89ff7bc491193141c057083d8a8,74de04f31db94a99b757685c91779412
ca758fdcdecf418c8193105975e32b5a,878e5c41be5c477e9f660ca361fdd727,2fcf4a04d3654ffb9a5c1dfa3799e4f0,7ef653f7e5f64e1b8bba73b9518b87b7,6d3b4c95066e4dd8a6ad1c66b1c1ea4f,f65c7f50929f431dbf31b441d87616d0,556743bab70d4b75bafcf192fef95b16,e2e0c8c96aff4c00896ac6986bbb20c2,2639b6540bda414f8a9baa3b5cdb612a,02a3cd76ce534d188b4d5ac4778bd652,0eb119aabc884795a4768c6d3e677ea1
62d4e090de42404b884cdf0aeea36d2d,cf290994a83e4909aec30077477b9d04,bdb0d45caa2a4943959f8f501e51132b,31a2675a2e944a1ab3b810cfb92ebd34,d0b6e9c1cc5341faba9e03c17767bc2e,e9428816b054499298745b742f128f65,910827a15eac4e4b9005d8e46ad71f6e,f5a9583711fc4ff4a46e85c24886b234,243dbbcdc67c42bfa6f32c47477adf6d,67984873125e4a0f9562179c906d1b0f,f65b6fb5b40a49d1896de7a115469d40
4a90414f82f14268928f92849227e3e4,8c674a7b65e24114a45dd3c861a7ccfc,cae139b6e4914ce7b0ef1e68b8b857eb,cb32ec9a538a4c0f8462771946ced93b,1e376f9d0945477983c8d851e4b2cf5e,243dbbcdc67c42bfa6f32c47477adf6d,d7c9dafddaf547159d366dacf7b68a7e,52f20bd7eb50430c95f0916727880a1b,3138244ae91040948d5bd6772e4075ea,189a3b686ad14c24b5e1a495f76dd239,764b8280445d4023aecaa53cf7758932
8b1b59a271e64b7d92225d1479ab0fa0,8c674a7b65e24114a45dd3c861a7ccfc,cae139b6e4914ce7b0ef1e68b8b857eb,cb32ec9a538a4c0f8462771946ced93b,243dbbcdc67c42bfa6f32c47477adf6d,1e376f9d0945477983c8d851e4b2cf5e,189a3b686ad14c24b5e1a495f76dd239,7c1126d46a934db6b951d1e98feae327,75801225047a4c019100660c13f1e0f1,3138244ae91040948d5bd6772e4075ea,91f9f8576e5142a49926bd623b0bc19c
31555c3dbb51459eb52da0ce111a5382,cf290994a83e4909aec30077477b9d04,d0b6e9c1cc5341faba9e03c17767bc2e,bdb0d45caa2a4943959f8f501e51132b,f65b6fb5b40a49d1896de7a115469d40,3c72832689d8406996e80893b719b974,31a2675a2e944a1ab3b810cfb92ebd34,3cb231e1167e45f9bf5771a4e0074092,3b37a4c34b6e4ca89a04da864e141422,938147b72e9540da8513910871e0830a,243dbbcdc67c42bfa6f32c47477adf6d
bb7eb4ba9b5943b6a61ff124ef6239b4,8ad1f345ca194b29bde0a924f27b2de5,116f6c1f0cb54312986a0a729508a33e,77d8e01a914d4f4a8b87d407e0d741aa,887e323cc38f4cf8adc5970617f1c286,33e2a95109e647cbb4ba2687631b169a,fc70a4c2c4834e0eba1a14470f563b03,8c5f38853679436ba434b6a696e43168,a8904adcdd21495f890bc614bfdbf86f,32aaca2a732f4272b237374d3cdeec90,13aca0959cc948cabeee0d7255f55a65
e1d35002bf604e59a1a055673b110d7b,64d9091426f9461c97c98a5428856bcf,0e28ed072d6c444aa6f02e64955b44c6,6ae72ad649c54129b992d321f8f29122,8683a3ad55d84a78834fabe20cde5269,ee337b5c1ef3431e9c120250bfec4cac,de1102228a324428989533278cd482f6,f6507bae2aaa4785842167f8320428b3,f65c7f50929f431dbf31b441d87616d0,d445ccdb4cda497e9f0343a3298022d2,c2a665cec90e46db8d2a74389beb4649
409ee169523c45b0935d17521c001655,06b7dd1b701544ac80dd7ca54ed707cf,d445ccdb4cda497e9f0343a3298022d2,384b14b18c3c43b1a4dc1aa2f661e076,08ecf89bc10942a4bd894482f6fcdfa7,dcfb738ebbc24f09bb680fe3a52b702e,77d8e01a914d4f4a8b87d407e0d741aa,af648fa7ac6c4c50a246de470329cd83,de1102228a324428989533278cd482f6,40f040fd5c824c8e8e710af1fdf70b5f,1a842f077119475794cc2de48e154374
3c0da2e0535d4efab77b6201db1866d3,5760084aabef4d8095b2d21902151f64,f4474150010f4021a4620372062f3797,3f28365e18244eb28cc7d23de8895956,c235728f290a44d6a5fc2e14111ae02e,8228c9eb29a542ba98c8b9b854eadaa4,664da77d25e74df693eaad44a5e7617f,7960902edf4b47d686f704441aa56b0e,7d6122daabe442ffb5e57ece1882e714,b3a022950e444682a113cec5a0537f6a,3f1c2bb09c4e4400b6ba19542fafce18
1693abbd511b40648b18f87e485be585,19b81e71e7f04ebcbfade9daa899ed3d,b425f33c33ad4be89a12da266d131a86,cb32ec9a538a4c0f8462771946ced93b,93dc50abd35349f7923100dca2f41002,5c644b51b1394a7b8fa0a9a6275c422d,71c1a8479b194efca65b44fb7f327afb,d43b0f94627d45918e18a80be127aa2c,e4ee90d625d44a6d9adc138390eef0f8,5760084aabef4d8095b2d21902151f64,77d8e01a914d4f4a8b87d407e0d741aa
220c7fef1fe54586b4f4c4ac80924512,3c0f3b44c0844df49b5898406fe9195a,f2ef424352f14dda92691047ee9f15fa,98b2022b2cb84af09ee8b789db928b13,9d09e3cd382c4d0ea0f6f50261e3e4c8,8fca2e4873e946f7a788af2b846cebd7,5760084aabef4d8095b2d21902151f64,7326afe68eb64b63993b3dae022c645d,66690895454847fea5a000202fbfab2e,e7ee85dd47ca43eeb2fdcd70b802f0ec,afaf2edba0ee4d58860a5a04e4aabc5c
995e4d102a3b41e3b4c81d2e30253554,f2ef424352f14dda92691047ee9f15fa,7326afe68eb64b63993b3dae022c645d,9d09e3cd382c4d0ea0f6f50261e3e4c8,2070754bb5dd4a248be9c2a6a1a9d381,5760084aabef4d8095b2d21902151f64,f4474150010f4021a4620372062f3797,dee9eddb2eac41bfaf36d3279d43674a,039f8e63b273472d8f1d99d9a5de5cf5,07958f43551e459eb30638b632e3cd64,f69855cdf66d4f6887ecfd0ddb9014b5
32b2409ee0304c6f8c633cf2838fc107,d9b70c4ed8bb4fc5957ecebf102528ee,3574ab91c29940b3afc62354ae06b73b,c1def54262224e23acf67a9870725ce5,8fdee0611965465eb45387b8c39f4136,af648fa7ac6c4c50a246de470329cd83,6b4676aba2a746b3ab778315afc8ee82,3bd43a42811048e3b7a7d9740bdb1971,2fcf4a04d3654ffb9a5c1dfa3799e4f0,9460474d89704a68aaa6ccb62310ae3d,2c3599a1611644f4908562f8fb8870d3
38393c2659214de8b744a8747b3060da,0a61f52258f643b6a6436a1ec234e197,45f4192f485a49d9a75219ae4d0c41ee,44156e6482884acaaee1938e04d8b6ff,dd36cc0867b94d55a43b82c1c9a0e95c,2ece45504eff42469c104dc2a2d03caf,570f08ce2a1a47978eab16bf7ad16a68,f59a3ee5387440d981754b6595e8664c,b85d652ba8d244f8ab9e941966094f28,30f654c6e69e48888f9f42dd95ab3c77,0842a796c09b4089933a4f27e4e5e3bc
b1fb22cca72c471fbf933b076b3ba471,0a61f52258f643b6a6436a1ec234e197,be70e49b76c24527b4fddfb6b78b6d8d,0842a796c09b4089933a4f27e4e5e3bc,2ece45504eff42469c104dc2a2d03caf,de72d25d08da4b03ac6f6411ce30e07c,df7ea50171af48df81584ab7e8107d15,45f4192f485a49d9a75219ae4d0c41ee,69ac8397e9624bfd8aee237b9f9ea3b5,225818abe99e45a0bf5b0b3ec30db76b,174581fc299840e18e827432c0cce4dc
c425735cc2d645f89ae700274561ff76,fadf133e0e684a24ac79b5fa9515bac2,cae139b6e4914ce7b0ef1e68b8b857eb,0bd1cce9370a461089e25393086800a8,225818abe99e45a0bf5b0b3ec30db76b,291130c42a884be2800e026bab5ddf53,d9ac372330a4446886fa19bac0d19877,599feb1e512c43ad8c0a1845922acf78,7ec1584e9a5b49eab9ef249143d9bb86,19b81e71e7f04ebcbfade9daa899ed3d,4a3d4daed4b24a1898551f0fd1ba44f1
d37fad90466d41fb99cc1281af258b44,d9ac372330a4446886fa19bac0d19877,56272326c7e94e419ea8c69fb634f610,3675c688960a4f3b9f82c4ccf4049e93,097c30a7f39a4a3abf6da2ca80cad3a5,0228b1e9e3244da3a727930123ba7bda,fadf133e0e684a24ac79b5fa9515bac2,022e16490d1949b9ab2fc1de5a837031,0bd1cce9370a461089e25393086800a8,225818abe99e45a0bf5b0b3ec30db76b,5e0a2bc284cf4002914ae4e6aaef41e8
8f59b2636caf43f29362aad398734e84,fadf133e0e684a24ac79b5fa9515bac2,0bd1cce9370a461089e25393086800a8,7ec1584e9a5b49eab9ef249143d9bb86,29fb30a75c57451a85f310aa6423a662,4a3d4daed4b24a1898551f0fd1ba44f1,56272326c7e94e419ea8c69fb634f610,cae139b6e4914ce7b0ef1e68b8b857eb,599feb1e512c43ad8c0a1845922acf78,e511c40ca6324803b5021e47b4e777f8,a70909d3ce0d4235913b5ce6a138dcce
92e239ee1c9942eda10a987e5a192aad,d9ac372330a4446886fa19bac0d19877,56272326c7e94e419ea8c69fb634f610,5abf57d57d84440e94d0d2e2ffb37575,3675c688960a4f3b9f82c4ccf4049e93,6c874292dbcc49ff8bb8bbe5643593a5,7c061d36393540b49e20d98086bdb5bd,0bd1cce9370a461089e25393086800a8,1004b33e3126472faa78e1929ed974e6,be70e49b76c24527b4fddfb6b78b6d8d,0228b1e9e3244da3a727930123ba7bda
6ca76ef7aa7d4121a75374b29ba7d263,d9ac372330a4446886fa19bac0d19877,56272326c7e94e419ea8c69fb634f610,3675c688960a4f3b9f82c4ccf4049e93,0228b1e9e3244da3a727930123ba7bda,097c30a7f39a4a3abf6da2ca80cad3a5,fadf133e0e684a24ac79b5fa9515bac2,7c061d36393540b49e20d98086bdb5bd,0bd1cce9370a461089e25393086800a8,be70e49b76c24527b4fddfb6b78b6d8d,1004b33e3126472faa78e1929ed974e6
2cdba5196ffe4c8797018ef98b7a52c4,3d3e8565d2f84e0cad5ae622f2909765,44f41e6e6faa4facb0bb9a72205229f8,52ee59901f3b4de884d7a6720538aed6,059a284910e849efbbc7073b8681409f,39e2b00e1cbd471488cf56f31d2cec7f,26869cc099c44c4a86f6043476ab4890,71c1a8479b194efca65b44fb7f327afb,cb2505b30d8a4dc086c353cf94424b6d,636c21e19a5845e1b8d69a5fca928030,3aa003c1e31b476e999c3a808a1d5dc6
8e69932dfcf247039202e839e2e4ad92,2471f23cb9b64d35a72deed09c9c8975,cf293392122347a180cf2126f4589acb,5abf57d57d84440e94d0d2e2ffb37575,d658e3a743af41899183fecff6b2628d,1d70bc69b2f84bef9aa5fb0d9917e38d,7e190e3c05d74e6b9f103e39142c1684,b585a2970e9f421da236241f603883f2,9452a2f21f7d4feeb2605d9b6647fc13,26869cc099c44c4a86f6043476ab4890,14f4db886cca4104877ac7d1d7a64133
c876e09aeff84624b8a01d61b99fed1f,3d3e8565d2f84e0cad5ae622f2909765,25afb6f7e9314af09008644bca5955b9,0971af4212484a958eb0f60f93d1dfe0,2d43cf91509846e29ab4febd7781919f,19098957d8c24cab95daa30c2baefd8f,44f41e6e6faa4facb0bb9a72205229f8,1d70bc69b2f84bef9aa5fb0d9917e38d,7627d5e28ba74cbeaf9225e88a7a44cc,b0236c76ae244fd8aacbea7da10e55ca,7bbe3c76bcc04d73969f920d43fcc67d
660e576505194cfbb8e673b09a078b98,2471f23cb9b64d35a72deed09c9c8975,cf293392122347a180cf2126f4589acb,7e190e3c05d74e6b9f103e39142c1684,1d70bc69b2f84bef9aa5fb0d9917e38d,5abf57d57d84440e94d0d2e2ffb37575,9452a2f21f7d4feeb2605d9b6647fc13,02a3cd76ce534d188b4d5ac4778bd652,d658e3a743af41899183fecff6b2628d,2fcf4a04d3654ffb9a5c1dfa3799e4f0,57bcda73abab44ee930b20cdaee9d24b
795efbe9c2fe4b3dbc173c89167f9163,3c0f3b44c0844df49b5898406fe9195a,7d0190486da540718e4dc4ca4bd1f573,e53dd6188816429ab915de6f9649a026,afaf2edba0ee4d58860a5a04e4aabc5c,636c21e19a5845e1b8d69a5fca928030,b8995466f0eb4e7ba141e23216e8b974,34b736136487439389c10cc6bd4e9f4e,6f8d80f8673144dfa7a4e09190442ab3,99830b8da7c24f909914f7bb167f3ea6,039f8e63b273472d8f1d99d9a5de5cf5
2be3682989f94c34b19ee0da04571f91,3c0f3b44c0844df49b5898406fe9195a,afaf2edba0ee4d58860a5a04e4aabc5c,34b736136487439389c10cc6bd4e9f4e,7960902edf4b47d686f704441aa56b0e,0092d1d820c64646b8bee9fd14f77acf,105ad424733e4cffa7c474b51e3980aa,63ba014f9cc747ac87013da6be0ceab9,e53dd6188816429ab915de6f9649a026,b8995466f0eb4e7ba141e23216e8b974,6f8d80f8673144dfa7a4e09190442ab3
68215d17cd25495b93f219bc1621c8aa,7d0190486da540718e4dc4ca4bd1f573,0592b57e490d4206a3f12eb004a0afe0,44b3bc5953364d72a53edcf9fc4f1fed,3c0f3b44c0844df49b5898406fe9195a,bc13c2b0221744a29a8ddf56aa015df9,b2992fe473124dd0b895cf81f59f6db6,0092d1d820c64646b8bee9fd14f77acf,db0c3a952e454b90aa4a68feb6a50e87,70558882c04e46bd99d15e9786468418,f1eecad10a61421eb16b1be7435d9c19
701794a02e204afbbbd3a8689e7eb5f0,7d0190486da540718e4dc4ca4bd1f573,0592b57e490d4206a3f12eb004a0afe0,44b3bc5953364d72a53edcf9fc4f1fed,bc13c2b0221744a29a8ddf56aa015df9,f1eecad10a61421eb16b1be7435d9c19,b2992fe473124dd0b895cf81f59f6db6,6dc5832f0ac04df2bd99c6415b3ecf09,3c0f3b44c0844df49b5898406fe9195a,e53dd6188816429ab915de6f9649a026,da61d9bc8f024a4aba18d5c3072b7838
fc791f8358f54a66be0e95f809bc8e2d,84581d81d46d44bc99ffb8f871646a7a,db13ed5446be46269dff3de3c1bf2660,f91157bb8fca4a8e98db33591a76be9a,4a6eba10a02a4ecdbb6b25e8651c3789,26b18153216b48d793b75598ddb54d77,a055f8188384479a8bad418f7dffd9a5,eafb3480db704d7baa8216ce857d1610,ccb62901750b4d13a922fc161b607f83,9db7d32d79024ba6a73c55fde6f55968,f69855cdf66d4f6887ecfd0ddb9014b5
24729e6784174289859f89243ee3228c,db13ed5446be46269dff3de3c1bf2660,43ee0103cba54b4e9d165717735ca0f6,84581d81d46d44bc99ffb8f871646a7a,36ac84a73ad34261ad45cf569edb60af,1f3cf50fe1f947d8a56e02ebca441c4c,c713a0ca69864ee7b240069c98dc44dc,2b039224b54142d185a406b31fe01de2,98b2022b2cb84af09ee8b789db928b13,2c8eafa0ff26437a862dc2224ab57073,bf789f42ccfc42c5a330a3f6e30ddb83
ca6805db708f46198fe4e47abb975231,17b5eb6fab65476f827dd355b4a20a55,3ec67e948e15423fac23fdd38a7d4cca,d87bd2402bef4672be17b62cec113ba8,0092d1d820c64646b8bee9fd14f77acf,1aef014473b84ef9a0f799114fe516c9,91f9f8576e5142a49926bd623b0bc19c,31a2675a2e944a1ab3b810cfb92ebd34,724a3f6551e74ad585bdeac9a75fd639,91f0da6d71574ababd8e868bddec9310,ba8d0208e32e42969bd4349cf24f6ed1
98ab5e0cc5f8413e993869c9729b464d,8987ceafff324f9599b842542e37eddd,17b5eb6fab65476f827dd355b4a20a55,ba8d0208e32e42969bd4349cf24f6ed1,b4dadb3ea3a04cc3932094471debce13,b0236c76ae244fd8aacbea7da10e55ca,7584980704ae4617bb27ca162cc9c5db,d2a03ea4b2d3439ca3dc6fe056ab0f04,ff171f0b29974f78b0e81fee30abdd38,a055f8188384479a8bad418f7dffd9a5,5fc200cab89346658c9c91cce27e85fe
6cd0e8707bc64b2a808ed3479ee223ab,acbf8eae7e064c11bab7adf66f216990,6af17cec494c4373a95865d270a29171,597aab8bb15240f89fd1b24a8e38258d,434551fdf9e443ed91679a9557ae6fd5,051d304b7139431fb3bff19b4e75aff7,3e6a4b65a1004c08a6f3f570cf986c2f,b83013f4c5524232814efa0f8651867f,e8c8742459dc48a49080bf0e5b3fdee0,8dfd98bb97584157b207e1f4be471a8e,4285b02dc9164cb9bae36b0566bb42f0
dbec5198890f4c209fd8ef08d73c40ce,597aab8bb15240f89fd1b24a8e38258d,acbf8eae7e064c11bab7adf66f216990,6af17cec494c4373a95865d270a29171,b83013f4c5524232814efa0f8651867f,051d304b7139431fb3bff19b4e75aff7,4285b02dc9164cb9bae36b0566bb42f0,701ac1447f5a414e81156a56c3593a31,2fcf4a04d3654ffb9a5c1dfa3799e4f0,e8c8742459dc48a49080bf0e5b3fdee0,40f040fd5c824c8e8e710af1fdf70b5f
ee7c4fd5b21848a380cf4e90f9f5cdca,acbf8eae7e064c11bab7adf66f216990,597aab8bb15240f89fd1b24a8e38258d,6af17cec494c4373a95865d270a29171,b83013f4c5524232814efa0f8651867f,77c8b175ca9d411b8d28d1ed0dc40304,4285b02dc9164cb9bae36b0566bb42f0,06a5f0cec6ce4170a02dad0ad4c55b1c,4c8476482736459881e2a3b0509ee103,761a3a01495143f0a86beac4234cae3a,d445ccdb4cda497e9f0343a3298022d2
b0a8fa5a4b474306b97fd69abcdc245f,6af17cec494c4373a95865d270a29171,acbf8eae7e064c11bab7adf66f216990,597aab8bb15240f89fd1b24a8e38258d,097c30a7f39a4a3abf6da2ca80cad3a5,051d304b7139431fb3bff19b4e75aff7,27a67d3e76814297aebf64e03d14c336,8b038cd0dafd45d8b1ce75177ca3a76b,98b2022b2cb84af09ee8b789db928b13,8ebbcf8e4e6f400ba1839e9d75806274,1da8cc33bb474411ae16db0233210125
2c22ed57d17c4aa097b37805a50b9294,2c82919b038847fabbf5d13ca5ac55a7,f59a3ee5387440d981754b6595e8664c,88353d1136d24836816b073de62e5f50,09f4970dfe684b809bc0959fb62f41bf,9daaefe080b34656a0c7a54d2d6a1713,d33407004b9e433a9d4147cfe6584d36,c5486d5e31084ee797da0ebdacb17abc,86f59bd78b424260b0cf356f2f9ae734,66cba49431224a3788f914d6a80165e1,3574ab91c29940b3afc62354ae06b73b
ee0bdf8b7e3142509f97816c8fae19bd,09f4970dfe684b809bc0959fb62f41bf,0842a796c09b4089933a4f27e4e5e3bc,86f59bd78b424260b0cf356f2f9ae734,d0b6e9c1cc5341faba9e03c17767bc2e,570f08ce2a1a47978eab16bf7ad16a68,93dc50abd35349f7923100dca2f41002,f59a3ee5387440d981754b6595e8664c,4c8476482736459881e2a3b0509ee103,13aca0959cc948cabeee0d7255f55a65,2c82919b038847fabbf5d13ca5ac55a7
a0b880f475f147f08f11e0a27dc48fde,2b039224b54142d185a406b31fe01de2,7ab9086baf99475d8c93862a7dd36344,342aaa81ed004635bbf9cbc2592cd7b6,599feb1e512c43ad8c0a1845922acf78,bf789f42ccfc42c5a330a3f6e30ddb83,ffe2740eee8c49b39b2ce41f9983bcb4,78d0265d47df4f4cb7153da919763730,f5d09519cf7647f8a107cd8fadd322e5,b626eb67c2e14afeae2846bb150976f3,db0c3a952e454b90aa4a68feb6a50e87
fad484e776d145428e5c2ae92aec4908,342aaa81ed004635bbf9cbc2592cd7b6,7ab9086baf99475d8c93862a7dd36344,2b039224b54142d185a406b31fe01de2,3c1b91a23b694da1973dbc5f75f2f3ed,f5d09519cf7647f8a107cd8fadd322e5,701ac1447f5a414e81156a56c3593a31,69ac8397e9624bfd8aee237b9f9ea3b5,bf789f42ccfc42c5a330a3f6e30ddb83,37ae696e40dd42ebb4738722daa3c523,230b9ef63ea240e9b61a18f41473f942
f2b99340a8304f42a058a44fd793927c,2b039224b54142d185a406b31fe01de2,7ab9086baf99475d8c93862a7dd36344,342aaa81ed004635bbf9cbc2592cd7b6,599feb1e512c43ad8c0a1845922acf78,b626eb67c2e14afeae2846bb150976f3,f879b316413f45d2b64bb25e3f45a667,bf789f42ccfc42c5a330a3f6e30ddb83,37ae696e40dd42ebb4738722daa3c523,cd764fbfae774d068af7549c648a02c9,64fc9fe3c8d5424ebc005e5cf4a608db
9ad1273ff93d4e9fb7ade33dd8e0ed98,342aaa81ed004635bbf9cbc2592cd7b6,7ab9086baf99475d8c93862a7dd36344,701ac1447f5a414e81156a56c3593a31,3c1b91a23b694da1973dbc5f75f2f3ed,cf293392122347a180cf2126f4589acb,69ac8397e9624bfd8aee237b9f9ea3b5,f5d09519cf7647f8a107cd8fadd322e5,1393dac7d34b4c34b1a8091a5bea3663,5e199f7727cc4910ad88dbd81ed1ec82,2b039224b54142d185a406b31fe01de2
50cb33eef1b94f6c82103b39c1b98881,36ee1613abf245cdbe93fef69b5f981f,47eb17da319d440aa52da8008c26327a,236c362d8b664c93b41882c119df9706,a70909d3ce0d4235913b5ce6a138dcce,93dc50abd35349f7923100dca2f41002,56272326c7e94e419ea8c69fb634f610,1004b33e3126472faa78e1929ed974e6,9ffa09a2b9bd4da0ba98fc537ca68802,5a9a716f53364389864a4018d9e9c6c0,77c8b175ca9d411b8d28d1ed0dc40304
7990224cfabd448689a4ce3026d9fe41,47eb17da319d440aa52da8008c26327a,36ee1613abf245cdbe93fef69b5f981f,eafb3480db704d7baa8216ce857d1610,268f8ec9f2734029a8e75857db56ccb3,a70909d3ce0d4235913b5ce6a138dcce,7326afe68eb64b63993b3dae022c645d,77c8b175ca9d411b8d28d1ed0dc40304,361f2b7f3f044907b3a331872fb18755,22d9d5ad33e947fd857c5c4a8b7dfae1,f59a3ee5387440d981754b6595e8664c
fde89e1ecf8840fdbb45c55139eec70f,47eb17da319d440aa52da8008c26327a,36ee1613abf245cdbe93fef69b5f981f,7326afe68eb64b63993b3dae022c645d,268f8ec9f2734029a8e75857db56ccb3,77c8b175ca9d411b8d28d1ed0dc40304,d9b97376c5e44d8786f861a5788af644,1b827db6f6cf4ecb850928c2f9e41de2,eabdd2813a954f9aa01f0eb8212ee387,f59a3ee5387440d981754b6595e8664c,eafb3480db704d7baa8216ce857d1610
7141972968b840058e50af9c047f1975,36ee1613abf245cdbe93fef69b5f981f,47eb17da319d440aa52da8008c26327a,236c362d8b664c93b41882c119df9706,a70909d3ce0d4235913b5ce6a138dcce,9ffa09a2b9bd4da0ba98fc537ca68802,eafb3480db704d7baa8216ce857d1610,1004b33e3126472faa78e1929ed974e6,7ec1584e9a5b49eab9ef249143d9bb86,4a6eba10a02a4ecdbb6b25e8651c3789,eabdd2813a954f9aa01f0eb8212ee387
978ff949184e4cfcaa6168bf5ec8b635,ca5add3cbf044a95a5bec88a5841ce98,1ade4365590a4ac7865100d8c791e340,e8c8742459dc48a49080bf0e5b3fdee0,7c1126d46a934db6b951d1e98feae327,673aee19895b4d339ada93213d8874ac,82d68ea370f8451aa16ea08f4601245c,7f0b453cc8c14156802497f5cbae9d62,74de04f31db94a99b757685c91779412,7627d5e28ba74cbeaf9225e88a7a44cc,403835bbf2f1447188bcc78e062b0028
e8d5f4039a4c41ca879ab577cb031ff6,8dfd98bb97584157b207e1f4be471a8e,5be48a6bc26044f2a2e4e9b6a223c319,403835bbf2f1447188bcc78e062b0028,e3854d75221c4e38879a6106bb5c1941,664da77d25e74df693eaad44a5e7617f,8889c114b071429cbe2418f5b0f2024b,7f5b658239034d35b7f4cf1c63cb388c,6252aa87531748e5bac5f6c65fc87e14,82d68ea370f8451aa16ea08f4601245c,33e2a95109e647cbb4ba2687631b169a
652ddece31c14123bb00ca0f797d5627,c3502ff31ce6459a96164c934f297562,8889c114b071429cbe2418f5b0f2024b,cffbff4deb374fcf850c679899c6e3f8,f532294d68604bc2aa9ad8804a8c6d5f,0c889c151e094b948c13b0275e660a9c,797cc520b8c94d9bbef187818ab51647,44f41e6e6faa4facb0bb9a72205229f8,13e659415ac84c7a81fc769111d43417,2639b6540bda414f8a9baa3b5cdb612a,7c1126d46a934db6b951d1e98feae327
35b575c8f0a94d4691d7fa9a39e399be,ca5add3cbf044a95a5bec88a5841ce98,74de04f31db94a99b757685c91779412,403835bbf2f1447188bcc78e062b0028,9bf3b77eb9874f5f9e006a9cff111ea9,7c1126d46a934db6b951d1e98feae327,4c67cc7a1ccc496db132636e3f4853a2,27a67d3e76814297aebf64e03d14c336,cc243eebbb2b44a581745865a60c423a,c1d504dfeded4b8bb3c07777b7c7abde,1ade4365590a4ac7865100d8c791e340
9137d9f3709b476a856868040dd81177,2c8eafa0ff26437a862dc2224ab57073,a4af9472683c4df0a86f9400c99c2b61,8987ceafff324f9599b842542e37eddd,3ec67e948e15423fac23fdd38a7d4cca,8683a3ad55d84a78834fabe20cde5269,5e44915237fc4445b54b037e1c4e29a4,db620271348d404a9a0b978d96c63f29,514537782f6549c488a1b932939b4128,6bde760ad5d4485db9889b1bdc074005,dbf0926f9f344f1d88b114660db4d2eb
19e0f2444bd641bb81c4b9604f3c5b79,2c8eafa0ff26437a862dc2224ab57073,8683a3ad55d84a78834fabe20cde5269,4e4495962a9b4864882397042f1a2b3e,7584980704ae4617bb27ca162cc9c5db,5e44915237fc4445b54b037e1c4e29a4,6ae72ad649c54129b992d321f8f29122,0cdb0f32850f4585a16de4886462bbe0,d0e41bf891254ba0872f1641139f84f6,dbf0926f9f344f1d88b114660db4d2eb,e06d08ff594a4acbac12edf579743fcf
f8922388774b4a008a6c8d856099d30f,6bde760ad5d4485db9889b1bdc074005,5e44915237fc4445b54b037e1c4e29a4,a5d5fb459a1844088e93ae557ab34afe,eabdd2813a954f9aa01f0eb8212ee387,be8953cc364d46cebbcc2c2da2c348ab,d2a03ea4b2d3439ca3dc6fe056ab0f04,403835bbf2f1447188bcc78e062b0028,e6afe89ff7bc491193141c057083d8a8,04d24d1cf42b4f7787d8d300cbad6d50,a2612682d9854a30a7684c91c8619ec9
d6305586e401475b931a4998caeab35e,65e52d14d4d64d4fbad3de6ad319e745,8b038cd0dafd45d8b1ce75177ca3a76b,14f4db886cca4104877ac7d1d7a64133,07d869789eda4445a1ecfe59c331db0d,50a2129b83404b94889a01f4688ebafd,be8953cc364d46cebbcc2c2da2c348ab,a5d5fb459a1844088e93ae557ab34afe,714e47cd21e5416f864a4bc938850a72,403835bbf2f1447188bcc78e062b0028,4a7fa5a1bafe4b6995e2920444ac07c4
b1b3c914d57442e687d0d798f678582d,3f28365e18244eb28cc7d23de8895956,c235728f290a44d6a5fc2e14111ae02e,0e8487b2e6a2439b9e6623a1e2e5e19d,415641aa43724ed9bc4710302b77edc3,ac5a760b45c146ec840193371cfb2d30,69ac8397e9624bfd8aee237b9f9ea3b5,0c889c151e094b948c13b0275e660a9c,664da77d25e74df693eaad44a5e7617f,1f9cd7f2b7a14e2f8d490a104a56edcd,15b7b988bba143989cfd98d5c6c4d203
1e71c6d2af1b4a24867e8235df8f68be,0e8487b2e6a2439b9e6623a1e2e5e19d,3f28365e18244eb28cc7d23de8895956,cf7476d6c96b4dcdb6f025b9291eb62b,f4b7e6e902e344859cb041126b69ce3c,0b57f893483647c3aed811775a4c4c04,664da77d25e74df693eaad44a5e7617f,1f9cd7f2b7a14e2f8d490a104a56edcd,8228c9eb29a542ba98c8b9b854eadaa4,db620271348d404a9a0b978d96c63f29,a8904adcdd21495f890bc614bfdbf86f
10a5c96cf3974eb4a43ee1190f555041,0e8487b2e6a2439b9e6623a1e2e5e19d,3f28365e18244eb28cc7d23de8895956,8228c9eb29a542ba98c8b9b854eadaa4,1f9cd7f2b7a14e2f8d490a104a56edcd,664da77d25e74df693eaad44a5e7617f,7226603f024c45c6a6e44b00e52e8aad,5760084aabef4d8095b2d21902151f64,a8904adcdd21495f890bc614bfdbf86f,27a67d3e76814297aebf64e03d14c336,cf7476d6c96b4dcdb6f025b9291eb62b
e06807ddbe0f47fbb2131d40df566c5d,3f28365e18244eb28cc7d23de8895956,c235728f290a44d6a5fc2e14111ae02e,415641aa43724ed9bc4710302b77edc3,0e8487b2e6a2439b9e6623a1e2e5e19d,664da77d25e74df693eaad44a5e7617f,ac5a760b45c146ec840193371cfb2d30,714e47cd21e5416f864a4bc938850a72,69ac8397e9624bfd8aee237b9f9ea3b5,b3f8b4bec0164d0e81997b4f5a277e8f,4d5cbe57c3094d01843e4f950a280b50
f191bbfff07e4252b111e35c94ed290e,40a95697730046dcbb0d7ba1fe2109a6,e2e0c8c96aff4c00896ac6986bbb20c2,8b038cd0dafd45d8b1ce75177ca3a76b,384f94503bcd4f4c863056ad69f45b43,19098957d8c24cab95daa30c2baefd8f,cb550e5ff4694fe9a19eaa6588cef250,d658e3a743af41899183fecff6b2628d,25afb6f7e9314af09008644bca5955b9,d43b0f94627d45918e18a80be127aa2c,ec4820b018a04967a457a9c032a51dc6
3933d083cd9e45fdb173f91329f16538,40a95697730046dcbb0d7ba1fe2109a6,8b038cd0dafd45d8b1ce75177ca3a76b,e2e0c8c96aff4c00896ac6986bbb20c2,384f94503bcd4f4c863056ad69f45b43,85d4175b563d48e5bc6a991b23662f24,cb550e5ff4694fe9a19eaa6588cef250,19098957d8c24cab95daa30c2baefd8f,ec4820b018a04967a457a9c032a51dc6,3f23eafbd9cc4e209aca631fd6fc9dfd,d43b0f94627d45918e18a80be127aa2c
643c0eec1efd4728b8264ce4fed0d3d8,3ec67e948e15423fac23fdd38a7d4cca,8350ea8cd6514c2c8d7b625abe7e895b,2c8eafa0ff26437a862dc2224ab57073,ccb62901750b4d13a922fc161b607f83,039f8e63b273472d8f1d99d9a5de5cf5,fc430b7683934be2aba12468b2409bb8,88353d1136d24836816b073de62e5f50,cdd73e0289aa4e2b87cd14e6ff5bd75e,35d06fce2df446569702778e2250bd82,4c36aafaf38f4e9e9e09991737196fe1
effe6696627f429091a6dd53f02eefb5,a35fecee62a9432da0c413f65e895e8c,39a08a87897f47d3bdbbdc5ed8c9cd7f,4385ac4645b34f3c8a44c4676ebcd8be,e343a998f4df4ac195c84e0fb571a393,67dd23cfd20f46dc82acc82c108a1dc6,dd77b570036f40de9fdf49011bb9e2d8,384f94503bcd4f4c863056ad69f45b43,26e55eb4d910464497d700bfdf5a36ca,48240083d13148bd84ddee8c7f9fcd22,f3fddb55448a46778b5d807642cceb71
8fb15d3cacbd407bb226320c3829b9d1,3827ad869b3740278b98db4e65c40e0c,d43b0f94627d45918e18a80be127aa2c,ae3f42d57b3046a3821026173286a43e,7627d5e28ba74cbeaf9225e88a7a44cc,8b038cd0dafd45d8b1ce75177ca3a76b,8350ea8cd6514c2c8d7b625abe7e895b,d695b7afdc3841a28a56df578e56afce,b8da01ceddcb45a491a288ddbc658e90,8987ceafff324f9599b842542e37eddd,2ea3b46262e649f79900258cd90cce31
9c535651e4904df1a59b82bd2baf303f,aaab880f032a4e00904cf50566164044,40f040fd5c824c8e8e710af1fdf70b5f,10b152bdafe94db8a93f7c374226a071,93bf0b86be094f68a9d308ca5ecfb4e3,b83013f4c5524232814efa0f8651867f,27fe100af7884932a33bf30f10dacc55,beccee3a988f48c1ad207e2380766fa4,7f5b658239034d35b7f4cf1c63cb388c,597aab8bb15240f89fd1b24a8e38258d,bce599075dfd4fac8dd78626106e3071
aa2f3a01706344a289a355c547d3ba1f,aaab880f032a4e00904cf50566164044,40f040fd5c824c8e8e710af1fdf70b5f,10b152bdafe94db8a93f7c374226a071,27fe100af7884932a33bf30f10dacc55,93bf0b86be094f68a9d308ca5ecfb4e3,beccee3a988f48c1ad207e2380766fa4,b83013f4c5524232814efa0f8651867f,ee89670285c74e27aa174dadf39fbca7,7f5b658239034d35b7f4cf1c63cb388c,bce599075dfd4fac8dd78626106e3071
67c8a3a3a76f47dca5dffc57df701923,40f040fd5c824c8e8e710af1fdf70b5f,aaab880f032a4e00904cf50566164044,10b152bdafe94db8a93f7c374226a071,27fe100af7884932a33bf30f10dacc55,beccee3a988f48c1ad207e2380766fa4,acbf8eae7e064c11bab7adf66f216990,4285b02dc9164cb9bae36b0566bb42f0,93bf0b86be094f68a9d308ca5ecfb4e3,d9b97376c5e44d8786f861a5788af644,597aab8bb15240f89fd1b24a8e38258d
517a4c8e0e5e4627b780d2ab38493bcc,d9b97376c5e44d8786f861a5788af644,eee7f32249c5452ea36c8ed3a3540010,6f57d1175ad243edada61643d01fcd54,9677dd2a3aae457a8079087ce4177e14,40f040fd5c824c8e8e710af1fdf70b5f,aaab880f032a4e00904cf50566164044,7d5c0a2bfccf4255a43d9bd0f84a6d3a,9ffa09a2b9bd4da0ba98fc537ca68802,0228b1e9e3244da3a727930123ba7bda,c756409435634fc48c643a64e73c93ce
80e36297d12e404b9094dc65f4ffd3d4,4c8476482736459881e2a3b0509ee103,5e44915237fc4445b54b037e1c4e29a4,79721c9bb6a54ecdb3d0a0f4011762c1,11e1e3cdfe214385a2c24d0f957dde9b,45f4192f485a49d9a75219ae4d0c41ee,db2466dc7da64ac5a2a21c20ace67856,77d8e01a914d4f4a8b87d407e0d741aa,65e30dd62cfa4dccb9ea4d908a9d6fab,dbf0926f9f344f1d88b114660db4d2eb,3675c688960a4f3b9f82c4ccf4049e93
b5f4062f90b440998365198d9656fe97,45f4192f485a49d9a75219ae4d0c41ee,6bedb2d6ace34e18811b7f1206b2d1b0,3e6a4b65a1004c08a6f3f570cf986c2f,af648fa7ac6c4c50a246de470329cd83,79721c9bb6a54ecdb3d0a0f4011762c1,dbf0926f9f344f1d88b114660db4d2eb,5b588e34588940788a22036b775ecc2f,77d8e01a914d4f4a8b87d407e0d741aa,5e44915237fc4445b54b037e1c4e29a4,11e1e3cdfe214385a2c24d0f957dde9b
0471ac805c4b456db243f0805797f2dc,595e438d2b394bb3a3259f47efd37ae8,e4fcd30261804b089efa940359057ba2,7ee65b33f8f44852ada468b1fed83433,e0d8aee46b1d4d998858cd05027251b6,f0084465b2e646c9a53d9dc766067d9b,d65e3a3657ae455e954b6d7221afc84c,e43d8e7bc32f406b9a692e2604f5b45a,a9d82bb43410405ca21b44a5e82e22b6,dd9e8283197b473d8ffd502561bdaaec,0d0973762130427eaa2ce9a7a34517db
72d5e8cd4b71425f86534cb71655d3a0,595e438d2b394bb3a3259f47efd37ae8,7ee65b33f8f44852ada468b1fed83433,e4fcd30261804b089efa940359057ba2,e0d8aee46b1d4d998858cd05027251b6,2d812431f07c44f1a56a71c72766e0b0,3d3e8565d2f84e0cad5ae622f2909765,e0ff5d4ae0ec4871a49041d550cdcaa9,19098957d8c24cab95daa30c2baefd8f,e903085a3f944ad2a41c37306b4e6ab4,a0b4d283f12a407286dbeaa3a4d128a5
7c6759369d574b4cadfde359fe6eb481,e0d8aee46b1d4d998858cd05027251b6,24c55bb5cd694770ba895c7401da2ba5,595e438d2b394bb3a3259f47efd37ae8,dbb3fe11ad004895b302a84e7c066fcc,f65b6fb5b40a49d1896de7a115469d40,b2bcb4d9456c4763a0159ffd1f3660bb,27a0d24dc1e14b28a1f18456b29c93f1,19593c97fef0474dbe6051e28338f1e9,30578712823948b086e3781343982938,cb2505b30d8a4dc086c353cf94424b6d
bba1dbc4ebc4401eb489ace7cdfe3d62,e0d8aee46b1d4d998858cd05027251b6,595e438d2b394bb3a3259f47efd37ae8,24c55bb5cd694770ba895c7401da2ba5,dbb3fe11ad004895b302a84e7c066fcc,f65b6fb5b40a49d1896de7a115469d40,06a5f0cec6ce4170a02dad0ad4c55b1c,243dbbcdc67c42bfa6f32c47477adf6d,e903085a3f944ad2a41c37306b4e6ab4,2c3599a1611644f4908562f8fb8870d3,3b37a4c34b6e4ca89a04da864e141422
fb8a64be87ed4691b554bac222e157ab,6ae72ad649c54129b992d321f8f29122,cf7476d6c96b4dcdb6f025b9291eb62b,503d2f067a8a4f5798b1c64b07ab0bc5,772cb9726861451d9972604da6f65c55,f65c7f50929f431dbf31b441d87616d0,64d9091426f9461c97c98a5428856bcf,70aa10580bfe4069bdaa5721ae2d29db,076e2669c305401fb3afcfafdd6c79c7,f2cfa68a47ce4a43a0fe1cc7dc860418,bf789f42ccfc42c5a330a3f6e30ddb83
af9351fd1bff4f5bb9e89603c818f703,6ae72ad649c54129b992d321f8f29122,0c889c151e094b948c13b0275e660a9c,503d2f067a8a4f5798b1c64b07ab0bc5,b5f237fefb38465bb6a068c9cf75ba31,898eabaaa1a047e18aecbb1c5a8decbf,c36ef11228124c438ed3256c9822b03d,8f0e477fc779414e9b47995c0b25a87d,cc243eebbb2b44a581745865a60c423a,c750a2994555414790abb3281572bb42,76e41369a6794714a9fab6968839bfe6
9a2ba0ba753c40439a29734968bde279,503d2f067a8a4f5798b1c64b07ab0bc5,0c889c151e094b948c13b0275e660a9c,6ae72ad649c54129b992d321f8f29122,b5f237fefb38465bb6a068c9cf75ba31,133bfbe9a7c741fcb638ecf1b0088213,b90d74e80c37486eaee89b6fbab13671,434551fdf9e443ed91679a9557ae6fd5,8f0e477fc779414e9b47995c0b25a87d,aedd476072b345e9be46ebd7260e93a6,71c1a8479b194efca65b44fb7f327afb
b92407443bc54ed2805842ca07219659,6ae72ad649c54129b992d321f8f29122,6bedb2d6ace34e18811b7f1206b2d1b0,812a1568c77d46e695f8eb7357e24a0e,cf7476d6c96b4dcdb6f025b9291eb62b,7584980704ae4617bb27ca162cc9c5db,c1def54262224e23acf67a9870725ce5,0ecfdd96e0054841883acba75e83b232,664da77d25e74df693eaad44a5e7617f,e0ff5d4ae0ec4871a49041d550cdcaa9,a055f8188384479a8bad418f7dffd9a5
79f37cf5db664eceb1acbe56e59fdba2,c756409435634fc48c643a64e73c93ce,b9228fdb5f0c413d81cffb51829d95c6,225818abe99e45a0bf5b0b3ec30db76b,74bd120b8f714d03bc9dd1a703fe4d7f,236c362d8b664c93b41882c119df9706,5a6f4a2f7f6a4b1fa146493472e6d721,b33a0f5b564a4942b04046ab7a8e2aae,93dc50abd35349f7923100dca2f41002,4a3d4daed4b24a1898551f0fd1ba44f1,ce4fdd5499f8498793c11e586f7da70c
8d3b90a569d64372a82d9a26b511d43b,b9228fdb5f0c413d81cffb51829d95c6,c756409435634fc48c643a64e73c93ce,df5ca61304074da1bec8f536ab50baf3,ec07b4e88bea4086a5eafed96d81edb5,225818abe99e45a0bf5b0b3ec30db76b,ce4fdd5499f8498793c11e586f7da70c,e1c63000ace94c1d9381d82389fe6afd,a70909d3ce0d4235913b5ce6a138dcce,93dc50abd35349f7923100dca2f41002,236c362d8b664c93b41882c119df9706
9203f26b661c4f00976012cebd86ad3e,b9228fdb5f0c413d81cffb51829d95c6,c756409435634fc48c643a64e73c93ce,df5ca61304074da1bec8f536ab50baf3,225818abe99e45a0bf5b0b3ec30db76b,ec07b4e88bea4086a5eafed96d81edb5,ce4fdd5499f8498793c11e586f7da70c,93dc50abd35349f7923100dca2f41002,56272326c7e94e419ea8c69fb634f610,7ec1584e9a5b49eab9ef249143d9bb86,a70909d3ce0d4235913b5ce6a138dcce
bbfbeffe205f44cd8c5bd867f70dc0cf,c756409435634fc48c643a64e73c93ce,b9228fdb5f0c413d81cffb51829d95c6,225818abe99e45a0bf5b0b3ec30db76b,b33a0f5b564a4942b04046ab7a8e2aae,5a6f4a2f7f6a4b1fa146493472e6d721,93dc50abd35349f7923100dca2f41002,74bd120b8f714d03bc9dd1a703fe4d7f,da61d9bc8f024a4aba18d5c3072b7838,ce4fdd5499f8498793c11e586f7da70c,9677dd2a3aae457a8079087ce4177e14
24b76ac90a84462d903374be9d0b2c6f,7d6cdff8c9ac434196df803628fe9f62,71c1a8479b194efca65b44fb7f327afb,1a842f077119475794cc2de48e154374,230b9ef63ea240e9b61a18f41473f942,772cb9726861451d9972604da6f65c55,597aab8bb15240f89fd1b24a8e38258d,6ae72ad649c54129b992d321f8f29122,384b14b18c3c43b1a4dc1aa2f661e076,570f08ce2a1a47978eab16bf7ad16a68,191b01e1728e4583a8ead5a86db27370
eeabc5200c23495e9decc640bc81697b,7d6cdff8c9ac434196df803628fe9f62,772cb9726861451d9972604da6f65c55,71c1a8479b194efca65b44fb7f327afb,f37d285ad0de42f0b1546d0d1acfb221,1a842f077119475794cc2de48e154374,b98519f97e424c1389f5553f0869b15a,42805d29975b400ea7c570fc45ec4938,af532d6e5090478ba520505d5f9107f2,250d411ae270441085be3501b7b55d86,77ce0587a12b46bab8814225ba86753e
f7df9ff1967f4b5aad8cb6deb163fa95,dcfb738ebbc24f09bb680fe3a52b702e,2d812431f07c44f1a56a71c72766e0b0,7070715ef90743da8691dd4ad134eb0c,1e376f9d0945477983c8d851e4b2cf5e,7e8a4a43e2f84dbb88e41cb24b3fe79f,7ee65b33f8f44852ada468b1fed83433,b00b2395b49949508fade89bb3eac98b,de1102228a324428989533278cd482f6,b3a022950e444682a113cec5a0537f6a,74644c8cc17449cf89379868e7b21398
aa188e907acd4beab124f5f8ad0694d1,b6c493a3666c4db193e86c79faf099ab,2d812431f07c44f1a56a71c72766e0b0,dcfb738ebbc24f09bb680fe3a52b702e,8dfbb6a204a0441492c35baca6190969,bce599075dfd4fac8dd78626106e3071,d75a52d716984f318f976bbfc7bee787,57430214baf045cb92fa3b3b70a4ca3f,f65b6fb5b40a49d1896de7a115469d40,de72d25d08da4b03ac6f6411ce30e07c,1a842f077119475794cc2de48e154374
dcab7d1f66534e95aab82c2040294de9,ac5a760b45c146ec840193371cfb2d30,9bf3b77eb9874f5f9e006a9cff111ea9,c66c6f1449d44728a2ef72de53dd6d5e,b83013f4c5524232814efa0f8651867f,36ac84a73ad34261ad45cf569edb60af,4285b02dc9164cb9bae36b0566bb42f0,c1d504dfeded4b8bb3c07777b7c7abde,13e659415ac84c7a81fc769111d43417,48c31b1e2ce94de8968fab433813fa91,31f80e4c87164e2893375ec7e73b372e
432081bba65f4c408b3f3783b0d361dc,ac5a760b45c146ec840193371cfb2d30,9bf3b77eb9874f5f9e006a9cff111ea9,c66c6f1449d44728a2ef72de53dd6d5e,27fe100af7884932a33bf30f10dacc55,e8c8742459dc48a49080bf0e5b3fdee0,a9d82bb43410405ca21b44a5e82e22b6,403835bbf2f1447188bcc78e062b0028,8987ceafff324f9599b842542e37eddd,29fb30a75c57451a85f310aa6423a662,d75a52d716984f318f976bbfc7bee787
c385a042fa734b73b1bcbec2e14a9dd0,9bf3b77eb9874f5f9e006a9cff111ea9,ac5a760b45c146ec840193371cfb2d30,c66c6f1449d44728a2ef72de53dd6d5e,27a67d3e76814297aebf64e03d14c336,3aaea7fa41fd43cdb88f8ef59062c5df,52ee59901f3b4de884d7a6720538aed6,415641aa43724ed9bc4710302b77edc3,ca5add3cbf044a95a5bec88a5841ce98,3f28365e18244eb28cc7d23de8895956,199647bd1328406c83c5a875154f97d9
0b33aed54f7445caadc031f47ad62603,9bf3b77eb9874f5f9e006a9cff111ea9,ac5a760b45c146ec840193371cfb2d30,27a67d3e76814297aebf64e03d14c336,52ee59901f3b4de884d7a6720538aed6,3aaea7fa41fd43cdb88f8ef59062c5df,c66c6f1449d44728a2ef72de53dd6d5e,7199f2fe77824236a392e1f00a5bdfc3,8228c9eb29a542ba98c8b9b854eadaa4,ed4449952a9e45339b76fc5f123cb917,ca5add3cbf044a95a5bec88a5841ce98
8954e57cd5544eba8d9fec1e8cc5ea3c,1578afd6ce694d46ab6e24f965f51fd6,a9d82bb43410405ca21b44a5e82e22b6,d7c9dafddaf547159d366dacf7b68a7e,5f481b07f9734f518a14853831233b78,7862a63720b34104abf5bfa44bc8178d,9dd98c9126c44642a20711729f2e731e,b8da01ceddcb45a491a288ddbc658e90,3c0f3b44c0844df49b5898406fe9195a,1393dac7d34b4c34b1a8091a5bea3663,7d6cdff8c9ac434196df803628fe9f62
285ed58a8d154d748bba60ef4ef0123d,9dd98c9126c44642a20711729f2e731e,b83013f4c5524232814efa0f8651867f,ac5a760b45c146ec840193371cfb2d30,15b7b988bba143989cfd98d5c6c4d203,a9d82bb43410405ca21b44a5e82e22b6,2c3599a1611644f4908562f8fb8870d3,ab57f83304bc4005998bbd6bc063fb4f,5cf392f15360460bae6a6b0182bb99b9,b52468fc0af2435f9ba91939f72bbf6a,60e87368fe334a92b57088b03cccbfc1
9a11a8c9bd5f451c8babd3c4dde3d9ba,c78547bdc2e64ac8935559f7de2efd41,b425f33c33ad4be89a12da266d131a86,db0c3a952e454b90aa4a68feb6a50e87,d2bcc978e7aa49908919d9fc40138b27,5e0a2bc284cf4002914ae4e6aaef41e8,444fa28d9ed54c82a522699041eae592,7d3d751215194e649a03457226f599d7,cae139b6e4914ce7b0ef1e68b8b857eb,40f040fd5c824c8e8e710af1fdf70b5f,beccee3a988f48c1ad207e2380766fa4
68931fb463ea43e2b4aaebfa95817d2c,c78547bdc2e64ac8935559f7de2efd41,d2bcc978e7aa49908919d9fc40138b27,da9cfbdf124143b78bec89393dd5287a,c2b49382e2f34b1c90013236a5fbaef0,cae139b6e4914ce7b0ef1e68b8b857eb,d53fa54d5536463ab0d87648dfc5fd78,b425f33c33ad4be89a12da266d131a86,fb8c2b83e46441c2aaa7c81d3642e2da,268f8ec9f2734029a8e75857db56ccb3,db0c3a952e454b90aa4a68feb6a50e87
ee38dd3bcc4543afa6668b1cb7f04db9,191b01e1728e4583a8ead5a86db27370,b69c17a10a55494d8caa56c33e8f4a56,8a9dc60359ba49cd8ac170cfb4ac3913,02e1d712f37e428c998f72e7a7eeb1e6,77c8b175ca9d411b8d28d1ed0dc40304,b40d3c588ad647ff85e397a6bc5f9d8b,7d6cdff8c9ac434196df803628fe9f62,a0408a6462b24cf18e50a8616359d5ad,6dc5832f0ac04df2bd99c6415b3ecf09,0d0973762130427eaa2ce9a7a34517db
0c11c50aaac54a2c8cc725ff6073ce3c,e903085a3f944ad2a41c37306b4e6ab4,45e440d874a54bb591862ff441114cd3,86f59bd78b424260b0cf356f2f9ae734,4254f6eaaed746bea797c3522036fc12,31a2675a2e944a1ab3b810cfb92ebd34,772cb9726861451d9972604da6f65c55,595e438d2b394bb3a3259f47efd37ae8,e43d8e7bc32f406b9a692e2604f5b45a,9909a671f7414c19b2727e7d4d4dcf1b,cf290994a83e4909aec30077477b9d04
b092fbf434e14ff3911418a406a68bd4,e903085a3f944ad2a41c37306b4e6ab4,4e7ee74be72a461fa02fa61bee62bdcc,45e440d874a54bb591862ff441114cd3,d9b70c4ed8bb4fc5957ecebf102528ee,1b827db6f6cf4ecb850928c2f9e41de2,3bd43a42811048e3b7a7d9740bdb1971,0842a796c09b4089933a4f27e4e5e3bc,c588868fc3fd4e87a7cddf1ceb00b022,7f0b453cc8c14156802497f5cbae9d62,e86a0aae846a4e44bf967ab4972c977c
76d9f443399e491c9b01f4bb0f487d6c,7e17bbd109dc486c8f0a76f913782180,7879fa4d4db046a2a8d195311b6e5789,ca544e6629b14e8fab5f7cb40d1ac88e,bb84a4cf60c84a8d8e23276b1863d293,67984873125e4a0f9562179c906d1b0f,f5bcc6f48ed2447581b401d453039866,61d2391e8bc548b6bfa08f1ef2a0c47a,8746ae2ca7514699b629b4d9b5fe95a7,ef60b54aa4b5490890da32d0bb8c9cbf,a0408a6462b24cf18e50a8616359d5ad
1479ab485d6f4065a6b3679d81d7e6a8,7e17bbd109dc486c8f0a76f913782180,bb84a4cf60c84a8d8e23276b1863d293,67984873125e4a0f9562179c906d1b0f,7879fa4d4db046a2a8d195311b6e5789,14f4db886cca4104877ac7d1d7a64133,66cba49431224a3788f914d6a80165e1,d37bf09399d848df9a4d880fb097239c,f5bcc6f48ed2447581b401d453039866,a5d5fb459a1844088e93ae557ab34afe,cb2e893276894906976593c3edcb3a5f
ff9cb85ab2634f23a327ccaa9cf1e87f,d33407004b9e433a9d4147cfe6584d36,af532d6e5090478ba520505d5f9107f2,de72d25d08da4b03ac6f6411ce30e07c,eb21a4e2b7bd43efbdf0c365415e7fef,999a2b52a5004ee984e587d5a1327b23,5abf57d57d84440e94d0d2e2ffb37575,5f481b07f9734f518a14853831233b78,b6c493a3666c4db193e86c79faf099ab,243dbbcdc67c42bfa6f32c47477adf6d,40f040fd5c824c8e8e710af1fdf70b5f
041fe9a0e0e3466eaee94e0c5058d4dd,ad054da7e1704a53931a341173f0605f,48c31b1e2ce94de8968fab433813fa91,66690895454847fea5a000202fbfab2e,3cb231e1167e45f9bf5771a4e0074092,3c0f3b44c0844df49b5898406fe9195a,afaf2edba0ee4d58860a5a04e4aabc5c,c14e45f5201b4038bdddddb238d888a3,b3209c60460a437294e2b30a9e9d3f53,5537ddec608a4ec586ea068fa27547ca,db0c3a952e454b90aa4a68feb6a50e87
63ce6205810547c2adaa5dc2398e9bf7,eb21a4e2b7bd43efbdf0c365415e7fef,1232f20e710b448e8c0538b9e84dab1c,f1eecad10a61421eb16b1be7435d9c19,5537ddec608a4ec586ea068fa27547ca,9fd4c00672d84215b3e21812aef3d6ac,250d411ae270441085be3501b7b55d86,babbeca1f6a244a2a11ea77a3855e70f,fbfaa119f55a477984e42d80498f54d3,0e28ed072d6c444aa6f02e64955b44c6,033f1514c78b49dd82148b94f6bcbeba
701bc8401f56437f823f5613549de41d,0971af4212484a958eb0f60f93d1dfe0,a055f8188384479a8bad418f7dffd9a5,5be48a6bc26044f2a2e4e9b6a223c319,599feb1e512c43ad8c0a1845922acf78,d9096650c434432c871effeca9acd5c6,39e2b00e1cbd471488cf56f31d2cec7f,039a871609044cb1b69f70c082fe61d8,e511c40ca6324803b5021e47b4e777f8,daed5458403e49e3aea72f4bcc6dd224,e12ad1ce8e7940a999b9a4f91a95fab7
f9d2d9f3c3fb4720ba92d227f72aeef0,25109e3a7df549e5b380aae716d71366,0bd1cce9370a461089e25393086800a8,eb21a4e2b7bd43efbdf0c365415e7fef,fbfaa119f55a477984e42d80498f54d3,9d09e3cd382c4d0ea0f6f50261e3e4c8,563043f180e54e238ad4876974e5db4c,b3209c60460a437294e2b30a9e9d3f53,20297482a5014732a843c9fdafba548e,1232f20e710b448e8c0538b9e84dab1c,42b6af4853fc465f83ec054f8f8289a4
127069977daa41d78cd4642f658c4171,0971af4212484a958eb0f60f93d1dfe0,78d0265d47df4f4cb7153da919763730,590df34aa41f46e9ad13ffc6a98da3b7,9c69642fab6749848e7ea7f5406a6da4,03df72bcf3504272a27f4bbaea89118a,f6061b71031b4ddb9384f86c103690a4,daed5458403e49e3aea72f4bcc6dd224,016e634d566b49c199d07357aae9bf33,64fc9fe3c8d5424ebc005e5cf4a608db,df7ea50171af48df81584ab7e8107d15
11d8ba0cbe2c48568a2d0196a1573e16,25109e3a7df549e5b380aae716d71366,20297482a5014732a843c9fdafba548e,9d09e3cd382c4d0ea0f6f50261e3e4c8,563043f180e54e238ad4876974e5db4c,2e7836ee5e5144f5b63e6629b969a362,0bd1cce9370a461089e25393086800a8,fbfaa119f55a477984e42d80498f54d3,2ece45504eff42469c104dc2a2d03caf,ff51ca928cd54f4da620c27983e221f8,1232f20e710b448e8c0538b9e84dab1c
e1b3f03ec240460c895264f738a709ec,6fc7a2cf0684475a82f6ff9be2c8e850,e4fcd30261804b089efa940359057ba2,de6ac628a786435f9925c8cc1d707d6b,ff51ca928cd54f4da620c27983e221f8,da9cfbdf124143b78bec89393dd5287a,7f23e27e5652406784fdc2dea3918125,097c30a7f39a4a3abf6da2ca80cad3a5,22d9d5ad33e947fd857c5c4a8b7dfae1,67dd23cfd20f46dc82acc82c108a1dc6,3e6a4b65a1004c08a6f3f570cf986c2f
e8ef2c2c7af746118efa2021eab8a25a,eee7f32249c5452ea36c8ed3a3540010,191b01e1728e4583a8ead5a86db27370,c5486d5e31084ee797da0ebdacb17abc,ab57f83304bc4005998bbd6bc063fb4f,8b4e9e3d234e4eec99a7651e246bbfa3,701ac1447f5a414e81156a56c3593a31,f59a3ee5387440d981754b6595e8664c,6dc5832f0ac04df2bd99c6415b3ecf09,44b3bc5953364d72a53edcf9fc4f1fed,9948a890ef25479e834f70944cb42eae
eeb2317fd71541c38fd867e246a9ff44,eee7f32249c5452ea36c8ed3a3540010,d9b97376c5e44d8786f861a5788af644,e86a0aae846a4e44bf967ab4972c977c,6dc5832f0ac04df2bd99c6415b3ecf09,9948a890ef25479e834f70944cb42eae,bdb0d45caa2a4943959f8f501e51132b,434551fdf9e443ed91679a9557ae6fd5,ab57f83304bc4005998bbd6bc063fb4f,c66c6f1449d44728a2ef72de53dd6d5e,191b01e1728e4583a8ead5a86db27370
842dd9ced22a40a896de94a19a1d2d4c,6fc7a2cf0684475a82f6ff9be2c8e850,e4fcd30261804b089efa940359057ba2,0592b57e490d4206a3f12eb004a0afe0,9aca522158f443fd8a9caaec38ae5e2c,de6ac628a786435f9925c8cc1d707d6b,7f23e27e5652406784fdc2dea3918125,bb5c7d03a54647d08b8c62deeb803271,b64cef9df31c4e92a7b7ecd42f74f396,d7c9dafddaf547159d366dacf7b68a7e,d716ea165223433a8d49b93e96989482
eb6b0705f8744b46a462efa41f20a89a,fe363cef357840fcb35f320fe7c27e4e,8ad1f345ca194b29bde0a924f27b2de5,4230775a9d51448396cacb9061f0e5f9,afac6ae28fac41dabae96696990c5555,fc70a4c2c4834e0eba1a14470f563b03,bb6ecabbce1b43d997d00d7acdc95193,8c5f38853679436ba434b6a696e43168,887e323cc38f4cf8adc5970617f1c286,a8904adcdd21495f890bc614bfdbf86f,116f6c1f0cb54312986a0a729508a33e
482dd5c933c94587b3946517c235aea3,13aca0959cc948cabeee0d7255f55a65,b01fd4d037a84a7aa777e1fc345c73c5,a8904adcdd21495f890bc614bfdbf86f,1d93c07de74c482ebf0a76ec564c3252,fc70a4c2c4834e0eba1a14470f563b03,887e323cc38f4cf8adc5970617f1c286,91f0da6d71574ababd8e868bddec9310,afac6ae28fac41dabae96696990c5555,bb6ecabbce1b43d997d00d7acdc95193,cdd73e0289aa4e2b87cd14e6ff5bd75e
714cfd813314481cb74ce1598ae2d695,13aca0959cc948cabeee0d7255f55a65,b01fd4d037a84a7aa777e1fc345c73c5,a8904adcdd21495f890bc614bfdbf86f,fc70a4c2c4834e0eba1a14470f563b03,cdd73e0289aa4e2b87cd14e6ff5bd75e,1d93c07de74c482ebf0a76ec564c3252,887e323cc38f4cf8adc5970617f1c286,afac6ae28fac41dabae96696990c5555,bb6ecabbce1b43d997d00d7acdc95193,415641aa43724ed9bc4710302b77edc3
1905289530434d1ea5a686725d2aa4a7,200f7fc78e4c403982f61b2894e50bad,d2bcc978e7aa49908919d9fc40138b27,e43d8e7bc32f406b9a692e2604f5b45a,61d2391e8bc548b6bfa08f1ef2a0c47a,cf293392122347a180cf2126f4589acb,2c3599a1611644f4908562f8fb8870d3,b425f33c33ad4be89a12da266d131a86,9948a890ef25479e834f70944cb42eae,fc430b7683934be2aba12468b2409bb8,44156e6482884acaaee1938e04d8b6ff
c939d86a19284f6485029452c1dd5906,200f7fc78e4c403982f61b2894e50bad,89e983dca0a34b768e17b3871b9cea1e,06b7dd1b701544ac80dd7ca54ed707cf,ee89670285c74e27aa174dadf39fbca7,d2bcc978e7aa49908919d9fc40138b27,56272326c7e94e419ea8c69fb634f610,bcfa4a4177d44d8b8cda17b7a23196b0,2c3599a1611644f4908562f8fb8870d3,77d8e01a914d4f4a8b87d407e0d741aa,e511c40ca6324803b5021e47b4e777f8
14683a06fc90460097ce4e4db0e55f16,44b3bc5953364d72a53edcf9fc4f1fed,ed4449952a9e45339b76fc5f123cb917,baf841bad27c456c9de7227555ea3ef8,f5b766ea6abe4b5fb27d49cc3bc06020,643fbbdd6b764ba9904a4ee67a86b9fd,7d0190486da540718e4dc4ca4bd1f573,c4b9d7a8d5d342459d2282589b3af293,5be48a6bc26044f2a2e4e9b6a223c319,d476be2399b7424a88d242b771c32041,e343a998f4df4ac195c84e0fb571a393
ba76e2fc0cc240a293e65f918ef3f29b,44b3bc5953364d72a53edcf9fc4f1fed,e8c8742459dc48a49080bf0e5b3fdee0,52f20bd7eb50430c95f0916727880a1b,c4e79c8992e54866b0c6f26c55b1a774,a0b4d283f12a407286dbeaa3a4d128a5,02641488de414b72b63f62b40200b101,e6afe89ff7bc491193141c057083d8a8,7f23e27e5652406784fdc2dea3918125,d53fa54d5536463ab0d87648dfc5fd78,4d5cbe57c3094d01843e4f950a280b50
56178bece80e4c44a6a45d630a70742c,1b827db6f6cf4ecb850928c2f9e41de2,bce599075dfd4fac8dd78626106e3071,eabdd2813a954f9aa01f0eb8212ee387,2839430464164d5ba00713b42d4d96e4,fadf133e0e684a24ac79b5fa9515bac2,d0b6e9c1cc5341faba9e03c17767bc2e,d60986f4025d443ea58adba0e3d224a1,a70909d3ce0d4235913b5ce6a138dcce,64fc9fe3c8d5424ebc005e5cf4a608db,cf290994a83e4909aec30077477b9d04
60ae797aa8bb4341829f83d0b771ab36,1b827db6f6cf4ecb850928c2f9e41de2,bce599075dfd4fac8dd78626106e3071,eabdd2813a954f9aa01f0eb8212ee387,2839430464164d5ba00713b42d4d96e4,09f4970dfe684b809bc0959fb62f41bf,64fc9fe3c8d5424ebc005e5cf4a608db,d0b6e9c1cc5341faba9e03c17767bc2e,cb2e893276894906976593c3edcb3a5f,0842a796c09b4089933a4f27e4e5e3bc,cf293392122347a180cf2126f4589acb
539bac7dd76e434db2fec777565e0d2e,f9fe93fae6084350b81964d354e2130f,7d0190486da540718e4dc4ca4bd1f573,24c55bb5cd694770ba895c7401da2ba5,22d9d5ad33e947fd857c5c4a8b7dfae1,3c0f3b44c0844df49b5898406fe9195a,70558882c04e46bd99d15e9786468418,f1eecad10a61421eb16b1be7435d9c19,63ba014f9cc747ac87013da6be0ceab9,d33407004b9e433a9d4147cfe6584d36,c14e45f5201b4038bdddddb238d888a3
5305b4e53d154b1890d851d40a749099,41047823f2cb4194ba1e0709443c719a,fa190e42ce5a47c99bcaa76138dbc615,22d9d5ad33e947fd857c5c4a8b7dfae1,8dfbb6a204a0441492c35baca6190969,2939ef012c5c4a1b94b49df9469dfb3c,f1eecad10a61421eb16b1be7435d9c19,eb21a4e2b7bd43efbdf0c365415e7fef,eee7f32249c5452ea36c8ed3a3540010,70558882c04e46bd99d15e9786468418,89e983dca0a34b768e17b3871b9cea1e
a7570f9b55c24fb0bac3c9e4edf6d60e,41047823f2cb4194ba1e0709443c719a,27fe100af7884932a33bf30f10dacc55,b8da01ceddcb45a491a288ddbc658e90,90b560de76b149c09c7cd6efb3f12cfd,cb32ec9a538a4c0f8462771946ced93b,fa190e42ce5a47c99bcaa76138dbc615,04fa591263664fb0a6868552ebd3590b,b98519f97e424c1389f5553f0869b15a,f1eecad10a61421eb16b1be7435d9c19,eb21a4e2b7bd43efbdf0c365415e7fef
5ad1f88ed9ed488dafbdf8181733f084,41047823f2cb4194ba1e0709443c719a,b8da01ceddcb45a491a288ddbc658e90,0a2c24dead204be9ae36be358e1223f9,eb21a4e2b7bd43efbdf0c365415e7fef,cb32ec9a538a4c0f8462771946ced93b,fa190e42ce5a47c99bcaa76138dbc615,55c0b899937042c98162389b209aca7f,27fe100af7884932a33bf30f10dacc55,b98519f97e424c1389f5553f0869b15a,cae139b6e4914ce7b0ef1e68b8b857eb
0e302f85dcbe44f1bc67317ce56268d8,f4474150010f4021a4620372062f3797,e834bfbd30b247e899f0dc029ab9f072,7960902edf4b47d686f704441aa56b0e,7ab9086baf99475d8c93862a7dd36344,984058b7165d4c6385bec3c94afa9fb2,910827a15eac4e4b9005d8e46ad71f6e,88353d1136d24836816b073de62e5f50,1027a336232c4454a9c4ae450a562788,35d06fce2df446569702778e2250bd82,04537eabb0434eb2804d1220770b85a0
392705089c6b4b8cbcde900d0fff9622,f4474150010f4021a4620372062f3797,04537eabb0434eb2804d1220770b85a0,35d06fce2df446569702778e2250bd82,b0d2e6c4b2384950b3696c4414870282,984058b7165d4c6385bec3c94afa9fb2,e834bfbd30b247e899f0dc029ab9f072,d53fa54d5536463ab0d87648dfc5fd78,4152360a4bea4cbbbfbe45ff3bf7f62b,fc430b7683934be2aba12468b2409bb8,7960902edf4b47d686f704441aa56b0e
3d450234080f488aa71b15f195d1b4f1,d75a52d716984f318f976bbfc7bee787,215f3d275db14601a0383885cbaad86e,b3a022950e444682a113cec5a0537f6a,5abf57d57d84440e94d0d2e2ffb37575,cf293392122347a180cf2126f4589acb,570f08ce2a1a47978eab16bf7ad16a68,d9ac372330a4446886fa19bac0d19877,c3f66637872c4141ab3898296739457d,60e87368fe334a92b57088b03cccbfc1,90b560de76b149c09c7cd6efb3f12cfd
7adb641772574f79bca7f5c97071108e,00614d60b3544ba790dfd23dd53992e0,8ebbcf8e4e6f400ba1839e9d75806274,07d869789eda4445a1ecfe59c331db0d,8350ea8cd6514c2c8d7b625abe7e895b,68aefc97056440af874039a28497cf98,fe363cef357840fcb35f320fe7c27e4e,b7f5c165ea2242709a2fb71f3a3f1bcb,116f6c1f0cb54312986a0a729508a33e,8987ceafff324f9599b842542e37eddd,5c8a8b7a59c54b9aa7b7136fd91b5869
470a0e2305e5411f992154553c12bfcd,07d869789eda4445a1ecfe59c331db0d,8c5f38853679436ba434b6a696e43168,00614d60b3544ba790dfd23dd53992e0,91f0da6d71574ababd8e868bddec9310,1d93c07de74c482ebf0a76ec564c3252,86179aff3df24ff59b11e9a34974a3f4,8ebbcf8e4e6f400ba1839e9d75806274,761a3a01495143f0a86beac4234cae3a,67984873125e4a0f9562179c906d1b0f,fe363cef357840fcb35f320fe7c27e4e
f82f3fa0a3af48208d53dbf813b19b11,00614d60b3544ba790dfd23dd53992e0,8ebbcf8e4e6f400ba1839e9d75806274,07d869789eda4445a1ecfe59c331db0d,8350ea8cd6514c2c8d7b625abe7e895b,8987ceafff324f9599b842542e37eddd,b7f5c165ea2242709a2fb71f3a3f1bcb,fe363cef357840fcb35f320fe7c27e4e,4285b02dc9164cb9bae36b0566bb42f0,bb6ecabbce1b43d997d00d7acdc95193,5c8a8b7a59c54b9aa7b7136fd91b5869
cbd2d2ff355d4f0399b9fc51697c9fd7,8ebbcf8e4e6f400ba1839e9d75806274,00614d60b3544ba790dfd23dd53992e0,4285b02dc9164cb9bae36b0566bb42f0,8350ea8cd6514c2c8d7b625abe7e895b,07958f43551e459eb30638b632e3cd64,7f0b453cc8c14156802497f5cbae9d62,d8b3ad3b5c4e474db41a671ab286424f,a7077a82d2c74518b96fb45e35f6e150,4422777ed51142a99aacf05f446cfea1,11e9586d6c7a443c8025278f8ef53b6d
355a18bf4bbe449086bfbd70b9b66961,00614d60b3544ba790dfd23dd53992e0,07d869789eda4445a1ecfe59c331db0d,8ebbcf8e4e6f400ba1839e9d75806274,8c5f38853679436ba434b6a696e43168,91f0da6d71574ababd8e868bddec9310,67984873125e4a0f9562179c906d1b0f,761a3a01495143f0a86beac4234cae3a,b7f5c165ea2242709a2fb71f3a3f1bcb,7e17bbd109dc486c8f0a76f913782180,6252aa87531748e5bac5f6c65fc87e14
8801a0c028fe4b9b9621b539d7950e08,4c8476482736459881e2a3b0509ee103,1a842f077119475794cc2de48e154374,133bfbe9a7c741fcb638ecf1b0088213,d445ccdb4cda497e9f0343a3298022d2,cf7476d6c96b4dcdb6f025b9291eb62b,88f796c14d184ecfaa5b0109161db259,597aab8bb15240f89fd1b24a8e38258d,7d6cdff8c9ac434196df803628fe9f62,191b01e1728e4583a8ead5a86db27370,b3f8b4bec0164d0e81997b4f5a277e8f
ce2ca433804e44b4be720751273b782a,4c8476482736459881e2a3b0509ee103,5cf392f15360460bae6a6b0182bb99b9,6c6de17135be4f8c9423be633eaefcd4,133bfbe9a7c741fcb638ecf1b0088213,da61d9bc8f024a4aba18d5c3072b7838,07d869789eda4445a1ecfe59c331db0d,d9b97376c5e44d8786f861a5788af644,1a842f077119475794cc2de48e154374,00614d60b3544ba790dfd23dd53992e0,7d3d751215194e649a03457226f599d7
4ea609e9602a4aaa8629b2aa624b0175,133bfbe9a7c741fcb638ecf1b0088213,d5ecdd142b544edca1b16ee83a9cf908,93bf0b86be094f68a9d308ca5ecfb4e3,0e28ed072d6c444aa6f02e64955b44c6,7199f2fe77824236a392e1f00a5bdfc3,77d8e01a914d4f4a8b87d407e0d741aa,7c061d36393540b49e20d98086bdb5bd,0228b1e9e3244da3a727930123ba7bda,d37bf09399d848df9a4d880fb097239c,4c8476482736459881e2a3b0509ee103
cfb9a2cee2044f5e9cab9a1ec0394c33,133bfbe9a7c741fcb638ecf1b0088213,4c8476482736459881e2a3b0509ee103,d5ecdd142b544edca1b16ee83a9cf908,0228b1e9e3244da3a727930123ba7bda,0e28ed072d6c444aa6f02e64955b44c6,93bf0b86be094f68a9d308ca5ecfb4e3,13cda6e8f2d948eeb5508288a172e76f,ee337b5c1ef3431e9c120250bfec4cac,0a2c24dead204be9ae36be358e1223f9,3b7d56c26da14b3a9b1cd52b5b35891b
91753f317b7d415d93dfbb79291ce529,b8da01ceddcb45a491a288ddbc658e90,b98519f97e424c1389f5553f0869b15a,99a52c93a3304ec18dab9206f98f2a8b,2c3599a1611644f4908562f8fb8870d3,d65e3a3657ae455e954b6d7221afc84c,5f481b07f9734f518a14853831233b78,fa190e42ce5a47c99bcaa76138dbc615,f92d16d3a970487094292439c3e00923,cb32ec9a538a4c0f8462771946ced93b,41047823f2cb4194ba1e0709443c719a
0f94a6fec9304d4991a954ceb031f5ae,d65e3a3657ae455e954b6d7221afc84c,796eade2ee4f466781d9f6669db43e48,a0b4d283f12a407286dbeaa3a4d128a5,b8da01ceddcb45a491a288ddbc658e90,384b14b18c3c43b1a4dc1aa2f661e076,b52468fc0af2435f9ba91939f72bbf6a,0c9c05f86aa042abbdd66d2b2d05d374,a5365055a36a4ec1bf5b0ce2ef949a35,a9d82bb43410405ca21b44a5e82e22b6,5a9a716f53364389864a4018d9e9c6c0
15a8c430cba44785961873a3dd5bc77f,d65e3a3657ae455e954b6d7221afc84c,b8da01ceddcb45a491a288ddbc658e90,b52468fc0af2435f9ba91939f72bbf6a,a0408a6462b24cf18e50a8616359d5ad,ad42c467d0fe43dbb328073f9a16bc4d,e511c40ca6324803b5021e47b4e777f8,2c3599a1611644f4908562f8fb8870d3,5f481b07f9734f518a14853831233b78,0c9c05f86aa042abbdd66d2b2d05d374,796eade2ee4f466781d9f6669db43e48
fd824af093e04ae187700d37404ce512,b8da01ceddcb45a491a288ddbc658e90,d65e3a3657ae455e954b6d7221afc84c,b98519f97e424c1389f5553f0869b15a,ad42c467d0fe43dbb328073f9a16bc4d,2c3599a1611644f4908562f8fb8870d3,b52468fc0af2435f9ba91939f72bbf6a,5f481b07f9734f518a14853831233b78,ac5a760b45c146ec840193371cfb2d30,3827ad869b3740278b98db4e65c40e0c,b83013f4c5524232814efa0f8651867f
c9d75d71736c41ca808c70e38aff6b5a,85d4175b563d48e5bc6a991b23662f24,da88fa5efc674368b593444ca950dff9,44f41e6e6faa4facb0bb9a72205229f8,04d24d1cf42b4f7787d8d300cbad6d50,3f23eafbd9cc4e209aca631fd6fc9dfd,e88ce4cd350f43398a5c0ab8629cee72,7daa434073604cb98a04fefb55468dda,25afb6f7e9314af09008644bca5955b9,1aaf8edc37ea412b85e3d1b5c5317051,84ff5144597241bba5cbd3d0b21d220d
743f1b2f252548d7910b99d0870f6c67,da88fa5efc674368b593444ca950dff9,85d4175b563d48e5bc6a991b23662f24,59f62d35b1ad451397b700b3dad25448,44f41e6e6faa4facb0bb9a72205229f8,b6da55bea1244cf0a753b258420946b2,18ab15fbf00f42f7a410ec75f7592bea,b0236c76ae244fd8aacbea7da10e55ca,6ea31a945d494834a3d243f1f90af02a,5c644b51b1394a7b8fa0a9a6275c422d,f464960d2dbc43c0970c60600bd7f1cd
27bcdf10465e4c54869c9ceb59013b81,3574ab91c29940b3afc62354ae06b73b,22d9d5ad33e947fd857c5c4a8b7dfae1,66cba49431224a3788f914d6a80165e1,be70e49b76c24527b4fddfb6b78b6d8d,04d24d1cf42b4f7787d8d300cbad6d50,2c82919b038847fabbf5d13ca5ac55a7,f59a3ee5387440d981754b6595e8664c,be42a43f5186434db4f2815f768a9991,174581fc299840e18e827432c0cce4dc,eabdd2813a954f9aa01f0eb8212ee387
52cd37fed829421d91356a3fb87f1ae3,da88fa5efc674368b593444ca950dff9,85d4175b563d48e5bc6a991b23662f24,8fdee0611965465eb45387b8c39f4136,dd36cc0867b94d55a43b82c1c9a0e95c,e88ce4cd350f43398a5c0ab8629cee72,44f41e6e6faa4facb0bb9a72205229f8,b0236c76ae244fd8aacbea7da10e55ca,b6da55bea1244cf0a753b258420946b2,18ab15fbf00f42f7a410ec75f7592bea,5c644b51b1394a7b8fa0a9a6275c422d
f3cba92d050b4d8e9432cb0cc14c3d63,3574ab91c29940b3afc62354ae06b73b,66cba49431224a3788f914d6a80165e1,22d9d5ad33e947fd857c5c4a8b7dfae1,7d6122daabe442ffb5e57ece1882e714,3e4a54908dde405294869e30a92a7623,eabdd2813a954f9aa01f0eb8212ee387,74de04f31db94a99b757685c91779412,04d24d1cf42b4f7787d8d300cbad6d50,be42a43f5186434db4f2815f768a9991,00fb3a55134242769182c520d55681a2
e0ffc5f5610740569aedc8c74ed17c47,5abf57d57d84440e94d0d2e2ffb37575,cf293392122347a180cf2126f4589acb,4a3d4daed4b24a1898551f0fd1ba44f1,13e659415ac84c7a81fc769111d43417,d75a52d716984f318f976bbfc7bee787,215f3d275db14601a0383885cbaad86e,daed5458403e49e3aea72f4bcc6dd224,20297482a5014732a843c9fdafba548e,ad054da7e1704a53931a341173f0605f,fadf133e0e684a24ac79b5fa9515bac2
fd29df6e377f40b981cba18434381065,5abf57d57d84440e94d0d2e2ffb37575,cf293392122347a180cf2126f4589acb,d75a52d716984f318f976bbfc7bee787,215f3d275db14601a0383885cbaad86e,2471f23cb9b64d35a72deed09c9c8975,9452a2f21f7d4feeb2605d9b6647fc13,df0c94234d9d4890b5b4b95c441b3e9a,9094e936e13641cc9bfcc7dc1408d86e,0228b1e9e3244da3a727930123ba7bda,d9ac372330a4446886fa19bac0d19877
f5ff08722abb413e9e24fa4eee6d5b60,3c1b91a23b694da1973dbc5f75f2f3ed,cf293392122347a180cf2126f4589acb,6c874292dbcc49ff8bb8bbe5643593a5,9db7d32d79024ba6a73c55fde6f55968,59f62d35b1ad451397b700b3dad25448,4926607aafe749538c930e108275547e,ff276acede2f4c14876ef47257758ae8,df7ea50171af48df81584ab7e8107d15,249c2d8d8d2345c6990b3c4d94385b5a,23a16d69ffe848d593a4808907d8aa98
574036f38fb84293ae0fbe592c3c6f3a,cf293392122347a180cf2126f4589acb,5abf57d57d84440e94d0d2e2ffb37575,3c1b91a23b694da1973dbc5f75f2f3ed,eff24b01b2f5428baa4c3fef6cb40d41,133bfbe9a7c741fcb638ecf1b0088213,9452a2f21f7d4feeb2605d9b6647fc13,2471f23cb9b64d35a72deed09c9c8975,19593c97fef0474dbe6051e28338f1e9,d75a52d716984f318f976bbfc7bee787,d2bcc978e7aa49908919d9fc40138b27
35f36e3994484147bfac89ac7f1ef8ef,cf293392122347a180cf2126f4589acb,5abf57d57d84440e94d0d2e2ffb37575,3c1b91a23b694da1973dbc5f75f2f3ed,9452a2f21f7d4feeb2605d9b6647fc13,2471f23cb9b64d35a72deed09c9c8975,3c0f3b44c0844df49b5898406fe9195a,133bfbe9a7c741fcb638ecf1b0088213,0c9c05f86aa042abbdd66d2b2d05d374,64fc9fe3c8d5424ebc005e5cf4a608db,07958f43551e459eb30638b632e3cd64
84ef3ef2feb84347bac472fb9e9d5906,c84deec0ecf843c39f52d4cb8e7300f8,77cecb221149474896d9b2eb848bf150,07958f43551e459eb30638b632e3cd64,039f8e63b273472d8f1d99d9a5de5cf5,e7aaa514f6f64a258a640ea341aa1a18,19a124c6dad14a4fa7864463b081009c,23199e1859544647893a97ea365c5c83,b44645c11ece4326a45f50fdc5d45dcf,42b6af4853fc465f83ec054f8f8289a4,812a1568c77d46e695f8eb7357e24a0e
398defcf45ad43ed8e2633186eaa33ba,f676e16c6a134bd5a7bbeee4590adcfe,45e440d874a54bb591862ff441114cd3,e903085a3f944ad2a41c37306b4e6ab4,de72d25d08da4b03ac6f6411ce30e07c,3e923b6e3ceb4901b77c9a18729546eb,0d0973762130427eaa2ce9a7a34517db,a0408a6462b24cf18e50a8616359d5ad,f8856799293e49feab6368e794eb8b00,84ff5144597241bba5cbd3d0b21d220d,4152360a4bea4cbbbfbe45ff3bf7f62b
ea57953406604eb083a4fecc3606c662,baf841bad27c456c9de7227555ea3ef8,5760084aabef4d8095b2d21902151f64,1ad0cf33e96243888d5f970195a75586,b40d3c588ad647ff85e397a6bc5f9d8b,ca0fe2dd97434e2ca7aecc38d4f1fcd9,5be48a6bc26044f2a2e4e9b6a223c319,c235728f290a44d6a5fc2e14111ae02e,0bd1cce9370a461089e25393086800a8,3356a8a8c6ee4f30bc2b028e360d4471,42b6af4853fc465f83ec054f8f8289a4
6d7cfa2d06f64b22aeffa8b5f5294bdb,45e440d874a54bb591862ff441114cd3,e903085a3f944ad2a41c37306b4e6ab4,f676e16c6a134bd5a7bbeee4590adcfe,0d0973762130427eaa2ce9a7a34517db,c5486d5e31084ee797da0ebdacb17abc,de72d25d08da4b03ac6f6411ce30e07c,cd764fbfae774d068af7549c648a02c9,f8856799293e49feab6368e794eb8b00,a0408a6462b24cf18e50a8616359d5ad,7d0190486da540718e4dc4ca4bd1f573
b81d6cfb08b3460182252d604820144b,3f1c2bb09c4e4400b6ba19542fafce18,b40d3c588ad647ff85e397a6bc5f9d8b,eff24b01b2f5428baa4c3fef6cb40d41,baf841bad27c456c9de7227555ea3ef8,984058b7165d4c6385bec3c94afa9fb2,13cda6e8f2d948eeb5508288a172e76f,48c31b1e2ce94de8968fab433813fa91,99830b8da7c24f909914f7bb167f3ea6,3c0f3b44c0844df49b5898406fe9195a,6bde760ad5d4485db9889b1bdc074005
d9348c713e8144f791dd2fc990a3cbb6,30578712823948b086e3781343982938,c74557a980e2428a9ffcc245278df692,cffbff4deb374fcf850c679899c6e3f8,0c889c151e094b948c13b0275e660a9c,d658e3a743af41899183fecff6b2628d,8f0e477fc779414e9b47995c0b25a87d,ffc5805e29a74be0a55b40318aa321d7,2839430464164d5ba00713b42d4d96e4,8b038cd0dafd45d8b1ce75177ca3a76b,e0d8aee46b1d4d998858cd05027251b6
961885b72b8b4073afa543195a48050c,250d411ae270441085be3501b7b55d86,9948a890ef25479e834f70944cb42eae,72a7e2ce22d045efbdbbab9c68f5d026,d7c9dafddaf547159d366dacf7b68a7e,44b3bc5953364d72a53edcf9fc4f1fed,bc607fd6000b43108e49b3d05688fe90,d476be2399b7424a88d242b771c32041,812a1568c77d46e695f8eb7357e24a0e,f5b766ea6abe4b5fb27d49cc3bc06020,db0c3a952e454b90aa4a68feb6a50e87
06e690975e524b9089b8d4f9317a1558,db0c3a952e454b90aa4a68feb6a50e87,250d411ae270441085be3501b7b55d86,d476be2399b7424a88d242b771c32041,f1eecad10a61421eb16b1be7435d9c19,4e7ee74be72a461fa02fa61bee62bdcc,655a618282cd4fa39a26f0967c033f4b,eb21a4e2b7bd43efbdf0c365415e7fef,5760084aabef4d8095b2d21902151f64,bcfa4a4177d44d8b8cda17b7a23196b0,fbfaa119f55a477984e42d80498f54d3
a5bc160edec74fb7a50b0debceb4ff1d,1aef014473b84ef9a0f799114fe516c9,3cb231e1167e45f9bf5771a4e0074092,d87e5facd03b45f9829e8a1cd0fe0190,4d5cbe57c3094d01843e4f950a280b50,3fce01bbc56d49d39f61cba3d17648f2,99a52c93a3304ec18dab9206f98f2a8b,1393dac7d34b4c34b1a8091a5bea3663,245212a659504b9b9cdbaf1ab1d040ff,076e2669c305401fb3afcfafdd6c79c7,e79ae27b52fa4d54aa37735fd275c66e
77a31fe5e10e44c38270d85e569068f5,30578712823948b086e3781343982938,8f0e477fc779414e9b47995c0b25a87d,0c889c151e094b948c13b0275e660a9c,d658e3a743af41899183fecff6b2628d,8b038cd0dafd45d8b1ce75177ca3a76b,2839430464164d5ba00713b42d4d96e4,e0d8aee46b1d4d998858cd05027251b6,cffbff4deb374fcf850c679899c6e3f8,b5f237fefb38465bb6a068c9cf75ba31,c74557a980e2428a9ffcc245278df692
a508b4ed8aa64d2c8930b9e0f5588144,9db7d32d79024ba6a73c55fde6f55968,00e9d4081c2f45d1a818bfeab099863a,7ec1584e9a5b49eab9ef249143d9bb86,f2ef424352f14dda92691047ee9f15fa,a64f6232ee1e4357937008a327a63cf4,7359a1cc20d54f96aeea121d7247b88d,9d09e3cd382c4d0ea0f6f50261e3e4c8,45f4192f485a49d9a75219ae4d0c41ee,dd36cc0867b94d55a43b82c1c9a0e95c,3e6a4b65a1004c08a6f3f570cf986c2f
58f407c23b424ad7858fe02688d1f729,00e9d4081c2f45d1a818bfeab099863a,9db7d32d79024ba6a73c55fde6f55968,c3f66637872c4141ab3898296739457d,db13ed5446be46269dff3de3c1bf2660,e903085a3f944ad2a41c37306b4e6ab4,00614d60b3544ba790dfd23dd53992e0,acbf8eae7e064c11bab7adf66f216990,d25e6f2fc8154dd7816f8f7a41bee12b,7ab9086baf99475d8c93862a7dd36344,342aaa81ed004635bbf9cbc2592cd7b6
6a195a5109304e06ae0423987650f0e5,9db7d32d79024ba6a73c55fde6f55968,00e9d4081c2f45d1a818bfeab099863a,5760084aabef4d8095b2d21902151f64,7daa434073604cb98a04fefb55468dda,8b4e9e3d234e4eec99a7651e246bbfa3,e88ce4cd350f43398a5c0ab8629cee72,1419b2c686f44896a0ae2a43e93b5402,73f684f538ea452cbb4fbecc2e8126a4,db0c3a952e454b90aa4a68feb6a50e87,c74557a980e2428a9ffcc245278df692
df7a3b9a04ad4297aadb288feabf0c50,3fce01bbc56d49d39f61cba3d17648f2,e735729c80d84f76a6133c065d5380f8,dbf0926f9f344f1d88b114660db4d2eb,2070754bb5dd4a248be9c2a6a1a9d381,7226603f024c45c6a6e44b00e52e8aad,2c8eafa0ff26437a862dc2224ab57073,33b5e2ae5ebe4f548bac3a00ab0a59eb,68aefc97056440af874039a28497cf98,d87bd2402bef4672be17b62cec113ba8,295d0d40791245ff838c73a2aa27d065
684ba7bd1eae483282be0c8c9c114514,e735729c80d84f76a6133c065d5380f8,295d0d40791245ff838c73a2aa27d065,5363ae1c905d4879a63259de4954702e,84ff5144597241bba5cbd3d0b21d220d,6c79712e67b54dd0a11d426a91207939,93dc50abd35349f7923100dca2f41002,6bde760ad5d4485db9889b1bdc074005,ca1a2a6308834baba3140b5ce8f81320,5e0a2bc284cf4002914ae4e6aaef41e8,2070754bb5dd4a248be9c2a6a1a9d381
4eda37aa22e54fa2afd5c4d98019ce29,3fce01bbc56d49d39f61cba3d17648f2,75bf181ea5dc490e95d364a5f5c7af1d,7226603f024c45c6a6e44b00e52e8aad,b834c0b0c10b471b87ad3f11468de619,dbf0926f9f344f1d88b114660db4d2eb,2c8eafa0ff26437a862dc2224ab57073,be9e713988ba4bbba869885cad419259,8c7c9eaae41a44a3a4ebe39ce167d300,2070754bb5dd4a248be9c2a6a1a9d381,bb6ecabbce1b43d997d00d7acdc95193
3fc9d39c9efc4790b7a0864f44c1e28d,e735729c80d84f76a6133c065d5380f8,5363ae1c905d4879a63259de4954702e,295d0d40791245ff838c73a2aa27d065,33b5e2ae5ebe4f548bac3a00ab0a59eb,6c79712e67b54dd0a11d426a91207939,77d8e01a914d4f4a8b87d407e0d741aa,5e44915237fc4445b54b037e1c4e29a4,d7618b61a65a4bc1a0d0f2cc1bddc448,8683a3ad55d84a78834fabe20cde5269,342aaa81ed004635bbf9cbc2592cd7b6
492e1ce165734c99ae0c8142231d6cd8,570f08ce2a1a47978eab16bf7ad16a68,d75a52d716984f318f976bbfc7bee787,215f3d275db14601a0383885cbaad86e,30578712823948b086e3781343982938,b3a022950e444682a113cec5a0537f6a,90b560de76b149c09c7cd6efb3f12cfd,e22e1ad3c1fc4493bcb7c9b923566ff7,8a464aa9e2ee45d0abc7ae6181cd1bda,b702b2b61ce048c6bf5af3c4dca18b1a,772cb9726861451d9972604da6f65c55
62d16233117346a88248d0c84e37c7d4,f676e16c6a134bd5a7bbeee4590adcfe,d7c9dafddaf547159d366dacf7b68a7e,f464960d2dbc43c0970c60600bd7f1cd,b44645c11ece4326a45f50fdc5d45dcf,eee7f32249c5452ea36c8ed3a3540010,ab57f83304bc4005998bbd6bc063fb4f,563043f180e54e238ad4876974e5db4c,796eade2ee4f466781d9f6669db43e48,bc607fd6000b43108e49b3d05688fe90,11e1e3cdfe214385a2c24d0f957dde9b
fc5f6e0b9c084686b8bcffe1870bb6af,23a16d69ffe848d593a4808907d8aa98,34b736136487439389c10cc6bd4e9f4e,7fe9e665bf41491c9788941aa2894a10,e7aaa514f6f64a258a640ea341aa1a18,d75a52d716984f318f976bbfc7bee787,d361a9e414fb41c1a605200d9cbba496,514537782f6549c488a1b932939b4128,26869cc099c44c4a86f6043476ab4890,52ee59901f3b4de884d7a6720538aed6,0f785440b29548e1a1968868262fd42e
9544710dc3234bb3a65179dae0115a8c,23a16d69ffe848d593a4808907d8aa98,34b736136487439389c10cc6bd4e9f4e,5537ddec608a4ec586ea068fa27547ca,52ee59901f3b4de884d7a6720538aed6,daed5458403e49e3aea72f4bcc6dd224,0f785440b29548e1a1968868262fd42e,3cb231e1167e45f9bf5771a4e0074092,599feb1e512c43ad8c0a1845922acf78,5cf392f15360460bae6a6b0182bb99b9,ff276acede2f4c14876ef47257758ae8
d88623101f5740e3bbbb1be949c2c917,cb75c6ef71cb4991805920f2894e0e96,cc243eebbb2b44a581745865a60c423a,23a16d69ffe848d593a4808907d8aa98,e7aaa514f6f64a258a640ea341aa1a18,21019944fc2c4838a682a6dcdc62c4ef,6400e3f6a14c492ba399bd414faca075,d5ecdd142b544edca1b16ee83a9cf908,13e659415ac84c7a81fc769111d43417,3675c688960a4f3b9f82c4ccf4049e93,b626eb67c2e14afeae2846bb150976f3
3d4bd2285a9441ceb15abaf963002c03,cb75c6ef71cb4991805920f2894e0e96,23a16d69ffe848d593a4808907d8aa98,13e659415ac84c7a81fc769111d43417,cffbff4deb374fcf850c679899c6e3f8,cc243eebbb2b44a581745865a60c423a,e79ae27b52fa4d54aa37735fd275c66e,c4e79c8992e54866b0c6f26c55b1a774,34b736136487439389c10cc6bd4e9f4e,3138244ae91040948d5bd6772e4075ea,52ee59901f3b4de884d7a6720538aed6
fb083ec69f5f42f2881407d2176b5d39,aa082284f9894b5aa210c179d59999b1,0cdb0f32850f4585a16de4886462bbe0,1f3cf50fe1f947d8a56e02ebca441c4c,db620271348d404a9a0b978d96c63f29,f12e9e5805534d719f829332d1ea5d29,b77d8b7bb0114c379139d280a9210e83,5537ddec608a4ec586ea068fa27547ca,8f0e477fc779414e9b47995c0b25a87d,4e22dc65beb7450b9260cf27e50919e4,daed5458403e49e3aea72f4bcc6dd224
94fac016e63749c8a8f0fdf1fc1a90b5,aa082284f9894b5aa210c179d59999b1,0cdb0f32850f4585a16de4886462bbe0,db620271348d404a9a0b978d96c63f29,1f3cf50fe1f947d8a56e02ebca441c4c,f12e9e5805534d719f829332d1ea5d29,b77d8b7bb0114c379139d280a9210e83,5537ddec608a4ec586ea068fa27547ca,ec4820b018a04967a457a9c032a51dc6,43464ed6733f4642a0b90e7d995a5e40,076e2669c305401fb3afcfafdd6c79c7
a4f2a13bd2b54360a921c8ef7366e535,db620271348d404a9a0b978d96c63f29,aa082284f9894b5aa210c179d59999b1,0b57f893483647c3aed811775a4c4c04,5fc200cab89346658c9c91cce27e85fe,076e2669c305401fb3afcfafdd6c79c7,0cdb0f32850f4585a16de4886462bbe0,2c8eafa0ff26437a862dc2224ab57073,d695b7afdc3841a28a56df578e56afce,f12e9e5805534d719f829332d1ea5d29,0c889c151e094b948c13b0275e660a9c
89206a8894c247c8bd87fad37967ca98,db620271348d404a9a0b978d96c63f29,aa082284f9894b5aa210c179d59999b1,0b57f893483647c3aed811775a4c4c04,076e2669c305401fb3afcfafdd6c79c7,5fc200cab89346658c9c91cce27e85fe,0c889c151e094b948c13b0275e660a9c,0cdb0f32850f4585a16de4886462bbe0,cf7476d6c96b4dcdb6f025b9291eb62b,de6ac628a786435f9925c8cc1d707d6b,63ba014f9cc747ac87013da6be0ceab9
4d36c5e5c20443bbab4b51e580bafc21,b44645c11ece4326a45f50fdc5d45dcf,5b588e34588940788a22036b775ecc2f,5a9a716f53364389864a4018d9e9c6c0,91f9f8576e5142a49926bd623b0bc19c,c84deec0ecf843c39f52d4cb8e7300f8,6c6de17135be4f8c9423be633eaefcd4,563043f180e54e238ad4876974e5db4c,bc607fd6000b43108e49b3d05688fe90,d53fa54d5536463ab0d87648dfc5fd78,eb21a4e2b7bd43efbdf0c365415e7fef
517675a3a64847439ecd5791a240af4c,52f20bd7eb50430c95f0916727880a1b,68aefc97056440af874039a28497cf98,199647bd1328406c83c5a875154f97d9,93dc50abd35349f7923100dca2f41002,7879fa4d4db046a2a8d195311b6e5789,d9ac372330a4446886fa19bac0d19877,4385ac4645b34f3c8a44c4676ebcd8be,530b37164090408dbab4e6da51111b8a,7070715ef90743da8691dd4ad134eb0c,3f28365e18244eb28cc7d23de8895956
b4a18167b9e44a69bbb49ee2a8709fbe,52f20bd7eb50430c95f0916727880a1b,7070715ef90743da8691dd4ad134eb0c,68aefc97056440af874039a28497cf98,d9ac372330a4446886fa19bac0d19877,434551fdf9e443ed91679a9557ae6fd5,8af25c7ae8e14435a6e27a5671968f50,27a67d3e76814297aebf64e03d14c336,93dc50abd35349f7923100dca2f41002,5be48a6bc26044f2a2e4e9b6a223c319,530b37164090408dbab4e6da51111b8a
173054bdb88d476dbd153c55b7fabd01,b44645c11ece4326a45f50fdc5d45dcf,c84deec0ecf843c39f52d4cb8e7300f8,5b588e34588940788a22036b775ecc2f,5a9a716f53364389864a4018d9e9c6c0,42b6af4853fc465f83ec054f8f8289a4,563043f180e54e238ad4876974e5db4c,e22e1ad3c1fc4493bcb7c9b923566ff7,91f9f8576e5142a49926bd623b0bc19c,6c6de17135be4f8c9423be633eaefcd4,cc78a6c92dfe4af49c2bd93f15e4f870
6676c08920d74d74b3b5e31d76d402b2,249c2d8d8d2345c6990b3c4d94385b5a,f32f4607b4714e378831f924c5e6084d,361f2b7f3f044907b3a331872fb18755,b585a2970e9f421da236241f603883f2,55c0b899937042c98162389b209aca7f,797cc520b8c94d9bbef187818ab51647,bc13c2b0221744a29a8ddf56aa015df9,059a284910e849efbbc7073b8681409f,df0c94234d9d4890b5b4b95c441b3e9a,39e2b00e1cbd471488cf56f31d2cec7f
0df5d9aef12b4019955ea3f2f0b2adab,f32f4607b4714e378831f924c5e6084d,514537782f6549c488a1b932939b4128,db0c3a952e454b90aa4a68feb6a50e87,245212a659504b9b9cdbaf1ab1d040ff,64d9091426f9461c97c98a5428856bcf,7226603f024c45c6a6e44b00e52e8aad,249c2d8d8d2345c6990b3c4d94385b5a,f8e7f9688fd546829da579434180ffee,fbfaa119f55a477984e42d80498f54d3,590df34aa41f46e9ad13ffc6a98da3b7
9e0acd98c27a49b196d2c555deba2f0e,f32f4607b4714e378831f924c5e6084d,514537782f6549c488a1b932939b4128,245212a659504b9b9cdbaf1ab1d040ff,249c2d8d8d2345c6990b3c4d94385b5a,3cb231e1167e45f9bf5771a4e0074092,70558882c04e46bd99d15e9786468418,092cb872c8724c7681c50da9c6cfa252,3aa003c1e31b476e999c3a808a1d5dc6,f8e7f9688fd546829da579434180ffee,0e28ed072d6c444aa6f02e64955b44c6
54c5b5744a704151830ff16cf8883786,ca0fe2dd97434e2ca7aecc38d4f1fcd9,d33407004b9e433a9d4147cfe6584d36,0d0973762130427eaa2ce9a7a34517db,bdb0d45caa2a4943959f8f501e51132b,7e8a4a43e2f84dbb88e41cb24b3fe79f,f9fe93fae6084350b81964d354e2130f,563043f180e54e238ad4876974e5db4c,2c3599a1611644f4908562f8fb8870d3,4152360a4bea4cbbbfbe45ff3bf7f62b,0228b1e9e3244da3a727930123ba7bda
b9de30f0928f4adbbd9e64f944ab0805,f335a944a27a4504a82ecf70c2d4a5e4,0cdb0f32850f4585a16de4886462bbe0,be8953cc364d46cebbcc2c2da2c348ab,4e4495962a9b4864882397042f1a2b3e,aa082284f9894b5aa210c179d59999b1,68aefc97056440af874039a28497cf98,4285b02dc9164cb9bae36b0566bb42f0,076e2669c305401fb3afcfafdd6c79c7,afac6ae28fac41dabae96696990c5555,0c889c151e094b948c13b0275e660a9c
1700d60558f04c2581e0c6ecac9ca03f,e06d08ff594a4acbac12edf579743fcf,be8953cc364d46cebbcc2c2da2c348ab,ae3f42d57b3046a3821026173286a43e,6b7b5d28293d4a5a8075f7f7dd231ddb,aa082284f9894b5aa210c179d59999b1,0cdb0f32850f4585a16de4886462bbe0,ff51ca928cd54f4da620c27983e221f8,b77d8b7bb0114c379139d280a9210e83,b83013f4c5524232814efa0f8651867f,ad42c467d0fe43dbb328073f9a16bc4d
f8ebc027345b4689839fa22c303c1bbc,e06d08ff594a4acbac12edf579743fcf,be8953cc364d46cebbcc2c2da2c348ab,0cdb0f32850f4585a16de4886462bbe0,ec4820b018a04967a457a9c032a51dc6,aa082284f9894b5aa210c179d59999b1,02641488de414b72b63f62b40200b101,4e22dc65beb7450b9260cf27e50919e4,4285b02dc9164cb9bae36b0566bb42f0,b77d8b7bb0114c379139d280a9210e83,68aefc97056440af874039a28497cf98
a815375295944d72bbd877ca7675981a,f335a944a27a4504a82ecf70c2d4a5e4,0cdb0f32850f4585a16de4886462bbe0,4e4495962a9b4864882397042f1a2b3e,be8953cc364d46cebbcc2c2da2c348ab,aa082284f9894b5aa210c179d59999b1,68aefc97056440af874039a28497cf98,076e2669c305401fb3afcfafdd6c79c7,4285b02dc9164cb9bae36b0566bb42f0,cd6ce920d00e4d17a6cf04f9f7e550b7,beccee3a988f48c1ad207e2380766fa4
a5eb956f41154b2fa05333dc5f91564d,e5a3c8867e44498d9182e8be934e0fce,cf7476d6c96b4dcdb6f025b9291eb62b,b3f8b4bec0164d0e81997b4f5a277e8f,7199f2fe77824236a392e1f00a5bdfc3,7226603f024c45c6a6e44b00e52e8aad,3675c688960a4f3b9f82c4ccf4049e93,daed5458403e49e3aea72f4bcc6dd224,7f5b658239034d35b7f4cf1c63cb388c,b77d8b7bb0114c379139d280a9210e83,fb8c2b83e46441c2aaa7c81d3642e2da
32ca729048eb46ea82cfabc322b2f07f,cf7476d6c96b4dcdb6f025b9291eb62b,6ae72ad649c54129b992d321f8f29122,0e8487b2e6a2439b9e6623a1e2e5e19d,27a67d3e76814297aebf64e03d14c336,7226603f024c45c6a6e44b00e52e8aad,b3f8b4bec0164d0e81997b4f5a277e8f,ca5add3cbf044a95a5bec88a5841ce98,e5a3c8867e44498d9182e8be934e0fce,076e2669c305401fb3afcfafdd6c79c7,f4b7e6e902e344859cb041126b69ce3c
4b03b491a7324ddea5bf28db91e66254,cf7476d6c96b4dcdb6f025b9291eb62b,6ae72ad649c54129b992d321f8f29122,7226603f024c45c6a6e44b00e52e8aad,27a67d3e76814297aebf64e03d14c336,0e8487b2e6a2439b9e6623a1e2e5e19d,076e2669c305401fb3afcfafdd6c79c7,0b57f893483647c3aed811775a4c4c04,15b7b988bba143989cfd98d5c6c4d203,c4e79c8992e54866b0c6f26c55b1a774,a055f8188384479a8bad418f7dffd9a5
6ee636f0481140ed9b0077791aba92b0,e5a3c8867e44498d9182e8be934e0fce,cf7476d6c96b4dcdb6f025b9291eb62b,b3f8b4bec0164d0e81997b4f5a277e8f,7199f2fe77824236a392e1f00a5bdfc3,daed5458403e49e3aea72f4bcc6dd224,3675c688960a4f3b9f82c4ccf4049e93,b77d8b7bb0114c379139d280a9210e83,3aaea7fa41fd43cdb88f8ef59062c5df,3f28365e18244eb28cc7d23de8895956,db620271348d404a9a0b978d96c63f29
9e69ec4a3364489c92dd79eb57e83d54,d33407004b9e433a9d4147cfe6584d36,9daaefe080b34656a0c7a54d2d6a1713,b8da01ceddcb45a491a288ddbc658e90,88f796c14d184ecfaa5b0109161db259,93dc50abd35349f7923100dca2f41002,5605fa1188974644937bbf92fec50e21,f59a3ee5387440d981754b6595e8664c,5f481b07f9734f518a14853831233b78,d8b3ad3b5c4e474db41a671ab286424f,1004b33e3126472faa78e1929ed974e6
e3d8f037fbe5491eba85d08b7dc5cab4,d33407004b9e433a9d4147cfe6584d36,5f481b07f9734f518a14853831233b78,b8da01ceddcb45a491a288ddbc658e90,88f796c14d184ecfaa5b0109161db259,07d869789eda4445a1ecfe59c331db0d,e4fcd30261804b089efa940359057ba2,9daaefe080b34656a0c7a54d2d6a1713,6fc7a2cf0684475a82f6ff9be2c8e850,1a842f077119475794cc2de48e154374,2c3599a1611644f4908562f8fb8870d3
2e92d21d8386472cb7ae95c21ba476ec,5f481b07f9734f518a14853831233b78,1e376f9d0945477983c8d851e4b2cf5e,31f80e4c87164e2893375ec7e73b372e,db2466dc7da64ac5a2a21c20ace67856,d33407004b9e433a9d4147cfe6584d36,7d6cdff8c9ac434196df803628fe9f62,29fb30a75c57451a85f310aa6423a662,2c3599a1611644f4908562f8fb8870d3,f9fe93fae6084350b81964d354e2130f,189a3b686ad14c24b5e1a495f76dd239
d0e2f6816e1d46c4896a92a770a52d13,5f481b07f9734f518a14853831233b78,1e376f9d0945477983c8d851e4b2cf5e,a9d82bb43410405ca21b44a5e82e22b6,31f80e4c87164e2893375ec7e73b372e,b8da01ceddcb45a491a288ddbc658e90,ad42c467d0fe43dbb328073f9a16bc4d,d33407004b9e433a9d4147cfe6584d36,b675be39e8ff421aa59811f146da945b,7d6cdff8c9ac434196df803628fe9f62,5cf392f15360460bae6a6b0182bb99b9
9db1e0ae9d1e4b078283f3e4fce188a9,4c36aafaf38f4e9e9e09991737196fe1,54e9bbd0093947a3bda5fef48ef7493d,878e5c41be5c477e9f660ca361fdd727,cb550e5ff4694fe9a19eaa6588cef250,b4dadb3ea3a04cc3932094471debce13,4e4495962a9b4864882397042f1a2b3e,8746ae2ca7514699b629b4d9b5fe95a7,2fcf4a04d3654ffb9a5c1dfa3799e4f0,7ef653f7e5f64e1b8bba73b9518b87b7,db69f22fe72246ea85d33991961a649a
b3e9c337e43d4153aebe5720e9cd3974,4c36aafaf38f4e9e9e09991737196fe1,db69f22fe72246ea85d33991961a649a,878e5c41be5c477e9f660ca361fdd727,54e9bbd0093947a3bda5fef48ef7493d,8746ae2ca7514699b629b4d9b5fe95a7,dbb3fe11ad004895b302a84e7c066fcc,e0d8aee46b1d4d998858cd05027251b6,3766b26b53874893ae48693880e1942c,408ae6a767874fc782467ec2f054ad15,ca5add3cbf044a95a5bec88a5841ce98
6826037354894b81a24d3dc9a4983acb,e43d8e7bc32f406b9a692e2604f5b45a,bb6ecabbce1b43d997d00d7acdc95193,baad022010b44fad8d8410869d909fd1,e4fcd30261804b089efa940359057ba2,d7618b61a65a4bc1a0d0f2cc1bddc448,da9cfbdf124143b78bec89393dd5287a,b01fd4d037a84a7aa777e1fc345c73c5,d716ea165223433a8d49b93e96989482,afac6ae28fac41dabae96696990c5555,8ad1f345ca194b29bde0a924f27b2de5
dc99c006397e40808ab1f016fa44006f,b626eb67c2e14afeae2846bb150976f3,b6c493a3666c4db193e86c79faf099ab,1e376f9d0945477983c8d851e4b2cf5e,57430214baf045cb92fa3b3b70a4ca3f,b00b2395b49949508fade89bb3eac98b,cb32ec9a538a4c0f8462771946ced93b,e86a0aae846a4e44bf967ab4972c977c,6400e3f6a14c492ba399bd414faca075,d9b70c4ed8bb4fc5957ecebf102528ee,119a6d7b4af3458b951fc1c5ab5e1738
4993ef4ea7ef4074bc9bfda10fc761b9,7d6122daabe442ffb5e57ece1882e714,5760084aabef4d8095b2d21902151f64,1f9cd7f2b7a14e2f8d490a104a56edcd,3f1c2bb09c4e4400b6ba19542fafce18,c750a2994555414790abb3281572bb42,b23a9c50eada4286a4f7ce8668b92db1,2e7836ee5e5144f5b63e6629b969a362,f4474150010f4021a4620372062f3797,9db7d32d79024ba6a73c55fde6f55968,b3a022950e444682a113cec5a0537f6a
c7eab26c996245a3ab077b730a658580,1f9cd7f2b7a14e2f8d490a104a56edcd,7d6122daabe442ffb5e57ece1882e714,5760084aabef4d8095b2d21902151f64,8a464aa9e2ee45d0abc7ae6181cd1bda,88353d1136d24836816b073de62e5f50,c1d504dfeded4b8bb3c07777b7c7abde,66cba49431224a3788f914d6a80165e1,8228c9eb29a542ba98c8b9b854eadaa4,be9e713988ba4bbba869885cad419259,d445ccdb4cda497e9f0343a3298022d2
b675a73977ed4edbbe06ed1ed956190f,2c65a898314b42e6b2e93dca66fd15c2,7d6122daabe442ffb5e57ece1882e714,b00b2395b49949508fade89bb3eac98b,b626eb67c2e14afeae2846bb150976f3,8c674a7b65e24114a45dd3c861a7ccfc,b40d3c588ad647ff85e397a6bc5f9d8b,189a3b686ad14c24b5e1a495f76dd239,b6c493a3666c4db193e86c79faf099ab,fadf133e0e684a24ac79b5fa9515bac2,0bd1cce9370a461089e25393086800a8
cebedb652e6442cfb5750e4bbec52862,1f9cd7f2b7a14e2f8d490a104a56edcd,7d6122daabe442ffb5e57ece1882e714,5760084aabef4d8095b2d21902151f64,88353d1136d24836816b073de62e5f50,c588868fc3fd4e87a7cddf1ceb00b022,8a464aa9e2ee45d0abc7ae6181cd1bda,570f08ce2a1a47978eab16bf7ad16a68,0e8487b2e6a2439b9e6623a1e2e5e19d,cc78a6c92dfe4af49c2bd93f15e4f870,1b827db6f6cf4ecb850928c2f9e41de2
085ac28270ca429689a32df3a4583773,c4b9d7a8d5d342459d2282589b3af293,98b2022b2cb84af09ee8b789db928b13,e429a2e164a24919a12edcc8d4ea8f09,e834bfbd30b247e899f0dc029ab9f072,e53dd6188816429ab915de6f9649a026,3f28365e18244eb28cc7d23de8895956,c235728f290a44d6a5fc2e14111ae02e,afaf2edba0ee4d58860a5a04e4aabc5c,01ffceddb5b34406a08bb982b424b3cf,34b736136487439389c10cc6bd4e9f4e
e03daa7cd69147cf9ffcfe59b6f1ff74,98b2022b2cb84af09ee8b789db928b13,c4b9d7a8d5d342459d2282589b3af293,e429a2e164a24919a12edcc8d4ea8f09,3f28365e18244eb28cc7d23de8895956,21019944fc2c4838a682a6dcdc62c4ef,c235728f290a44d6a5fc2e14111ae02e,e53dd6188816429ab915de6f9649a026,afaf2edba0ee4d58860a5a04e4aabc5c,30f654c6e69e48888f9f42dd95ab3c77,01ffceddb5b34406a08bb982b424b3cf
7076a0387a924dc1b928b55750f64916,75801225047a4c019100660c13f1e0f1,8c674a7b65e24114a45dd3c861a7ccfc,bdb0d45caa2a4943959f8f501e51132b,4c36aafaf38f4e9e9e09991737196fe1,c2b49382e2f34b1c90013236a5fbaef0,cc78a6c92dfe4af49c2bd93f15e4f870,f532294d68604bc2aa9ad8804a8c6d5f,e429a2e164a24919a12edcc8d4ea8f09,f8856799293e49feab6368e794eb8b00,09f4970dfe684b809bc0959fb62f41bf
0da0ce17055e4ce4aad17bba3493ecf3,c4b9d7a8d5d342459d2282589b3af293,e429a2e164a24919a12edcc8d4ea8f09,c74557a980e2428a9ffcc245278df692,c235728f290a44d6a5fc2e14111ae02e,9fd4c00672d84215b3e21812aef3d6ac,bc13c2b0221744a29a8ddf56aa015df9,1da8cc33bb474411ae16db0233210125,e53dd6188816429ab915de6f9649a026,44b3bc5953364d72a53edcf9fc4f1fed,119a6d7b4af3458b951fc1c5ab5e1738
a1de5e13c3de409baec25b9625277294,b33a0f5b564a4942b04046ab7a8e2aae,7f0a68d19d2e4850846ffc08c47ed87d,4a3d4daed4b24a1898551f0fd1ba44f1,d0b6e9c1cc5341faba9e03c17767bc2e,ef60b54aa4b5490890da32d0bb8c9cbf,09f4970dfe684b809bc0959fb62f41bf,ce4fdd5499f8498793c11e586f7da70c,bce599075dfd4fac8dd78626106e3071,521004289ebc4e6da6623381d40a5e73,e79ae27b52fa4d54aa37735fd275c66e
59d5b8a0cae447e3aa9d4441af278166,7f0a68d19d2e4850846ffc08c47ed87d,b33a0f5b564a4942b04046ab7a8e2aae,ef60b54aa4b5490890da32d0bb8c9cbf,e79ae27b52fa4d54aa37735fd275c66e,d9ac372330a4446886fa19bac0d19877,5c644b51b1394a7b8fa0a9a6275c422d,cf290994a83e4909aec30077477b9d04,eff24b01b2f5428baa4c3fef6cb40d41,4a3d4daed4b24a1898551f0fd1ba44f1,bce599075dfd4fac8dd78626106e3071
0c4b7eb545d746869c5419772a6e4392,b33a0f5b564a4942b04046ab7a8e2aae,7f0a68d19d2e4850846ffc08c47ed87d,c756409435634fc48c643a64e73c93ce,ef60b54aa4b5490890da32d0bb8c9cbf,4a3d4daed4b24a1898551f0fd1ba44f1,d0b6e9c1cc5341faba9e03c17767bc2e,d9ac372330a4446886fa19bac0d19877,bce599075dfd4fac8dd78626106e3071,5a6f4a2f7f6a4b1fa146493472e6d721,09f4970dfe684b809bc0959fb62f41bf
ee5f151fd75d45ea92a20e50b7471a5b,7f0a68d19d2e4850846ffc08c47ed87d,b33a0f5b564a4942b04046ab7a8e2aae,ef60b54aa4b5490890da32d0bb8c9cbf,e2769c67dadd4c988f7ccf249a998a56,f532294d68604bc2aa9ad8804a8c6d5f,5455e62f52ae4e03b2a5d0e8b9899506,e79ae27b52fa4d54aa37735fd275c66e,cf290994a83e4909aec30077477b9d04,f439b5616ba24b7f82eccfa095a0eff8,bce599075dfd4fac8dd78626106e3071
2a1dd0d4a81843bea554bae66ecf0521,7862a63720b34104abf5bfa44bc8178d,d87bd2402bef4672be17b62cec113ba8,4c67cc7a1ccc496db132636e3f4853a2,2c8eafa0ff26437a862dc2224ab57073,feb980ae999948ce9be0266b4ddc048d,cc78a6c92dfe4af49c2bd93f15e4f870,6c6de17135be4f8c9423be633eaefcd4,5a9a716f53364389864a4018d9e9c6c0,baf841bad27c456c9de7227555ea3ef8,1ade4365590a4ac7865100d8c791e340
eccd7d9de8ca4ef5b452f90014314ff9,d87bd2402bef4672be17b62cec113ba8,7862a63720b34104abf5bfa44bc8178d,6c6de17135be4f8c9423be633eaefcd4,1ade4365590a4ac7865100d8c791e340,408ae6a767874fc782467ec2f054ad15,f7f600880b064920ab59b907d26aedc6,cc78a6c92dfe4af49c2bd93f15e4f870,2c8eafa0ff26437a862dc2224ab57073,30f654c6e69e48888f9f42dd95ab3c77,570f08ce2a1a47978eab16bf7ad16a68
53690105d8d9451da2c18448738ecbc1,1da8cc33bb474411ae16db0233210125,d87bd2402bef4672be17b62cec113ba8,88f796c14d184ecfaa5b0109161db259,0568345606fa4a2c84ed4ea6c74639ee,2b3ecf8be2b242f3b8a1e714390749fb,e429a2e164a24919a12edcc8d4ea8f09,230b9ef63ea240e9b61a18f41473f942,7199f2fe77824236a392e1f00a5bdfc3,9d09e3cd382c4d0ea0f6f50261e3e4c8,ff171f0b29974f78b0e81fee30abdd38
904b4babc35a4e22bf243f52a41e9034,5a9a716f53364389864a4018d9e9c6c0,6c6de17135be4f8c9423be633eaefcd4,5b588e34588940788a22036b775ecc2f,01bbbf1caa554d94b5decb69cc1add41,0592b57e490d4206a3f12eb004a0afe0,6bedb2d6ace34e18811b7f1206b2d1b0,4e7ee74be72a461fa02fa61bee62bdcc,7d3d751215194e649a03457226f599d7,ad42c467d0fe43dbb328073f9a16bc4d,d2bcc978e7aa49908919d9fc40138b27
4ec8d6459f8e4b49af04fd8199016f22,0d0973762130427eaa2ce9a7a34517db,c5486d5e31084ee797da0ebdacb17abc,e43d8e7bc32f406b9a692e2604f5b45a,cd764fbfae774d068af7549c648a02c9,45e440d874a54bb591862ff441114cd3,31f80e4c87164e2893375ec7e73b372e,7d6cdff8c9ac434196df803628fe9f62,db0c3a952e454b90aa4a68feb6a50e87,a0408a6462b24cf18e50a8616359d5ad,b69c17a10a55494d8caa56c33e8f4a56
c50dedd60aba419c9533edaeaa3946ce,0d0973762130427eaa2ce9a7a34517db,c5486d5e31084ee797da0ebdacb17abc,e43d8e7bc32f406b9a692e2604f5b45a,cd764fbfae774d068af7549c648a02c9,31f80e4c87164e2893375ec7e73b372e,45e440d874a54bb591862ff441114cd3,d7c9dafddaf547159d366dacf7b68a7e,f676e16c6a134bd5a7bbeee4590adcfe,b69c17a10a55494d8caa56c33e8f4a56,7d6cdff8c9ac434196df803628fe9f62
e4692df5d1fc4cccbb1af7348c9844e7,5a9a716f53364389864a4018d9e9c6c0,812a1568c77d46e695f8eb7357e24a0e,2939ef012c5c4a1b94b49df9469dfb3c,d65e3a3657ae455e954b6d7221afc84c,6c6de17135be4f8c9423be633eaefcd4,4e7ee74be72a461fa02fa61bee62bdcc,5b588e34588940788a22036b775ecc2f,d2bcc978e7aa49908919d9fc40138b27,0c9c05f86aa042abbdd66d2b2d05d374,b585a2970e9f421da236241f603883f2
0acc73aefb2c4bd4ac88e33303c8f082,8d595c7da42545c88052e7b213b6c97c,99a52c93a3304ec18dab9206f98f2a8b,5abf57d57d84440e94d0d2e2ffb37575,e511c40ca6324803b5021e47b4e777f8,599feb1e512c43ad8c0a1845922acf78,97959d02a64f4a3fbbebe7cbece6c012,3cb231e1167e45f9bf5771a4e0074092,6c874292dbcc49ff8bb8bbe5643593a5,0228b1e9e3244da3a727930123ba7bda,bcfa4a4177d44d8b8cda17b7a23196b0
c3b65a8844a544c6a4819d750555f39c,8d595c7da42545c88052e7b213b6c97c,99a52c93a3304ec18dab9206f98f2a8b,e511c40ca6324803b5021e47b4e777f8,5abf57d57d84440e94d0d2e2ffb37575,dee9eddb2eac41bfaf36d3279d43674a,bcfa4a4177d44d8b8cda17b7a23196b0,643fbbdd6b764ba9904a4ee67a86b9fd,b69c17a10a55494d8caa56c33e8f4a56,ffc5805e29a74be0a55b40318aa321d7,599feb1e512c43ad8c0a1845922acf78
3ec39a285da042a1bb003186e6c26bdc,19593c97fef0474dbe6051e28338f1e9,a5365055a36a4ec1bf5b0ce2ef949a35,1027a336232c4454a9c4ae450a562788,b0d2e6c4b2384950b3696c4414870282,c1d504dfeded4b8bb3c07777b7c7abde,4a6eba10a02a4ecdbb6b25e8651c3789,f6507bae2aaa4785842167f8320428b3,1f9cd7f2b7a14e2f8d490a104a56edcd,eb21a4e2b7bd43efbdf0c365415e7fef,d8b3ad3b5c4e474db41a671ab286424f
7abfc7f5744b4188b357bacc5c42c49e,ffc5805e29a74be0a55b40318aa321d7,de6ac628a786435f9925c8cc1d707d6b,36ee1613abf245cdbe93fef69b5f981f,89e983dca0a34b768e17b3871b9cea1e,c1d504dfeded4b8bb3c07777b7c7abde,2471f23cb9b64d35a72deed09c9c8975,ef60b54aa4b5490890da32d0bb8c9cbf,25109e3a7df549e5b380aae716d71366,1f3cf50fe1f947d8a56e02ebca441c4c,fe363cef357840fcb35f320fe7c27e4e
9405bc1ec9c249e080970a1f105edabe,ed4449952a9e45339b76fc5f123cb917,c24e3823376b436c8eb46eaeebbc7718,9bf3b77eb9874f5f9e006a9cff111ea9,812a1568c77d46e695f8eb7357e24a0e,99a52c93a3304ec18dab9206f98f2a8b,57bcda73abab44ee930b20cdaee9d24b,99830b8da7c24f909914f7bb167f3ea6,7dd5e88dfdd24cafab2c765939757354,174581fc299840e18e827432c0cce4dc,0accd1d0138b49049d437c0d9b1c23c3
1fe6a337c9114514b3e8dd154c2bda5b,599feb1e512c43ad8c0a1845922acf78,e7ee85dd47ca43eeb2fdcd70b802f0ec,e511c40ca6324803b5021e47b4e777f8,99a52c93a3304ec18dab9206f98f2a8b,2b039224b54142d185a406b31fe01de2,8a9dc60359ba49cd8ac170cfb4ac3913,c65af18670ea437c8986884645b3afe9,3aaea7fa41fd43cdb88f8ef59062c5df,291130c42a884be2800e026bab5ddf53,7199f2fe77824236a392e1f00a5bdfc3
31557bdb4eee40258e47e89e445b788a,ed4449952a9e45339b76fc5f123cb917,c24e3823376b436c8eb46eaeebbc7718,d53fa54d5536463ab0d87648dfc5fd78,b0d2e6c4b2384950b3696c4414870282,9bf3b77eb9874f5f9e006a9cff111ea9,5f65785004054c67a618fe43b6a30f56,de6ac628a786435f9925c8cc1d707d6b,812a1568c77d46e695f8eb7357e24a0e,73f684f538ea452cbb4fbecc2e8126a4,99830b8da7c24f909914f7bb167f3ea6
73dbecd0253544b594d72bdfb45f3f7e,599feb1e512c43ad8c0a1845922acf78,e511c40ca6324803b5021e47b4e777f8,8a9dc60359ba49cd8ac170cfb4ac3913,df0c94234d9d4890b5b4b95c441b3e9a,99a52c93a3304ec18dab9206f98f2a8b,e7ee85dd47ca43eeb2fdcd70b802f0ec,e0ff5d4ae0ec4871a49041d550cdcaa9,6fc7a2cf0684475a82f6ff9be2c8e850,e7aaa514f6f64a258a640ea341aa1a18,b69c17a10a55494d8caa56c33e8f4a56
e6d9f19b6de24f86aa66f9c5fd05e823,e1c63000ace94c1d9381d82389fe6afd,99ba4cc9355f4d79a68bc69ac12a716f,cc243eebbb2b44a581745865a60c423a,7e190e3c05d74e6b9f103e39142c1684,c4e79c8992e54866b0c6f26c55b1a774,b277101390e1465685ef79bf3519f8d7,6f57d1175ad243edada61643d01fcd54,70aa10580bfe4069bdaa5721ae2d29db,f91157bb8fca4a8e98db33591a76be9a,225818abe99e45a0bf5b0b3ec30db76b
81cace07bfd24a26846b03e46c6ad161,99ba4cc9355f4d79a68bc69ac12a716f,e1c63000ace94c1d9381d82389fe6afd,37ae696e40dd42ebb4738722daa3c523,ad054da7e1704a53931a341173f0605f,ff276acede2f4c14876ef47257758ae8,6c874292dbcc49ff8bb8bbe5643593a5,9677dd2a3aae457a8079087ce4177e14,ec07b4e88bea4086a5eafed96d81edb5,ffe2740eee8c49b39b2ce41f9983bcb4,eff24b01b2f5428baa4c3fef6cb40d41
90e717813d404c9f925935c7cfaf747d,99ba4cc9355f4d79a68bc69ac12a716f,e1c63000ace94c1d9381d82389fe6afd,37ae696e40dd42ebb4738722daa3c523,ad054da7e1704a53931a341173f0605f,ffe2740eee8c49b39b2ce41f9983bcb4,9ffa09a2b9bd4da0ba98fc537ca68802,1004b33e3126472faa78e1929ed974e6,eff24b01b2f5428baa4c3fef6cb40d41,ec07b4e88bea4086a5eafed96d81edb5,ff276acede2f4c14876ef47257758ae8
e5fa255c55ca4255a1a6ad8c11fe54a0,230b9ef63ea240e9b61a18f41473f942,43ee0103cba54b4e9d165717735ca0f6,0c9c05f86aa042abbdd66d2b2d05d374,f879b316413f45d2b64bb25e3f45a667,c1d504dfeded4b8bb3c07777b7c7abde,7ab9086baf99475d8c93862a7dd36344,342aaa81ed004635bbf9cbc2592cd7b6,3b7d56c26da14b3a9b1cd52b5b35891b,9ffa09a2b9bd4da0ba98fc537ca68802,1578afd6ce694d46ab6e24f965f51fd6
e62461979ead477d9cc7f369964f28d9,e1c63000ace94c1d9381d82389fe6afd,99ba4cc9355f4d79a68bc69ac12a716f,1da8cc33bb474411ae16db0233210125,230b9ef63ea240e9b61a18f41473f942,48240083d13148bd84ddee8c7f9fcd22,74bd120b8f714d03bc9dd1a703fe4d7f,da61d9bc8f024a4aba18d5c3072b7838,9677dd2a3aae457a8079087ce4177e14,e53dd6188816429ab915de6f9649a026,f37d285ad0de42f0b1546d0d1acfb221
5a783edaf5cc4401bef507ec0bf50b74,724a3f6551e74ad585bdeac9a75fd639,514537782f6549c488a1b932939b4128,636c21e19a5845e1b8d69a5fca928030,da88fa5efc674368b593444ca950dff9,0accd1d0138b49049d437c0d9b1c23c3,30c71719aed84c07ae21d0eff0deed72,00fb3a55134242769182c520d55681a2,f4474150010f4021a4620372062f3797,556743bab70d4b75bafcf192fef95b16,64d9091426f9461c97c98a5428856bcf
07ede7933f83489091e7ac09e75bd135,724a3f6551e74ad585bdeac9a75fd639,da88fa5efc674368b593444ca950dff9,514537782f6549c488a1b932939b4128,dee9eddb2eac41bfaf36d3279d43674a,30c71719aed84c07ae21d0eff0deed72,2c3599a1611644f4908562f8fb8870d3,85d4175b563d48e5bc6a991b23662f24,0accd1d0138b49049d437c0d9b1c23c3,8683a3ad55d84a78834fabe20cde5269,910827a15eac4e4b9005d8e46ad71f6e
e0a1bb27279d4bb8ac27a733753d7c54,9500823cb050427696343b1ea5cf8881,5455e62f52ae4e03b2a5d0e8b9899506,8889c114b071429cbe2418f5b0f2024b,65e30dd62cfa4dccb9ea4d908a9d6fab,cb550e5ff4694fe9a19eaa6588cef250,039a871609044cb1b69f70c082fe61d8,da88fa5efc674368b593444ca950dff9,b0236c76ae244fd8aacbea7da10e55ca,6b4676aba2a746b3ab778315afc8ee82,5c644b51b1394a7b8fa0a9a6275c422d
8d21526a81804f01b67fc9c7431368d4,9500823cb050427696343b1ea5cf8881,5455e62f52ae4e03b2a5d0e8b9899506,8889c114b071429cbe2418f5b0f2024b,039a871609044cb1b69f70c082fe61d8,da88fa5efc674368b593444ca950dff9,65e30dd62cfa4dccb9ea4d908a9d6fab,cb550e5ff4694fe9a19eaa6588cef250,85d4175b563d48e5bc6a991b23662f24,b0236c76ae244fd8aacbea7da10e55ca,0daf8d5687b54d158f7f752884c42334
e099db4616e745afa30336180e470463,039a871609044cb1b69f70c082fe61d8,5455e62f52ae4e03b2a5d0e8b9899506,be70e49b76c24527b4fddfb6b78b6d8d,9500823cb050427696343b1ea5cf8881,ef511457ee7c490c8e10eccf6e18fef6,3574ab91c29940b3afc62354ae06b73b,b0236c76ae244fd8aacbea7da10e55ca,04d24d1cf42b4f7787d8d300cbad6d50,e88ce4cd350f43398a5c0ab8629cee72,3f23eafbd9cc4e209aca631fd6fc9dfd
4d9da4498edb406687e88c877d40d0b5,af648fa7ac6c4c50a246de470329cd83,afac6ae28fac41dabae96696990c5555,b01fd4d037a84a7aa777e1fc345c73c5,fc70a4c2c4834e0eba1a14470f563b03,887e323cc38f4cf8adc5970617f1c286,a8904adcdd21495f890bc614bfdbf86f,2acbd3ec289a47f7b4108896ec632585,bb6ecabbce1b43d997d00d7acdc95193,8ad1f345ca194b29bde0a924f27b2de5,13aca0959cc948cabeee0d7255f55a65
1878f6ecc3cd4ae098c87cb8f6d6f75f,af648fa7ac6c4c50a246de470329cd83,afac6ae28fac41dabae96696990c5555,b01fd4d037a84a7aa777e1fc345c73c5,fc70a4c2c4834e0eba1a14470f563b03,887e323cc38f4cf8adc5970617f1c286,2acbd3ec289a47f7b4108896ec632585,bb6ecabbce1b43d997d00d7acdc95193,8ad1f345ca194b29bde0a924f27b2de5,a8904adcdd21495f890bc614bfdbf86f,bfd1d441da734aad88cfacdab3ee4059
122f81ffea0d4ee8a8e0e80dabd6753a,afac6ae28fac41dabae96696990c5555,a8904adcdd21495f890bc614bfdbf86f,8ad1f345ca194b29bde0a924f27b2de5,fe363cef357840fcb35f320fe7c27e4e,d7618b61a65a4bc1a0d0f2cc1bddc448,4230775a9d51448396cacb9061f0e5f9,bb6ecabbce1b43d997d00d7acdc95193,fc70a4c2c4834e0eba1a14470f563b03,116f6c1f0cb54312986a0a729508a33e,b01fd4d037a84a7aa777e1fc345c73c5
341c198c08bf4223af06fe1151b3d336,afac6ae28fac41dabae96696990c5555,a8904adcdd21495f890bc614bfdbf86f,d7618b61a65a4bc1a0d0f2cc1bddc448,8ad1f345ca194b29bde0a924f27b2de5,4230775a9d51448396cacb9061f0e5f9,bb6ecabbce1b43d997d00d7acdc95193,fe363cef357840fcb35f320fe7c27e4e,fc70a4c2c4834e0eba1a14470f563b03,1c6bbf19b3d2498696a5baf0f53a0f18,93bf0b86be094f68a9d308ca5ecfb4e3
6936423214e640f58de191bcbb19cfc0,2ece45504eff42469c104dc2a2d03caf,5e0a2bc284cf4002914ae4e6aaef41e8,af532d6e5090478ba520505d5f9107f2,5e44915237fc4445b54b037e1c4e29a4,c36ef11228124c438ed3256c9822b03d,db620271348d404a9a0b978d96c63f29,52f20bd7eb50430c95f0916727880a1b,f12e9e5805534d719f829332d1ea5d29,0a61f52258f643b6a6436a1ec234e197,55c0b899937042c98162389b209aca7f
c0ca5bae25e84345bcf7f81daaa9a287,2ece45504eff42469c104dc2a2d03caf,5e44915237fc4445b54b037e1c4e29a4,db620271348d404a9a0b978d96c63f29,ec4820b018a04967a457a9c032a51dc6,f2ef424352f14dda92691047ee9f15fa,8f0e477fc779414e9b47995c0b25a87d,25109e3a7df549e5b380aae716d71366,0568345606fa4a2c84ed4ea6c74639ee,0a61f52258f643b6a6436a1ec234e197,f12e9e5805534d719f829332d1ea5d29
ca2cd162b500466a989318642fa8e5e8,6f8d80f8673144dfa7a4e09190442ab3,7326afe68eb64b63993b3dae022c645d,b5f237fefb38465bb6a068c9cf75ba31,514537782f6549c488a1b932939b4128,f7f600880b064920ab59b907d26aedc6,eafb3480db704d7baa8216ce857d1610,bf789f42ccfc42c5a330a3f6e30ddb83,03df72bcf3504272a27f4bbaea89118a,9909a671f7414c19b2727e7d4d4dcf1b,41047823f2cb4194ba1e0709443c719a
5eea07beb98f41d89ef2eb45e27d65dc,6f8d80f8673144dfa7a4e09190442ab3,7326afe68eb64b63993b3dae022c645d,f65c7f50929f431dbf31b441d87616d0,c750a2994555414790abb3281572bb42,f7f600880b064920ab59b907d26aedc6,eafb3480db704d7baa8216ce857d1610,0bd1cce9370a461089e25393086800a8,a865b8d581b44104afe7c8508e3486f5,0cdb0f32850f4585a16de4886462bbe0,4a6eba10a02a4ecdbb6b25e8651c3789
75f3f9e03bd5407ba9a8ed4058d70b42,9c69642fab6749848e7ea7f5406a6da4,52ee59901f3b4de884d7a6720538aed6,48240083d13148bd84ddee8c7f9fcd22,63eab812f3254cccb9631b09725aec3d,67dd23cfd20f46dc82acc82c108a1dc6,99dbf0cd0c6343ffbcf97f04efc4143c,f6061b71031b4ddb9384f86c103690a4,7862a63720b34104abf5bfa44bc8178d,03df72bcf3504272a27f4bbaea89118a,ff51ca928cd54f4da620c27983e221f8
134c16196b09479bb303d2505e8029e3,9c69642fab6749848e7ea7f5406a6da4,99dbf0cd0c6343ffbcf97f04efc4143c,48240083d13148bd84ddee8c7f9fcd22,f6061b71031b4ddb9384f86c103690a4,63eab812f3254cccb9631b09725aec3d,03df72bcf3504272a27f4bbaea89118a,67dd23cfd20f46dc82acc82c108a1dc6,52ee59901f3b4de884d7a6720538aed6,7862a63720b34104abf5bfa44bc8178d,ad3d372fbf054ea1ad06cfcb7490df4b
62f621f26198469bbe4acc3c211ac044,52ee59901f3b4de884d7a6720538aed6,34b736136487439389c10cc6bd4e9f4e,23a16d69ffe848d593a4808907d8aa98,5537ddec608a4ec586ea068fa27547ca,9c69642fab6749848e7ea7f5406a6da4,016e634d566b49c199d07357aae9bf33,df7ea50171af48df81584ab7e8107d15,6252aa87531748e5bac5f6c65fc87e14,69ac8397e9624bfd8aee237b9f9ea3b5,daed5458403e49e3aea72f4bcc6dd224
e9102a403ab3412e96b169e8b54422da,016e634d566b49c199d07357aae9bf33,f6061b71031b4ddb9384f86c103690a4,9c69642fab6749848e7ea7f5406a6da4,03df72bcf3504272a27f4bbaea89118a,5be48a6bc26044f2a2e4e9b6a223c319,52ee59901f3b4de884d7a6720538aed6,0971af4212484a958eb0f60f93d1dfe0,48240083d13148bd84ddee8c7f9fcd22,7862a63720b34104abf5bfa44bc8178d,99dbf0cd0c6343ffbcf97f04efc4143c
dc99976a66254d64893ce4ea5c1381f9,b8995466f0eb4e7ba141e23216e8b974,0092d1d820c64646b8bee9fd14f77acf,2ea3b46262e649f79900258cd90cce31,8fdee0611965465eb45387b8c39f4136,1f9cd7f2b7a14e2f8d490a104a56edcd,3c0f3b44c0844df49b5898406fe9195a,ec07b4e88bea4086a5eafed96d81edb5,afaf2edba0ee4d58860a5a04e4aabc5c,c750a2994555414790abb3281572bb42,07958f43551e459eb30638b632e3cd64
a837b40016284aef83d53d8096b2f4c1,c750a2994555414790abb3281572bb42,0092d1d820c64646b8bee9fd14f77acf,c3a741d302d94ee294bb6e4090fd2da9,b8995466f0eb4e7ba141e23216e8b974,9bf3b77eb9874f5f9e006a9cff111ea9,d756970269e9443fb9bbf645a96aa84e,b3209c60460a437294e2b30a9e9d3f53,403835bbf2f1447188bcc78e062b0028,c4b9d7a8d5d342459d2282589b3af293,3f28365e18244eb28cc7d23de8895956
066e11859105406c8b337a9c79f27900,c750a2994555414790abb3281572bb42,199647bd1328406c83c5a875154f97d9,13e659415ac84c7a81fc769111d43417,b8995466f0eb4e7ba141e23216e8b974,0092d1d820c64646b8bee9fd14f77acf,7d6122daabe442ffb5e57ece1882e714,2ea3b46262e649f79900258cd90cce31,c4b9d7a8d5d342459d2282589b3af293,ac5a760b45c146ec840193371cfb2d30,c3a741d302d94ee294bb6e4090fd2da9
eacbaee168e04572a043403932038ea4,d361a9e414fb41c1a605200d9cbba496,c74557a980e2428a9ffcc245278df692,c4b9d7a8d5d342459d2282589b3af293,6d3b4c95066e4dd8a6ad1c66b1c1ea4f,e429a2e164a24919a12edcc8d4ea8f09,45e440d874a54bb591862ff441114cd3,afaf2edba0ee4d58860a5a04e4aabc5c,dbf0926f9f344f1d88b114660db4d2eb,04d24d1cf42b4f7787d8d300cbad6d50,c588868fc3fd4e87a7cddf1ceb00b022
87525176aae14b4594b3cc3538652572,43ee0103cba54b4e9d165717735ca0f6,5abf57d57d84440e94d0d2e2ffb37575,8f0e477fc779414e9b47995c0b25a87d,215f3d275db14601a0383885cbaad86e,d75a52d716984f318f976bbfc7bee787,21019944fc2c4838a682a6dcdc62c4ef,0ecfdd96e0054841883acba75e83b232,e06d08ff594a4acbac12edf579743fcf,8d595c7da42545c88052e7b213b6c97c,30578712823948b086e3781343982938
6f4c5ace8efc459ea9630b048d4f0f65,da14e9dc2c3d4963b725de8102de5028,ba8d0208e32e42969bd4349cf24f6ed1,0b57f893483647c3aed811775a4c4c04,5fc200cab89346658c9c91cce27e85fe,d0e41bf891254ba0872f1641139f84f6,a055f8188384479a8bad418f7dffd9a5,f8e7f9688fd546829da579434180ffee,4d5cbe57c3094d01843e4f950a280b50,15b7b988bba143989cfd98d5c6c4d203,d9096650c434432c871effeca9acd5c6
492fe644141442369b9490599c32871c,baad022010b44fad8d8410869d909fd1,2070754bb5dd4a248be9c2a6a1a9d381,5cf392f15360460bae6a6b0182bb99b9,4d0a737f396d4a95808085bd1306746c,105ad424733e4cffa7c474b51e3980aa,e12ad1ce8e7940a999b9a4f91a95fab7,230b9ef63ea240e9b61a18f41473f942,7226603f024c45c6a6e44b00e52e8aad,dbf0926f9f344f1d88b114660db4d2eb,d695b7afdc3841a28a56df578e56afce
c5430389b16b4cef9f052e00355bb0bd,da14e9dc2c3d4963b725de8102de5028,ba8d0208e32e42969bd4349cf24f6ed1,0b57f893483647c3aed811775a4c4c04,d0e41bf891254ba0872f1641139f84f6,a055f8188384479a8bad418f7dffd9a5,4d5cbe57c3094d01843e4f950a280b50,5fc200cab89346658c9c91cce27e85fe,f8e7f9688fd546829da579434180ffee,baad022010b44fad8d8410869d909fd1,15b7b988bba143989cfd98d5c6c4d203
fe4ef0b1b959405da9233fffe5a1a8ba,42805d29975b400ea7c570fc45ec4938,64d9091426f9461c97c98a5428856bcf,71d4b4036e594d7399506e6fd9b88063,0b57f893483647c3aed811775a4c4c04,8b4e9e3d234e4eec99a7651e246bbfa3,092cb872c8724c7681c50da9c6cfa252,f5bcc6f48ed2447581b401d453039866,feb980ae999948ce9be0266b4ddc048d,5537ddec608a4ec586ea068fa27547ca,bbdf9065122d499d9d8f80ad3e0ef6f3
8b45a559d8f643aabfc6ce1311e615f6,c588868fc3fd4e87a7cddf1ceb00b022,e4fcd30261804b089efa940359057ba2,9daaefe080b34656a0c7a54d2d6a1713,9460474d89704a68aaa6ccb62310ae3d,e86a0aae846a4e44bf967ab4972c977c,556743bab70d4b75bafcf192fef95b16,b52468fc0af2435f9ba91939f72bbf6a,67dd23cfd20f46dc82acc82c108a1dc6,cc78a6c92dfe4af49c2bd93f15e4f870,1f9cd7f2b7a14e2f8d490a104a56edcd
923cdbcba1f440f0b8e680f9bbe84bc0,2c3599a1611644f4908562f8fb8870d3,ad42c467d0fe43dbb328073f9a16bc4d,1e376f9d0945477983c8d851e4b2cf5e,a9d82bb43410405ca21b44a5e82e22b6,189a3b686ad14c24b5e1a495f76dd239,b98519f97e424c1389f5553f0869b15a,b00b2395b49949508fade89bb3eac98b,b8da01ceddcb45a491a288ddbc658e90,dbb3fe11ad004895b302a84e7c066fcc,ca0fe2dd97434e2ca7aecc38d4f1fcd9
ce803c95614a408cbf9b99166b3a9db0,2c3599a1611644f4908562f8fb8870d3,ad42c467d0fe43dbb328073f9a16bc4d,b98519f97e424c1389f5553f0869b15a,bcfa4a4177d44d8b8cda17b7a23196b0,89e983dca0a34b768e17b3871b9cea1e,b8da01ceddcb45a491a288ddbc658e90,250d411ae270441085be3501b7b55d86,664da77d25e74df693eaad44a5e7617f,1e376f9d0945477983c8d851e4b2cf5e,9460474d89704a68aaa6ccb62310ae3d
4a9f5a00cf914c0cb76a4ee585a73675,c588868fc3fd4e87a7cddf1ceb00b022,9460474d89704a68aaa6ccb62310ae3d,b425f33c33ad4be89a12da266d131a86,9daaefe080b34656a0c7a54d2d6a1713,e4fcd30261804b089efa940359057ba2,e86a0aae846a4e44bf967ab4972c977c,7862a63720b34104abf5bfa44bc8178d,556743bab70d4b75bafcf192fef95b16,cc78a6c92dfe4af49c2bd93f15e4f870,2c3599a1611644f4908562f8fb8870d3
61251687d2444fe8b74dce9025233ead,0c9c05f86aa042abbdd66d2b2d05d374,230b9ef63ea240e9b61a18f41473f942,9ffa09a2b9bd4da0ba98fc537ca68802,3b7d56c26da14b3a9b1cd52b5b35891b,45f4192f485a49d9a75219ae4d0c41ee,43ee0103cba54b4e9d165717735ca0f6,8c674a7b65e24114a45dd3c861a7ccfc,b0d2e6c4b2384950b3696c4414870282,1578afd6ce694d46ab6e24f965f51fd6,cb32ec9a538a4c0f8462771946ced93b
42f90bf7d5ef47d8b2f88399cb0f3a2e,0c9c05f86aa042abbdd66d2b2d05d374,230b9ef63ea240e9b61a18f41473f942,0092d1d820c64646b8bee9fd14f77acf,9ffa09a2b9bd4da0ba98fc537ca68802,3b7d56c26da14b3a9b1cd52b5b35891b,a64f6232ee1e4357937008a327a63cf4,f8856799293e49feab6368e794eb8b00,1004b33e3126472faa78e1929ed974e6,45f4192f485a49d9a75219ae4d0c41ee,236c362d8b664c93b41882c119df9706
b3c99c83d4e34424adca9ea35f3016b4,a64f6232ee1e4357937008a327a63cf4,ce4fdd5499f8498793c11e586f7da70c,9ffa09a2b9bd4da0ba98fc537ca68802,da61d9bc8f024a4aba18d5c3072b7838,a9573f188204436090fb4a5240e4eccd,3b7d56c26da14b3a9b1cd52b5b35891b,590df34aa41f46e9ad13ffc6a98da3b7,503d2f067a8a4f5798b1c64b07ab0bc5,eff24b01b2f5428baa4c3fef6cb40d41,ffe2740eee8c49b39b2ce41f9983bcb4
cc2355a9c26249c0b3722824339d73f5,a64f6232ee1e4357937008a327a63cf4,ce4fdd5499f8498793c11e586f7da70c,9ffa09a2b9bd4da0ba98fc537ca68802,da61d9bc8f024a4aba18d5c3072b7838,7326afe68eb64b63993b3dae022c645d,36ac84a73ad34261ad45cf569edb60af,1aaf8edc37ea412b85e3d1b5c5317051,503d2f067a8a4f5798b1c64b07ab0bc5,eff24b01b2f5428baa4c3fef6cb40d41,c1d504dfeded4b8bb3c07777b7c7abde
7e2f96b3e0ce428cb02c7ab9d85a8cca,898eabaaa1a047e18aecbb1c5a8decbf,b83013f4c5524232814efa0f8651867f,ee337b5c1ef3431e9c120250bfec4cac,06b7dd1b701544ac80dd7ca54ed707cf,d5ecdd142b544edca1b16ee83a9cf908,7f5b658239034d35b7f4cf1c63cb388c,2acbd3ec289a47f7b4108896ec632585,af648fa7ac6c4c50a246de470329cd83,b2b22c673e554db39c8acdbe42687a6d,599feb1e512c43ad8c0a1845922acf78
c1de7b286d874eeab76f13a3c0d2f90f,7f5b658239034d35b7f4cf1c63cb388c,ec5fe0d3a2a2426ea4e49a5c0ad44e04,27fe100af7884932a33bf30f10dacc55,10b152bdafe94db8a93f7c374226a071,beccee3a988f48c1ad207e2380766fa4,a8904adcdd21495f890bc614bfdbf86f,415641aa43724ed9bc4710302b77edc3,40f040fd5c824c8e8e710af1fdf70b5f,93bf0b86be094f68a9d308ca5ecfb4e3,64d9091426f9461c97c98a5428856bcf
e61649949748401a9d06187bc97c8b58,7f5b658239034d35b7f4cf1c63cb388c,27fe100af7884932a33bf30f10dacc55,93bf0b86be094f68a9d308ca5ecfb4e3,ec5fe0d3a2a2426ea4e49a5c0ad44e04,051d304b7139431fb3bff19b4e75aff7,a8904adcdd21495f890bc614bfdbf86f,f4b7e6e902e344859cb041126b69ce3c,beccee3a988f48c1ad207e2380766fa4,b83013f4c5524232814efa0f8651867f,10b152bdafe94db8a93f7c374226a071
b81b07771bcd450f9d8eaba7182f30c7,898eabaaa1a047e18aecbb1c5a8decbf,b83013f4c5524232814efa0f8651867f,7f5b658239034d35b7f4cf1c63cb388c,2acbd3ec289a47f7b4108896ec632585,af648fa7ac6c4c50a246de470329cd83,b2b22c673e554db39c8acdbe42687a6d,06b7dd1b701544ac80dd7ca54ed707cf,6af17cec494c4373a95865d270a29171,acbf8eae7e064c11bab7adf66f216990,f59a3ee5387440d981754b6595e8664c
10477b255a0f4b31bdc6941e131708f6,0592b57e490d4206a3f12eb004a0afe0,444fa28d9ed54c82a522699041eae592,ff276acede2f4c14876ef47257758ae8,b69c17a10a55494d8caa56c33e8f4a56,5b588e34588940788a22036b775ecc2f,89e983dca0a34b768e17b3871b9cea1e,5e0a2bc284cf4002914ae4e6aaef41e8,6dc5832f0ac04df2bd99c6415b3ecf09,b40d3c588ad647ff85e397a6bc5f9d8b,5605fa1188974644937bbf92fec50e21
98224d85c5a5408b97fc3f91e37c6172,444fa28d9ed54c82a522699041eae592,41047823f2cb4194ba1e0709443c719a,b69c17a10a55494d8caa56c33e8f4a56,db0c3a952e454b90aa4a68feb6a50e87,bcfa4a4177d44d8b8cda17b7a23196b0,fb8c2b83e46441c2aaa7c81d3642e2da,89e983dca0a34b768e17b3871b9cea1e,ec580ac6dd7149fb8a0a5a5d8b0f5b08,6dc5832f0ac04df2bd99c6415b3ecf09,f6507bae2aaa4785842167f8320428b3
9cde6cf03d36463a9fa125c9a5d8579b,44b3bc5953364d72a53edcf9fc4f1fed,ec580ac6dd7149fb8a0a5a5d8b0f5b08,444fa28d9ed54c82a522699041eae592,097c30a7f39a4a3abf6da2ca80cad3a5,655a618282cd4fa39a26f0967c033f4b,ff276acede2f4c14876ef47257758ae8,174581fc299840e18e827432c0cce4dc,434551fdf9e443ed91679a9557ae6fd5,cb32ec9a538a4c0f8462771946ced93b,6dc5832f0ac04df2bd99c6415b3ecf09
97496eac7339419799091685c1a6c966,444fa28d9ed54c82a522699041eae592,55c0b899937042c98162389b209aca7f,bc13c2b0221744a29a8ddf56aa015df9,0592b57e490d4206a3f12eb004a0afe0,b425f33c33ad4be89a12da266d131a86,11e1e3cdfe214385a2c24d0f957dde9b,db0c3a952e454b90aa4a68feb6a50e87,bcfa4a4177d44d8b8cda17b7a23196b0,8b4e9e3d234e4eec99a7651e246bbfa3,c1def54262224e23acf67a9870725ce5
308e1406bba647a6afa6645b35e09bbd,98b2022b2cb84af09ee8b789db928b13,11e1e3cdfe214385a2c24d0f957dde9b,5e2f1a45f7174f1aa39a194179985876,2e7836ee5e5144f5b63e6629b969a362,c14e45f5201b4038bdddddb238d888a3,64fc9fe3c8d5424ebc005e5cf4a608db,e429a2e164a24919a12edcc8d4ea8f09,2ea3b46262e649f79900258cd90cce31,c74557a980e2428a9ffcc245278df692,0cc5015848a044b59fa4b290813f859c
eaae15d0cec34edcba4d16f18e51feeb,e53dd6188816429ab915de6f9649a026,097f2ce3b88c4d008488b9908076497e,039f8e63b273472d8f1d99d9a5de5cf5,f37d285ad0de42f0b1546d0d1acfb221,a9d82bb43410405ca21b44a5e82e22b6,1da8cc33bb474411ae16db0233210125,8c7c9eaae41a44a3a4ebe39ce167d300,75bf181ea5dc490e95d364a5f5c7af1d,07958f43551e459eb30638b632e3cd64,77ce0587a12b46bab8814225ba86753e
2fa2158b5d3142e1a336b9938e7ec3e4,b702b2b61ce048c6bf5af3c4dca18b1a,f464960d2dbc43c0970c60600bd7f1cd,ccb62901750b4d13a922fc161b607f83,6ea31a945d494834a3d243f1f90af02a,b4dadb3ea3a04cc3932094471debce13,2fcf4a04d3654ffb9a5c1dfa3799e4f0,7ef653f7e5f64e1b8bba73b9518b87b7,8fdee0611965465eb45387b8c39f4136,570f08ce2a1a47978eab16bf7ad16a68,6b4676aba2a746b3ab778315afc8ee82
b3e94875f12a46d49a18038edf575672,b702b2b61ce048c6bf5af3c4dca18b1a,6ea31a945d494834a3d243f1f90af02a,361f2b7f3f044907b3a331872fb18755,f464960d2dbc43c0970c60600bd7f1cd,6b4676aba2a746b3ab778315afc8ee82,ccb62901750b4d13a922fc161b607f83,7daa434073604cb98a04fefb55468dda,3e59b61eb70146308db2308b988b54cf,570f08ce2a1a47978eab16bf7ad16a68,b4dadb3ea3a04cc3932094471debce13
bb76a200223d446492dbeb01f3dcd83c,f65c7f50929f431dbf31b441d87616d0,e1c63000ace94c1d9381d82389fe6afd,c713a0ca69864ee7b240069c98dc44dc,636c21e19a5845e1b8d69a5fca928030,f4474150010f4021a4620372062f3797,70aa10580bfe4069bdaa5721ae2d29db,7e190e3c05d74e6b9f103e39142c1684,07958f43551e459eb30638b632e3cd64,ff171f0b29974f78b0e81fee30abdd38,7daa434073604cb98a04fefb55468dda
249ef4fd3a32489e875b8ff944f609e3,f65c7f50929f431dbf31b441d87616d0,e1c63000ace94c1d9381d82389fe6afd,c84deec0ecf843c39f52d4cb8e7300f8,66cba49431224a3788f914d6a80165e1,70aa10580bfe4069bdaa5721ae2d29db,c3f66637872c4141ab3898296739457d,8fdee0611965465eb45387b8c39f4136,408ae6a767874fc782467ec2f054ad15,77ce0587a12b46bab8814225ba86753e,249c2d8d8d2345c6990b3c4d94385b5a
08a04363ed37468191357b12b4afa016,d445ccdb4cda497e9f0343a3298022d2,08ecf89bc10942a4bd894482f6fcdfa7,06b7dd1b701544ac80dd7ca54ed707cf,beccee3a988f48c1ad207e2380766fa4,0e28ed072d6c444aa6f02e64955b44c6,77d8e01a914d4f4a8b87d407e0d741aa,384b14b18c3c43b1a4dc1aa2f661e076,2471f23cb9b64d35a72deed09c9c8975,64d9091426f9461c97c98a5428856bcf,cf293392122347a180cf2126f4589acb
62e089fa066d404daadaf7ab2e75f3c4,d445ccdb4cda497e9f0343a3298022d2,08ecf89bc10942a4bd894482f6fcdfa7,d87bd2402bef4672be17b62cec113ba8,23a16d69ffe848d593a4808907d8aa98,133bfbe9a7c741fcb638ecf1b0088213,938147b72e9540da8513910871e0830a,7070715ef90743da8691dd4ad134eb0c,cf293392122347a180cf2126f4589acb,0e28ed072d6c444aa6f02e64955b44c6,beccee3a988f48c1ad207e2380766fa4
772aba18a7014577b8975d8f66f55383,215f3d275db14601a0383885cbaad86e,02a3cd76ce534d188b4d5ac4778bd652,5abf57d57d84440e94d0d2e2ffb37575,5c09482fc8dc45bdbf7919f00dd540e0,d75a52d716984f318f976bbfc7bee787,2471f23cb9b64d35a72deed09c9c8975,d9ac372330a4446886fa19bac0d19877,2c8eafa0ff26437a862dc2224ab57073,c3f66637872c4141ab3898296739457d,9452a2f21f7d4feeb2605d9b6647fc13
222088ceffe04fd9a94096cfb805d9aa,215f3d275db14601a0383885cbaad86e,5abf57d57d84440e94d0d2e2ffb37575,d9ac372330a4446886fa19bac0d19877,d75a52d716984f318f976bbfc7bee787,02a3cd76ce534d188b4d5ac4778bd652,5c09482fc8dc45bdbf7919f00dd540e0,43ee0103cba54b4e9d165717735ca0f6,9094e936e13641cc9bfcc7dc1408d86e,cf293392122347a180cf2126f4589acb,52ee59901f3b4de884d7a6720538aed6
215fa8886dc743ea866c55c92e55275a,105ad424733e4cffa7c474b51e3980aa,97959d02a64f4a3fbbebe7cbece6c012,7d6cdff8c9ac434196df803628fe9f62,c1def54262224e23acf67a9870725ce5,baad022010b44fad8d8410869d909fd1,597aab8bb15240f89fd1b24a8e38258d,3c0f3b44c0844df49b5898406fe9195a,99830b8da7c24f909914f7bb167f3ea6,1a842f077119475794cc2de48e154374,039f8e63b273472d8f1d99d9a5de5cf5
c15e316f43844831a8809cd85924e3b1,f65c7f50929f431dbf31b441d87616d0,fbfaa119f55a477984e42d80498f54d3,f9fe93fae6084350b81964d354e2130f,938147b72e9540da8513910871e0830a,245212a659504b9b9cdbaf1ab1d040ff,54e9bbd0093947a3bda5fef48ef7493d,59e4dcf2794943b18fb902a6eb475ff8,c750a2994555414790abb3281572bb42,a9573f188204436090fb4a5240e4eccd,b90d74e80c37486eaee89b6fbab13671
fb89d31587634cee9cf443d998d56245,105ad424733e4cffa7c474b51e3980aa,97959d02a64f4a3fbbebe7cbece6c012,3c0f3b44c0844df49b5898406fe9195a,7d6cdff8c9ac434196df803628fe9f62,99830b8da7c24f909914f7bb167f3ea6,88f796c14d184ecfaa5b0109161db259,597aab8bb15240f89fd1b24a8e38258d,4e22dc65beb7450b9260cf27e50919e4,039f8e63b273472d8f1d99d9a5de5cf5,69ac8397e9624bfd8aee237b9f9ea3b5
a9c15421f19d4bfca5a2210dbafbd327,b4dadb3ea3a04cc3932094471debce13,b0236c76ae244fd8aacbea7da10e55ca,2d43cf91509846e29ab4febd7781919f,88353d1136d24836816b073de62e5f50,4a7fa5a1bafe4b6995e2920444ac07c4,8987ceafff324f9599b842542e37eddd,4c67cc7a1ccc496db132636e3f4853a2,9500823cb050427696343b1ea5cf8881,59f62d35b1ad451397b700b3dad25448,ef511457ee7c490c8e10eccf6e18fef6
405c71393da6481db0f9c471e6ff0b9f,b4dadb3ea3a04cc3932094471debce13,b0236c76ae244fd8aacbea7da10e55ca,4a7fa5a1bafe4b6995e2920444ac07c4,2d43cf91509846e29ab4febd7781919f,88353d1136d24836816b073de62e5f50,8987ceafff324f9599b842542e37eddd,59f62d35b1ad451397b700b3dad25448,4c67cc7a1ccc496db132636e3f4853a2,878e5c41be5c477e9f660ca361fdd727,4c36aafaf38f4e9e9e09991737196fe1
10672c8813224cd19e1b65d21bfbf3fc,e88ce4cd350f43398a5c0ab8629cee72,7bbe3c76bcc04d73969f920d43fcc67d,04d24d1cf42b4f7787d8d300cbad6d50,039a871609044cb1b69f70c082fe61d8,39e2b00e1cbd471488cf56f31d2cec7f,25afb6f7e9314af09008644bca5955b9,ef511457ee7c490c8e10eccf6e18fef6,be70e49b76c24527b4fddfb6b78b6d8d,04fa591263664fb0a6868552ebd3590b,3f23eafbd9cc4e209aca631fd6fc9dfd
380188fc5ffb4a8db6256661aefa22ee,7bbe3c76bcc04d73969f920d43fcc67d,7daa434073604cb98a04fefb55468dda,ef511457ee7c490c8e10eccf6e18fef6,e88ce4cd350f43398a5c0ab8629cee72,249c2d8d8d2345c6990b3c4d94385b5a,04d24d1cf42b4f7787d8d300cbad6d50,a4af9472683c4df0a86f9400c99c2b61,67984873125e4a0f9562179c906d1b0f,00614d60b3544ba790dfd23dd53992e0,b0236c76ae244fd8aacbea7da10e55ca
78bedef4e219493c8b9a059437b0c690,7bbe3c76bcc04d73969f920d43fcc67d,7daa434073604cb98a04fefb55468dda,ef511457ee7c490c8e10eccf6e18fef6,04d24d1cf42b4f7787d8d300cbad6d50,e88ce4cd350f43398a5c0ab8629cee72,bb84a4cf60c84a8d8e23276b1863d293,a4af9472683c4df0a86f9400c99c2b61,66cba49431224a3788f914d6a80165e1,673aee19895b4d339ada93213d8874ac,f91157bb8fca4a8e98db33591a76be9a
a73bf22ed53e478bbdb05661b2bb34bb,b23a9c50eada4286a4f7ce8668b92db1,89e983dca0a34b768e17b3871b9cea1e,ca0fe2dd97434e2ca7aecc38d4f1fcd9,9460474d89704a68aaa6ccb62310ae3d,796eade2ee4f466781d9f6669db43e48,092cb872c8724c7681c50da9c6cfa252,a0b4d283f12a407286dbeaa3a4d128a5,e343a998f4df4ac195c84e0fb571a393,25109e3a7df549e5b380aae716d71366,c588868fc3fd4e87a7cddf1ceb00b022
f8807fdc0c904075885c336e24827732,1393dac7d34b4c34b1a8091a5bea3663,033f1514c78b49dd82148b94f6bcbeba,3c1b91a23b694da1973dbc5f75f2f3ed,99830b8da7c24f909914f7bb167f3ea6,29fb30a75c57451a85f310aa6423a662,64e74af099b0485f8b6e71ac73aa2cb8,7960902edf4b47d686f704441aa56b0e,342aaa81ed004635bbf9cbc2592cd7b6,cb32ec9a538a4c0f8462771946ced93b,a865b8d581b44104afe7c8508e3486f5
c21fcb50e9a24b558b8fcc3a2d0f2042,64e74af099b0485f8b6e71ac73aa2cb8,cae139b6e4914ce7b0ef1e68b8b857eb,72a7e2ce22d045efbdbbab9c68f5d026,797cc520b8c94d9bbef187818ab51647,bbdf9065122d499d9d8f80ad3e0ef6f3,fadf133e0e684a24ac79b5fa9515bac2,3c1b91a23b694da1973dbc5f75f2f3ed,df0c94234d9d4890b5b4b95c441b3e9a,d87e5facd03b45f9829e8a1cd0fe0190,34b736136487439389c10cc6bd4e9f4e
0e4f6fd8c126417aad3dfe97ea1dee56,ec5fe0d3a2a2426ea4e49a5c0ad44e04,beccee3a988f48c1ad207e2380766fa4,10b152bdafe94db8a93f7c374226a071,40f040fd5c824c8e8e710af1fdf70b5f,27fe100af7884932a33bf30f10dacc55,7f5b658239034d35b7f4cf1c63cb388c,4c293487c809486585d65ed10b2cb1e4,133bfbe9a7c741fcb638ecf1b0088213,a64f6232ee1e4357937008a327a63cf4,77d8e01a914d4f4a8b87d407e0d741aa
11fd1036e3764df2a694b62f3f7a04ca,beccee3a988f48c1ad207e2380766fa4,ec5fe0d3a2a2426ea4e49a5c0ad44e04,40f040fd5c824c8e8e710af1fdf70b5f,4230775a9d51448396cacb9061f0e5f9,aaab880f032a4e00904cf50566164044,ee89670285c74e27aa174dadf39fbca7,d5ecdd142b544edca1b16ee83a9cf908,a35d7304347a4f81b1ccfb086956921c,50a2129b83404b94889a01f4688ebafd,fe363cef357840fcb35f320fe7c27e4e
16f482cec0e0411f8a1d2610a2aacb63,beccee3a988f48c1ad207e2380766fa4,ec5fe0d3a2a2426ea4e49a5c0ad44e04,40f040fd5c824c8e8e710af1fdf70b5f,aaab880f032a4e00904cf50566164044,4230775a9d51448396cacb9061f0e5f9,ee89670285c74e27aa174dadf39fbca7,d5ecdd142b544edca1b16ee83a9cf908,1f3cf50fe1f947d8a56e02ebca441c4c,7f5b658239034d35b7f4cf1c63cb388c,ee7c00877ae64dac87123a3d75251530
cd59d2d18bf04a6a901a0110f5fc4b13,ec5fe0d3a2a2426ea4e49a5c0ad44e04,beccee3a988f48c1ad207e2380766fa4,10b152bdafe94db8a93f7c374226a071,4c293487c809486585d65ed10b2cb1e4,40f040fd5c824c8e8e710af1fdf70b5f,27fe100af7884932a33bf30f10dacc55,133bfbe9a7c741fcb638ecf1b0088213,fe363cef357840fcb35f320fe7c27e4e,2acbd3ec289a47f7b4108896ec632585,503d2f067a8a4f5798b1c64b07ab0bc5
a3447d7a1b25452ab7eb7228d9426dbb,887e323cc38f4cf8adc5970617f1c286,8c5f38853679436ba434b6a696e43168,a8904adcdd21495f890bc614bfdbf86f,4230775a9d51448396cacb9061f0e5f9,fe363cef357840fcb35f320fe7c27e4e,8ad1f345ca194b29bde0a924f27b2de5,fc70a4c2c4834e0eba1a14470f563b03,13aca0959cc948cabeee0d7255f55a65,b01fd4d037a84a7aa777e1fc345c73c5,116f6c1f0cb54312986a0a729508a33e
bc979d6c4eac47c3bd21510ffe22054c,91f0da6d71574ababd8e868bddec9310,1d93c07de74c482ebf0a76ec564c3252,b01fd4d037a84a7aa777e1fc345c73c5,716a15d66b63424a8068da89e75733b4,50aa0f56e00d4c23ac78b3e63bc0f0e1,116f6c1f0cb54312986a0a729508a33e,86179aff3df24ff59b11e9a34974a3f4,2d43cf91509846e29ab4febd7781919f,8c5f38853679436ba434b6a696e43168,13aca0959cc948cabeee0d7255f55a65
8033dc78a96946859252dbe5da10286d,d695b7afdc3841a28a56df578e56afce,e12ad1ce8e7940a999b9a4f91a95fab7,f1c9c5051bdd4a11a064260bbb9d6d7b,a7077a82d2c74518b96fb45e35f6e150,797cc520b8c94d9bbef187818ab51647,f12e9e5805534d719f829332d1ea5d29,6ea31a945d494834a3d243f1f90af02a,ccb62901750b4d13a922fc161b607f83,26869cc099c44c4a86f6043476ab4890,6866efc8987a4ec8b04b7abd28fb5777
01ac48c3001b4c44a7b582ac608de711,e12ad1ce8e7940a999b9a4f91a95fab7,d695b7afdc3841a28a56df578e56afce,f1c9c5051bdd4a11a064260bbb9d6d7b,ccb62901750b4d13a922fc161b607f83,af648fa7ac6c4c50a246de470329cd83,7226603f024c45c6a6e44b00e52e8aad,f12e9e5805534d719f829332d1ea5d29,797cc520b8c94d9bbef187818ab51647,b585a2970e9f421da236241f603883f2,daed5458403e49e3aea72f4bcc6dd224
7c0d5434c5bc489793133ad27a07f74e,e12ad1ce8e7940a999b9a4f91a95fab7,d695b7afdc3841a28a56df578e56afce,f1c9c5051bdd4a11a064260bbb9d6d7b,ccb62901750b4d13a922fc161b607f83,f6061b71031b4ddb9384f86c103690a4,aedd476072b345e9be46ebd7260e93a6,797cc520b8c94d9bbef187818ab51647,7226603f024c45c6a6e44b00e52e8aad,6ea31a945d494834a3d243f1f90af02a,f12e9e5805534d719f829332d1ea5d29
37c59c24c4b344198d9d5abcdf597519,d695b7afdc3841a28a56df578e56afce,e12ad1ce8e7940a999b9a4f91a95fab7,f1c9c5051bdd4a11a064260bbb9d6d7b,9d09e3cd382c4d0ea0f6f50261e3e4c8,6ea31a945d494834a3d243f1f90af02a,8dfe01febd46475ab5aef97033716ce1,9452a2f21f7d4feeb2605d9b6647fc13,797cc520b8c94d9bbef187818ab51647,f12e9e5805534d719f829332d1ea5d29,93bf0b86be094f68a9d308ca5ecfb4e3
70b93f2c45f0428a89fc7fd8ce0b6106,6ea31a945d494834a3d243f1f90af02a,daed5458403e49e3aea72f4bcc6dd224,af648fa7ac6c4c50a246de470329cd83,f12e9e5805534d719f829332d1ea5d29,f1c9c5051bdd4a11a064260bbb9d6d7b,d695b7afdc3841a28a56df578e56afce,bb5c7d03a54647d08b8c62deeb803271,d9096650c434432c871effeca9acd5c6,41e657daa20545a588584578bdb4101c,20297482a5014732a843c9fdafba548e
b1b978d0d5a04bd69d56ef30d2af57e3,e0ff5d4ae0ec4871a49041d550cdcaa9,ec580ac6dd7149fb8a0a5a5d8b0f5b08,f69bf682935e47e1b4c72d237becd13a,245212a659504b9b9cdbaf1ab1d040ff,e511c40ca6324803b5021e47b4e777f8,30578712823948b086e3781343982938,73f684f538ea452cbb4fbecc2e8126a4,dd9e8283197b473d8ffd502561bdaaec,df5ca61304074da1bec8f536ab50baf3,033f1514c78b49dd82148b94f6bcbeba
c63f586816974c308053ab40652e867f,30578712823948b086e3781343982938,e0ff5d4ae0ec4871a49041d550cdcaa9,73f684f538ea452cbb4fbecc2e8126a4,e511c40ca6324803b5021e47b4e777f8,ec580ac6dd7149fb8a0a5a5d8b0f5b08,f69bf682935e47e1b4c72d237becd13a,033f1514c78b49dd82148b94f6bcbeba,245212a659504b9b9cdbaf1ab1d040ff,f69dcaceb6074ddebfe1dc7e5978fcff,daed5458403e49e3aea72f4bcc6dd224
6ea9898485944849b1119856b900eee9,eb21a4e2b7bd43efbdf0c365415e7fef,1232f20e710b448e8c0538b9e84dab1c,fbfaa119f55a477984e42d80498f54d3,c66c6f1449d44728a2ef72de53dd6d5e,99a52c93a3304ec18dab9206f98f2a8b,bcfa4a4177d44d8b8cda17b7a23196b0,599feb1e512c43ad8c0a1845922acf78,8a9dc60359ba49cd8ac170cfb4ac3913,d87e5facd03b45f9829e8a1cd0fe0190,c2b49382e2f34b1c90013236a5fbaef0
e3fbe9aa3f674b32824114cc216c78ae,a5365055a36a4ec1bf5b0ce2ef949a35,36472797459c462e910846109fa624fc,19593c97fef0474dbe6051e28338f1e9,c1d504dfeded4b8bb3c07777b7c7abde,3b7d56c26da14b3a9b1cd52b5b35891b,9ffa09a2b9bd4da0ba98fc537ca68802,3f23eafbd9cc4e209aca631fd6fc9dfd,b0d2e6c4b2384950b3696c4414870282,d65e3a3657ae455e954b6d7221afc84c,d7618b61a65a4bc1a0d0f2cc1bddc448
db1e964f321c4227b0b29f870ee1f47e,f69dcaceb6074ddebfe1dc7e5978fcff,e511c40ca6324803b5021e47b4e777f8,56272326c7e94e419ea8c69fb634f610,ffc5805e29a74be0a55b40318aa321d7,c1d504dfeded4b8bb3c07777b7c7abde,9ffa09a2b9bd4da0ba98fc537ca68802,8d595c7da42545c88052e7b213b6c97c,a5365055a36a4ec1bf5b0ce2ef949a35,c84deec0ecf843c39f52d4cb8e7300f8,4422777ed51142a99aacf05f446cfea1
8b132fbf58574d90aa4cf5ddc704b658,f69dcaceb6074ddebfe1dc7e5978fcff,4422777ed51142a99aacf05f446cfea1,c1d504dfeded4b8bb3c07777b7c7abde,230b9ef63ea240e9b61a18f41473f942,1393dac7d34b4c34b1a8091a5bea3663,cb75c6ef71cb4991805920f2894e0e96,e511c40ca6324803b5021e47b4e777f8,56272326c7e94e419ea8c69fb634f610,1004b33e3126472faa78e1929ed974e6,ac5a760b45c146ec840193371cfb2d30
8cb387b1679843169efe77577286098c,ffc5805e29a74be0a55b40318aa321d7,0bd1cce9370a461089e25393086800a8,89e983dca0a34b768e17b3871b9cea1e,250d411ae270441085be3501b7b55d86,19a124c6dad14a4fa7864463b081009c,b40d3c588ad647ff85e397a6bc5f9d8b,25109e3a7df549e5b380aae716d71366,e511c40ca6324803b5021e47b4e777f8,34b736136487439389c10cc6bd4e9f4e,57430214baf045cb92fa3b3b70a4ca3f
bd22a678c6cc469fbcd9725604a12326,ffc5805e29a74be0a55b40318aa321d7,0bd1cce9370a461089e25393086800a8,250d411ae270441085be3501b7b55d86,89e983dca0a34b768e17b3871b9cea1e,01930613ce7d4a5f90ccf78d1e92a55d,ad054da7e1704a53931a341173f0605f,b3209c60460a437294e2b30a9e9d3f53,5760084aabef4d8095b2d21902151f64,79721c9bb6a54ecdb3d0a0f4011762c1,9ffa09a2b9bd4da0ba98fc537ca68802
ee15d39bccb6404eb47fcb884d906454,bc607fd6000b43108e49b3d05688fe90,563043f180e54e238ad4876974e5db4c,d7c9dafddaf547159d366dacf7b68a7e,174581fc299840e18e827432c0cce4dc,8228c9eb29a542ba98c8b9b854eadaa4,b44645c11ece4326a45f50fdc5d45dcf,6dc5832f0ac04df2bd99c6415b3ecf09,5e0a2bc284cf4002914ae4e6aaef41e8,3e6a4b65a1004c08a6f3f570cf986c2f,f5d09519cf7647f8a107cd8fadd322e5
ccb86f144be341ac9a6ff07647fc1e2f,31cf7db26a3249c5a6205b005662ddcf,f879b316413f45d2b64bb25e3f45a667,eabdd2813a954f9aa01f0eb8212ee387,43ee0103cba54b4e9d165717735ca0f6,5fc200cab89346658c9c91cce27e85fe,632cc2bc04034dd4848855fe6497262d,23199e1859544647893a97ea365c5c83,6d3b4c95066e4dd8a6ad1c66b1c1ea4f,1b827db6f6cf4ecb850928c2f9e41de2,ee89670285c74e27aa174dadf39fbca7
de734ca5438c4b22a9e1d7e170c3c57c,7e8a4a43e2f84dbb88e41cb24b3fe79f,f8856799293e49feab6368e794eb8b00,e86a0aae846a4e44bf967ab4972c977c,e8f18e4bdf054390a1768978dca8e430,c84deec0ecf843c39f52d4cb8e7300f8,984058b7165d4c6385bec3c94afa9fb2,de72d25d08da4b03ac6f6411ce30e07c,eee7f32249c5452ea36c8ed3a3540010,b44645c11ece4326a45f50fdc5d45dcf,23199e1859544647893a97ea365c5c83
1b14bef50f7c4e24afcc755f17cc10df,7e8a4a43e2f84dbb88e41cb24b3fe79f,342aaa81ed004635bbf9cbc2592cd7b6,c78547bdc2e64ac8935559f7de2efd41,7ab9086baf99475d8c93862a7dd36344,701ac1447f5a414e81156a56c3593a31,fb8c2b83e46441c2aaa7c81d3642e2da,84ff5144597241bba5cbd3d0b21d220d,f5d09519cf7647f8a107cd8fadd322e5,eee7f32249c5452ea36c8ed3a3540010,191b01e1728e4583a8ead5a86db27370
18283806841d46c39db8e7fd20713c52,36472797459c462e910846109fa624fc,a5365055a36a4ec1bf5b0ce2ef949a35,a0408a6462b24cf18e50a8616359d5ad,673aee19895b4d339ada93213d8874ac,761a3a01495143f0a86beac4234cae3a,2ea3b46262e649f79900258cd90cce31,d7618b61a65a4bc1a0d0f2cc1bddc448,b01fd4d037a84a7aa777e1fc345c73c5,0d0973762130427eaa2ce9a7a34517db,c5486d5e31084ee797da0ebdacb17abc
5e304e02eba04f73a50005680ad397d9,36472797459c462e910846109fa624fc,a5365055a36a4ec1bf5b0ce2ef949a35,d7618b61a65a4bc1a0d0f2cc1bddc448,14ca42308d3141fba50b774042144343,b01fd4d037a84a7aa777e1fc345c73c5,f5d09519cf7647f8a107cd8fadd322e5,bfd1d441da734aad88cfacdab3ee4059,db69f22fe72246ea85d33991961a649a,8b4e9e3d234e4eec99a7651e246bbfa3,cdd73e0289aa4e2b87cd14e6ff5bd75e
17746de5e371420092452c78a59017b4,7879fa4d4db046a2a8d195311b6e5789,7e17bbd109dc486c8f0a76f913782180,5455e62f52ae4e03b2a5d0e8b9899506,7f0a68d19d2e4850846ffc08c47ed87d,d0b6e9c1cc5341faba9e03c17767bc2e,4a7fa5a1bafe4b6995e2920444ac07c4,e2769c67dadd4c988f7ccf249a998a56,67984873125e4a0f9562179c906d1b0f,7aceed0dbea645b091207f4a53d879f2,ca544e6629b14e8fab5f7cb40d1ac88e
496cf23a51bc496da75e8ef2f4847bd2,bb84a4cf60c84a8d8e23276b1863d293,27a0d24dc1e14b28a1f18456b29c93f1,e43d8e7bc32f406b9a692e2604f5b45a,09f4970dfe684b809bc0959fb62f41bf,fc430b7683934be2aba12468b2409bb8,d9b70c4ed8bb4fc5957ecebf102528ee,67984873125e4a0f9562179c906d1b0f,31a2675a2e944a1ab3b810cfb92ebd34,0842a796c09b4089933a4f27e4e5e3bc,8c7c9eaae41a44a3a4ebe39ce167d300
62d8c95fb6f24a1db3cd303bb5b85396,7879fa4d4db046a2a8d195311b6e5789,e2769c67dadd4c988f7ccf249a998a56,44f41e6e6faa4facb0bb9a72205229f8,04d24d1cf42b4f7787d8d300cbad6d50,1d93c07de74c482ebf0a76ec564c3252,67984873125e4a0f9562179c906d1b0f,8b038cd0dafd45d8b1ce75177ca3a76b,91f0da6d71574ababd8e868bddec9310,51c6049a18b84ee381d0512e40b67c0e,6b4676aba2a746b3ab778315afc8ee82
fa8048c81669437cb087918eab24b02b,be42a43f5186434db4f2815f768a9991,e9428816b054499298745b742f128f65,1c2b01416e3943e3b3c575e53c3f1d16,5c8a8b7a59c54b9aa7b7136fd91b5869,d60986f4025d443ea58adba0e3d224a1,40a95697730046dcbb0d7ba1fe2109a6,a2612682d9854a30a7684c91c8619ec9,e2769c67dadd4c988f7ccf249a998a56,50a2129b83404b94889a01f4688ebafd,c756409435634fc48c643a64e73c93ce
b7d522798dc7498da4a40704cbb65a53,bb5c7d03a54647d08b8c62deeb803271,be42a43f5186434db4f2815f768a9991,e9428816b054499298745b742f128f65,6ea31a945d494834a3d243f1f90af02a,097c30a7f39a4a3abf6da2ca80cad3a5,d60986f4025d443ea58adba0e3d224a1,2c65a898314b42e6b2e93dca66fd15c2,1c2b01416e3943e3b3c575e53c3f1d16,40a95697730046dcbb0d7ba1fe2109a6,af648fa7ac6c4c50a246de470329cd83
23701e1499d04d6f890fffb1a8d95746,bb5c7d03a54647d08b8c62deeb803271,be42a43f5186434db4f2815f768a9991,6ea31a945d494834a3d243f1f90af02a,1c2b01416e3943e3b3c575e53c3f1d16,40a95697730046dcbb0d7ba1fe2109a6,af648fa7ac6c4c50a246de470329cd83,097c30a7f39a4a3abf6da2ca80cad3a5,6fc7a2cf0684475a82f6ff9be2c8e850,40f040fd5c824c8e8e710af1fdf70b5f,eafb3480db704d7baa8216ce857d1610
d8e490c2dc4e457291f1e7bb4ca941f2,be42a43f5186434db4f2815f768a9991,e9428816b054499298745b742f128f65,1c2b01416e3943e3b3c575e53c3f1d16,d60986f4025d443ea58adba0e3d224a1,5c8a8b7a59c54b9aa7b7136fd91b5869,50a2129b83404b94889a01f4688ebafd,40a95697730046dcbb0d7ba1fe2109a6,ce4fdd5499f8498793c11e586f7da70c,7879fa4d4db046a2a8d195311b6e5789,6b4676aba2a746b3ab778315afc8ee82
e2c006dd97304dc5b599c8334ea91da4,f69bf682935e47e1b4c72d237becd13a,174581fc299840e18e827432c0cce4dc,bc607fd6000b43108e49b3d05688fe90,3e6a4b65a1004c08a6f3f570cf986c2f,f9fe93fae6084350b81964d354e2130f,e7aaa514f6f64a258a640ea341aa1a18,b277101390e1465685ef79bf3519f8d7,4152360a4bea4cbbbfbe45ff3bf7f62b,0092d1d820c64646b8bee9fd14f77acf,91f9f8576e5142a49926bd623b0bc19c
180a003741a9400fb647528c1b5bcccf,42b6af4853fc465f83ec054f8f8289a4,563043f180e54e238ad4876974e5db4c,01bbbf1caa554d94b5decb69cc1add41,342aaa81ed004635bbf9cbc2592cd7b6,b85d652ba8d244f8ab9e941966094f28,910827a15eac4e4b9005d8e46ad71f6e,5a9a716f53364389864a4018d9e9c6c0,b3a022950e444682a113cec5a0537f6a,e429a2e164a24919a12edcc8d4ea8f09,b277101390e1465685ef79bf3519f8d7
d9c92c59d5aa4726b77e009485c2ea31,42b6af4853fc465f83ec054f8f8289a4,563043f180e54e238ad4876974e5db4c,01bbbf1caa554d94b5decb69cc1add41,64fc9fe3c8d5424ebc005e5cf4a608db,e343a998f4df4ac195c84e0fb571a393,5be48a6bc26044f2a2e4e9b6a223c319,b85d652ba8d244f8ab9e941966094f28,b3a022950e444682a113cec5a0537f6a,7d6122daabe442ffb5e57ece1882e714,35d06fce2df446569702778e2250bd82
11ce9ba7b6bc4478a9c51c05eeca19e6,94ed54abfdc74b04b0dcb19c278e66f4,521004289ebc4e6da6623381d40a5e73,54e9bbd0093947a3bda5fef48ef7493d,aedd476072b345e9be46ebd7260e93a6,e6afe89ff7bc491193141c057083d8a8,74de04f31db94a99b757685c91779412,dd36cc0867b94d55a43b82c1c9a0e95c,f9fe93fae6084350b81964d354e2130f,bb5c7d03a54647d08b8c62deeb803271,ee89670285c74e27aa174dadf39fbca7
95a503cfa55a48d6a01d293cc25399c0,2d43cf91509846e29ab4febd7781919f,91f0da6d71574ababd8e868bddec9310,cb550e5ff4694fe9a19eaa6588cef250,59f62d35b1ad451397b700b3dad25448,26e55eb4d910464497d700bfdf5a36ca,c713a0ca69864ee7b240069c98dc44dc,0433768f874042a5b2d2e37ad9deae13,1d93c07de74c482ebf0a76ec564c3252,8af25c7ae8e14435a6e27a5671968f50,0daf8d5687b54d158f7f752884c42334
fdd0fecc1fbd4f8da6683ae92d766e3f,94ed54abfdc74b04b0dcb19c278e66f4,8350ea8cd6514c2c8d7b625abe7e895b,26869cc099c44c4a86f6043476ab4890,af648fa7ac6c4c50a246de470329cd83,14f4db886cca4104877ac7d1d7a64133,54e9bbd0093947a3bda5fef48ef7493d,13aca0959cc948cabeee0d7255f55a65,ee89670285c74e27aa174dadf39fbca7,27fe100af7884932a33bf30f10dacc55,b675be39e8ff421aa59811f146da945b
a63b30ed19774ee7bd8c65b80994011f,2d43cf91509846e29ab4febd7781919f,91f0da6d71574ababd8e868bddec9310,cb550e5ff4694fe9a19eaa6588cef250,8af25c7ae8e14435a6e27a5671968f50,1d93c07de74c482ebf0a76ec564c3252,8c5f38853679436ba434b6a696e43168,26e55eb4d910464497d700bfdf5a36ca,716a15d66b63424a8068da89e75733b4,c713a0ca69864ee7b240069c98dc44dc,59f62d35b1ad451397b700b3dad25448
b7ee6050d7ff433da190380cbf6c568b,55c0b899937042c98162389b209aca7f,0592b57e490d4206a3f12eb004a0afe0,11e1e3cdfe214385a2c24d0f957dde9b,f1eecad10a61421eb16b1be7435d9c19,30f654c6e69e48888f9f42dd95ab3c77,b9228fdb5f0c413d81cffb51829d95c6,df0c94234d9d4890b5b4b95c441b3e9a,999a2b52a5004ee984e587d5a1327b23,86f59bd78b424260b0cf356f2f9ae734,fa190e42ce5a47c99bcaa76138dbc615
9f79b85612a8457c9560f5188ba8de80,ed4449952a9e45339b76fc5f123cb917,0bd1cce9370a461089e25393086800a8,5760084aabef4d8095b2d21902151f64,3d3e8565d2f84e0cad5ae622f2909765,29fb30a75c57451a85f310aa6423a662,b3a022950e444682a113cec5a0537f6a,9ffa09a2b9bd4da0ba98fc537ca68802,599feb1e512c43ad8c0a1845922acf78,fadf133e0e684a24ac79b5fa9515bac2,3f1c2bb09c4e4400b6ba19542fafce18
92842816932b4cedaf43f4075a7295f8,79721c9bb6a54ecdb3d0a0f4011762c1,df0c94234d9d4890b5b4b95c441b3e9a,9bf3b77eb9874f5f9e006a9cff111ea9,29fb30a75c57451a85f310aa6423a662,89e983dca0a34b768e17b3871b9cea1e,174581fc299840e18e827432c0cce4dc,6f57d1175ad243edada61643d01fcd54,e22e1ad3c1fc4493bcb7c9b923566ff7,022e16490d1949b9ab2fc1de5a837031,5b588e34588940788a22036b775ecc2f
0ba88aef47574c8397c6bafc945b9a6d,7daa434073604cb98a04fefb55468dda,361f2b7f3f044907b3a331872fb18755,b702b2b61ce048c6bf5af3c4dca18b1a,2fcf4a04d3654ffb9a5c1dfa3799e4f0,ef511457ee7c490c8e10eccf6e18fef6,26b18153216b48d793b75598ddb54d77,7bbe3c76bcc04d73969f920d43fcc67d,04d24d1cf42b4f7787d8d300cbad6d50,199647bd1328406c83c5a875154f97d9,8fdee0611965465eb45387b8c39f4136
908bfd5077a44b398cdda1f6b068ef55,7daa434073604cb98a04fefb55468dda,361f2b7f3f044907b3a331872fb18755,ef511457ee7c490c8e10eccf6e18fef6,7bbe3c76bcc04d73969f920d43fcc67d,dd36cc0867b94d55a43b82c1c9a0e95c,da88fa5efc674368b593444ca950dff9,44f41e6e6faa4facb0bb9a72205229f8,9500823cb050427696343b1ea5cf8881,3bd43a42811048e3b7a7d9740bdb1971,408ae6a767874fc782467ec2f054ad15
a165443e0d954522807ce0ab172fcdc5,361f2b7f3f044907b3a331872fb18755,7daa434073604cb98a04fefb55468dda,b2bcb4d9456c4763a0159ffd1f3660bb,b702b2b61ce048c6bf5af3c4dca18b1a,cb2505b30d8a4dc086c353cf94424b6d,521004289ebc4e6da6623381d40a5e73,403835bbf2f1447188bcc78e062b0028,0cc5015848a044b59fa4b290813f859c,5e2f1a45f7174f1aa39a194179985876,0f52f676197e4d4e92dec0a7bc4c4f7d
f9f0efaa4a6142a7919a132744822ef4,dd77b570036f40de9fdf49011bb9e2d8,7ef653f7e5f64e1b8bba73b9518b87b7,39a08a87897f47d3bdbbdc5ed8c9cd7f,74de04f31db94a99b757685c91779412,60e87368fe334a92b57088b03cccbfc1,3aa003c1e31b476e999c3a808a1d5dc6,f3fddb55448a46778b5d807642cceb71,2b3ecf8be2b242f3b8a1e714390749fb,26869cc099c44c4a86f6043476ab4890,d716ea165223433a8d49b93e96989482
a1022ebe11dc4f2888d2400773e35559,a70909d3ce0d4235913b5ce6a138dcce,70558882c04e46bd99d15e9786468418,13e659415ac84c7a81fc769111d43417,1a0ac2d40cb04ca993e1db68d787728a,3aa003c1e31b476e999c3a808a1d5dc6,4a3d4daed4b24a1898551f0fd1ba44f1,c3502ff31ce6459a96164c934f297562,dd77b570036f40de9fdf49011bb9e2d8,f439b5616ba24b7f82eccfa095a0eff8,84ff5144597241bba5cbd3d0b21d220d
095cc723607c4786bac59694c8e22fac,39a08a87897f47d3bdbbdc5ed8c9cd7f,dd77b570036f40de9fdf49011bb9e2d8,26869cc099c44c4a86f6043476ab4890,a35fecee62a9432da0c413f65e895e8c,878e5c41be5c477e9f660ca361fdd727,bbdf9065122d499d9d8f80ad3e0ef6f3,ad3d372fbf054ea1ad06cfcb7490df4b,74de04f31db94a99b757685c91779412,02a3cd76ce534d188b4d5ac4778bd652,30c71719aed84c07ae21d0eff0deed72
f975925d733d40bd99cdc31b176a5add,26869cc099c44c4a86f6043476ab4890,b6da55bea1244cf0a753b258420946b2,5537ddec608a4ec586ea068fa27547ca,d695b7afdc3841a28a56df578e56afce,d43b0f94627d45918e18a80be127aa2c,82d68ea370f8451aa16ea08f4601245c,59f62d35b1ad451397b700b3dad25448,85d4175b563d48e5bc6a991b23662f24,2471f23cb9b64d35a72deed09c9c8975,1d70bc69b2f84bef9aa5fb0d9917e38d
f71566d731d04b0fa7d5306ca6d5d1a3,39a08a87897f47d3bdbbdc5ed8c9cd7f,dd77b570036f40de9fdf49011bb9e2d8,a35fecee62a9432da0c413f65e895e8c,26869cc099c44c4a86f6043476ab4890,1aef014473b84ef9a0f799114fe516c9,bbdf9065122d499d9d8f80ad3e0ef6f3,3bd43a42811048e3b7a7d9740bdb1971,84ff5144597241bba5cbd3d0b21d220d,4d5cbe57c3094d01843e4f950a280b50,ad3d372fbf054ea1ad06cfcb7490df4b
6e42a161c552498789623a17244a874b,ca544e6629b14e8fab5f7cb40d1ac88e,23a16d69ffe848d593a4808907d8aa98,89e983dca0a34b768e17b3871b9cea1e,13e659415ac84c7a81fc769111d43417,9dd98c9126c44642a20711729f2e731e,2c3599a1611644f4908562f8fb8870d3,5e199f7727cc4910ad88dbd81ed1ec82,655a618282cd4fa39a26f0967c033f4b,66cba49431224a3788f914d6a80165e1,b52468fc0af2435f9ba91939f72bbf6a
947c873b63474e1c81b5f7d75177694b,70558882c04e46bd99d15e9786468418,89e983dca0a34b768e17b3871b9cea1e,0092d1d820c64646b8bee9fd14f77acf,c3f66637872c4141ab3898296739457d,245212a659504b9b9cdbaf1ab1d040ff,f32f4607b4714e378831f924c5e6084d,4926607aafe749538c930e108275547e,b52468fc0af2435f9ba91939f72bbf6a,7fe9e665bf41491c9788941aa2894a10,9bf3b77eb9874f5f9e006a9cff111ea9
1869a01128ef42e787aac2c1e61067fd,5c09482fc8dc45bdbf7919f00dd540e0,85d4175b563d48e5bc6a991b23662f24,23199e1859544647893a97ea365c5c83,26b18153216b48d793b75598ddb54d77,0a2c24dead204be9ae36be358e1223f9,1d70bc69b2f84bef9aa5fb0d9917e38d,f464960d2dbc43c0970c60600bd7f1cd,44f41e6e6faa4facb0bb9a72205229f8,1a842f077119475794cc2de48e154374,bb84a4cf60c84a8d8e23276b1863d293
4e741c03bcf2485b841a422cf7af28e7,c36ef11228124c438ed3256c9822b03d,570f08ce2a1a47978eab16bf7ad16a68,36472797459c462e910846109fa624fc,39e2b00e1cbd471488cf56f31d2cec7f,26b18153216b48d793b75598ddb54d77,5d5baf5ce88b4b529e28ab9c7c114148,e4ee90d625d44a6d9adc138390eef0f8,1b827db6f6cf4ecb850928c2f9e41de2,249c2d8d8d2345c6990b3c4d94385b5a,2ece45504eff42469c104dc2a2d03caf
3b718c2254b44a6b98577df37cfcf2e6,19098957d8c24cab95daa30c2baefd8f,f92d16d3a970487094292439c3e00923,8c7c9eaae41a44a3a4ebe39ce167d300,b834c0b0c10b471b87ad3f11468de619,eeb3b60f34af40de850e065b475d8180,be9e713988ba4bbba869885cad419259,097f2ce3b88c4d008488b9908076497e,04fa591263664fb0a6868552ebd3590b,fc430b7683934be2aba12468b2409bb8,a2612682d9854a30a7684c91c8619ec9
5c555c29b0864fed9559512fc8b56e7e,8b038cd0dafd45d8b1ce75177ca3a76b,40a95697730046dcbb0d7ba1fe2109a6,e2e0c8c96aff4c00896ac6986bbb20c2,25afb6f7e9314af09008644bca5955b9,724a3f6551e74ad585bdeac9a75fd639,e2769c67dadd4c988f7ccf249a998a56,67984873125e4a0f9562179c906d1b0f,cb550e5ff4694fe9a19eaa6588cef250,00fb3a55134242769182c520d55681a2,796eade2ee4f466781d9f6669db43e48
62c7211abab24fcca853aeb2813a880d,9460474d89704a68aaa6ccb62310ae3d,a0b4d283f12a407286dbeaa3a4d128a5,14ca42308d3141fba50b774042144343,655a618282cd4fa39a26f0967c033f4b,9dd98c9126c44642a20711729f2e731e,0092d1d820c64646b8bee9fd14f77acf,b52468fc0af2435f9ba91939f72bbf6a,e7ee85dd47ca43eeb2fdcd70b802f0ec,b425f33c33ad4be89a12da266d131a86,e86a0aae846a4e44bf967ab4972c977c
0883118ad1b2497ab0b9df2a1e2b16b9,9460474d89704a68aaa6ccb62310ae3d,a0b4d283f12a407286dbeaa3a4d128a5,14ca42308d3141fba50b774042144343,82d68ea370f8451aa16ea08f4601245c,e86a0aae846a4e44bf967ab4972c977c,a5d5fb459a1844088e93ae557ab34afe,796eade2ee4f466781d9f6669db43e48,9dd98c9126c44642a20711729f2e731e,b2992fe473124dd0b895cf81f59f6db6,9948a890ef25479e834f70944cb42eae
f79a2bf431ab4c86b494e19d1845d00c,c66c6f1449d44728a2ef72de53dd6d5e,ac5a760b45c146ec840193371cfb2d30,199647bd1328406c83c5a875154f97d9,9bf3b77eb9874f5f9e006a9cff111ea9,eee7f32249c5452ea36c8ed3a3540010,3f1c2bb09c4e4400b6ba19542fafce18,c235728f290a44d6a5fc2e14111ae02e,33b5e2ae5ebe4f548bac3a00ab0a59eb,6f57d1175ad243edada61643d01fcd54,9909a671f7414c19b2727e7d4d4dcf1b
a57e9b989c854296a345aa9dea1c5cb4,3f1c2bb09c4e4400b6ba19542fafce18,66690895454847fea5a000202fbfab2e,5760084aabef4d8095b2d21902151f64,e8f18e4bdf054390a1768978dca8e430,ca0fe2dd97434e2ca7aecc38d4f1fcd9,0bd1cce9370a461089e25393086800a8,e343a998f4df4ac195c84e0fb571a393,ad054da7e1704a53931a341173f0605f,3b37a4c34b6e4ca89a04da864e141422,b40d3c588ad647ff85e397a6bc5f9d8b
8c894f4ececa48fe8b64acf34a77674e,c66c6f1449d44728a2ef72de53dd6d5e,ac5a760b45c146ec840193371cfb2d30,eee7f32249c5452ea36c8ed3a3540010,9d09e3cd382c4d0ea0f6f50261e3e4c8,48c31b1e2ce94de8968fab433813fa91,33b5e2ae5ebe4f548bac3a00ab0a59eb,c235728f290a44d6a5fc2e14111ae02e,3f1c2bb09c4e4400b6ba19542fafce18,1232f20e710b448e8c0538b9e84dab1c,199647bd1328406c83c5a875154f97d9
8257521498a64a9fb7b41143b713373b,1027a336232c4454a9c4ae450a562788,19a124c6dad14a4fa7864463b081009c,99ba4cc9355f4d79a68bc69ac12a716f,19593c97fef0474dbe6051e28338f1e9,c65af18670ea437c8986884645b3afe9,e834bfbd30b247e899f0dc029ab9f072,eff24b01b2f5428baa4c3fef6cb40d41,db13ed5446be46269dff3de3c1bf2660,4a6eba10a02a4ecdbb6b25e8651c3789,f4474150010f4021a4620372062f3797
78188b8c0642428fb591262e5d86ce6d,19a124c6dad14a4fa7864463b081009c,c65af18670ea437c8986884645b3afe9,1027a336232c4454a9c4ae450a562788,599feb1e512c43ad8c0a1845922acf78,d87e5facd03b45f9829e8a1cd0fe0190,8350ea8cd6514c2c8d7b625abe7e895b,77cecb221149474896d9b2eb848bf150,ca1a2a6308834baba3140b5ce8f81320,57bcda73abab44ee930b20cdaee9d24b,78d0265d47df4f4cb7153da919763730
03d5ce4601154cbdad2bd459235427ad,1027a336232c4454a9c4ae450a562788,19a124c6dad14a4fa7864463b081009c,c65af18670ea437c8986884645b3afe9,3aaea7fa41fd43cdb88f8ef59062c5df,b9228fdb5f0c413d81cffb51829d95c6,73f684f538ea452cbb4fbecc2e8126a4,7199f2fe77824236a392e1f00a5bdfc3,29fb30a75c57451a85f310aa6423a662,66cba49431224a3788f914d6a80165e1,01ffceddb5b34406a08bb982b424b3cf
e46f5e15b5ba480db90f0be1f5c6b070,c65af18670ea437c8986884645b3afe9,19a124c6dad14a4fa7864463b081009c,1027a336232c4454a9c4ae450a562788,7199f2fe77824236a392e1f00a5bdfc3,3aaea7fa41fd43cdb88f8ef59062c5df,f12e9e5805534d719f829332d1ea5d29,78d0265d47df4f4cb7153da919763730,30f654c6e69e48888f9f42dd95ab3c77,b77d8b7bb0114c379139d280a9210e83,c756409435634fc48c643a64e73c93ce
0e8d635cc3e241ddbe108bab5a0f863f,c65af18670ea437c8986884645b3afe9,19a124c6dad14a4fa7864463b081009c,1027a336232c4454a9c4ae450a562788,f12e9e5805534d719f829332d1ea5d29,7199f2fe77824236a392e1f00a5bdfc3,b77d8b7bb0114c379139d280a9210e83,7dd5e88dfdd24cafab2c765939757354,30f654c6e69e48888f9f42dd95ab3c77,39e2b00e1cbd471488cf56f31d2cec7f,77cecb221149474896d9b2eb848bf150
b6a711f4ec9b4b1bb1bcd06f684f9c22,24c55bb5cd694770ba895c7401da2ba5,878e5c41be5c477e9f660ca361fdd727,0f52f676197e4d4e92dec0a7bc4c4f7d,984058b7165d4c6385bec3c94afa9fb2,e59dba65749140f4a1bdaf2695de2fc6,babbeca1f6a244a2a11ea77a3855e70f,cb2505b30d8a4dc086c353cf94424b6d,0cdb0f32850f4585a16de4886462bbe0,feb980ae999948ce9be0266b4ddc048d,361f2b7f3f044907b3a331872fb18755
10346a6c05be419ba2fd6398a619c44e,24c55bb5cd694770ba895c7401da2ba5,878e5c41be5c477e9f660ca361fdd727,e0d8aee46b1d4d998858cd05027251b6,ef8c056ecb524439a48c881089537951,b4dadb3ea3a04cc3932094471debce13,243dbbcdc67c42bfa6f32c47477adf6d,4a7fa5a1bafe4b6995e2920444ac07c4,63ba014f9cc747ac87013da6be0ceab9,2b3ecf8be2b242f3b8a1e714390749fb,be9e713988ba4bbba869885cad419259
c2b5ae1e1c2c49d39e7b25d5660dfc10,24c55bb5cd694770ba895c7401da2ba5,e0d8aee46b1d4d998858cd05027251b6,878e5c41be5c477e9f660ca361fdd727,3e59b61eb70146308db2308b988b54cf,595e438d2b394bb3a3259f47efd37ae8,cb2505b30d8a4dc086c353cf94424b6d,b4dadb3ea3a04cc3932094471debce13,cb550e5ff4694fe9a19eaa6588cef250,7ee65b33f8f44852ada468b1fed83433,dbb3fe11ad004895b302a84e7c066fcc
4a7c88e745974776bdca788eeafcb775,878e5c41be5c477e9f660ca361fdd727,24c55bb5cd694770ba895c7401da2ba5,e0d8aee46b1d4d998858cd05027251b6,b2bcb4d9456c4763a0159ffd1f3660bb,cb550e5ff4694fe9a19eaa6588cef250,b4dadb3ea3a04cc3932094471debce13,dbb3fe11ad004895b302a84e7c066fcc,ef8c056ecb524439a48c881089537951,eeb3b60f34af40de850e065b475d8180,595e438d2b394bb3a3259f47efd37ae8
350aae48399c41099ec9c648db89df25,0ecfdd96e0054841883acba75e83b232,89e983dca0a34b768e17b3871b9cea1e,98b2022b2cb84af09ee8b789db928b13,c750a2994555414790abb3281572bb42,c84deec0ecf843c39f52d4cb8e7300f8,7c061d36393540b49e20d98086bdb5bd,3c0f3b44c0844df49b5898406fe9195a,7584980704ae4617bb27ca162cc9c5db,a94cb58f1ca8456b96e39b5b1ebfb7ea,35d06fce2df446569702778e2250bd82
09b37860da4b43c98172983e0ca57104,eb21a4e2b7bd43efbdf0c365415e7fef,200f7fc78e4c403982f61b2894e50bad,b425f33c33ad4be89a12da266d131a86,6c51b4f57ba0415f994756e944b11cee,444fa28d9ed54c82a522699041eae592,1232f20e710b448e8c0538b9e84dab1c,27a0d24dc1e14b28a1f18456b29c93f1,db0c3a952e454b90aa4a68feb6a50e87,9948a890ef25479e834f70944cb42eae,796eade2ee4f466781d9f6669db43e48
1a78505b4d0640aa9f35eb528818e54d,6252aa87531748e5bac5f6c65fc87e14,7d3d751215194e649a03457226f599d7,44156e6482884acaaee1938e04d8b6ff,215f3d275db14601a0383885cbaad86e,189a3b686ad14c24b5e1a495f76dd239,0568345606fa4a2c84ed4ea6c74639ee,5a9a716f53364389864a4018d9e9c6c0,5605fa1188974644937bbf92fec50e21,408ae6a767874fc782467ec2f054ad15,6c6de17135be4f8c9423be633eaefcd4
b2decece9a254aa29e885325d7e10a91,6252aa87531748e5bac5f6c65fc87e14,7d3d751215194e649a03457226f599d7,8746ae2ca7514699b629b4d9b5fe95a7,5a9a716f53364389864a4018d9e9c6c0,f5a9583711fc4ff4a46e85c24886b234,5605fa1188974644937bbf92fec50e21,408ae6a767874fc782467ec2f054ad15,4e7ee74be72a461fa02fa61bee62bdcc,2839430464164d5ba00713b42d4d96e4,764b8280445d4023aecaa53cf7758932
1ba78638d99a453298a17f233049c981,c1d504dfeded4b8bb3c07777b7c7abde,9ffa09a2b9bd4da0ba98fc537ca68802,babbeca1f6a244a2a11ea77a3855e70f,f69dcaceb6074ddebfe1dc7e5978fcff,1f9cd7f2b7a14e2f8d490a104a56edcd,b0d2e6c4b2384950b3696c4414870282,a9573f188204436090fb4a5240e4eccd,a5365055a36a4ec1bf5b0ce2ef949a35,3b7d56c26da14b3a9b1cd52b5b35891b,230b9ef63ea240e9b61a18f41473f942
e796ebb3bb6040dfb158ab774e2073f5,ab57f83304bc4005998bbd6bc063fb4f,64fc9fe3c8d5424ebc005e5cf4a608db,b2992fe473124dd0b895cf81f59f6db6,eee7f32249c5452ea36c8ed3a3540010,14ca42308d3141fba50b774042144343,3f1c2bb09c4e4400b6ba19542fafce18,9460474d89704a68aaa6ccb62310ae3d,9dd98c9126c44642a20711729f2e731e,dee9eddb2eac41bfaf36d3279d43674a,25afb6f7e9314af09008644bca5955b9
1ee672ab946e4272a171ede24ff00adb,c1d504dfeded4b8bb3c07777b7c7abde,1f9cd7f2b7a14e2f8d490a104a56edcd,babbeca1f6a244a2a11ea77a3855e70f,8a9dc60359ba49cd8ac170cfb4ac3913,3f23eafbd9cc4e209aca631fd6fc9dfd,b3f8b4bec0164d0e81997b4f5a277e8f,059a284910e849efbbc7073b8681409f,f37d285ad0de42f0b1546d0d1acfb221,a9573f188204436090fb4a5240e4eccd,ab57f83304bc4005998bbd6bc063fb4f
b38d1801df8a4cad9d5ac01b703946cd,35d06fce2df446569702778e2250bd82,f37d285ad0de42f0b1546d0d1acfb221,b3209c60460a437294e2b30a9e9d3f53,99830b8da7c24f909914f7bb167f3ea6,d25e6f2fc8154dd7816f8f7a41bee12b,511fe9c8b20b4fda94969745238c9474,d476be2399b7424a88d242b771c32041,44b3bc5953364d72a53edcf9fc4f1fed,be9e713988ba4bbba869885cad419259,772cb9726861451d9972604da6f65c55
c93b2527aefe464c88f83b2c5c05a5f3,ab57f83304bc4005998bbd6bc063fb4f,3c0f3b44c0844df49b5898406fe9195a,1578afd6ce694d46ab6e24f965f51fd6,5e2f1a45f7174f1aa39a194179985876,5cf392f15360460bae6a6b0182bb99b9,7960902edf4b47d686f704441aa56b0e,afaf2edba0ee4d58860a5a04e4aabc5c,6c51b4f57ba0415f994756e944b11cee,c66c6f1449d44728a2ef72de53dd6d5e,b2992fe473124dd0b895cf81f59f6db6
6ba0f16f8a794139aa559865c689f392,de6ac628a786435f9925c8cc1d707d6b,5537ddec608a4ec586ea068fa27547ca,c2a665cec90e46db8d2a74389beb4649,2471f23cb9b64d35a72deed09c9c8975,aa082284f9894b5aa210c179d59999b1,ffc5805e29a74be0a55b40318aa321d7,78d0265d47df4f4cb7153da919763730,3aaea7fa41fd43cdb88f8ef59062c5df,c713a0ca69864ee7b240069c98dc44dc,f5bcc6f48ed2447581b401d453039866
011e2395f6a74299aafef3ad4c6e1bd5,4422777ed51142a99aacf05f446cfea1,f69dcaceb6074ddebfe1dc7e5978fcff,d716ea165223433a8d49b93e96989482,41e657daa20545a588584578bdb4101c,0433768f874042a5b2d2e37ad9deae13,e4fcd30261804b089efa940359057ba2,384b14b18c3c43b1a4dc1aa2f661e076,8fca2e4873e946f7a788af2b846cebd7,08ecf89bc10942a4bd894482f6fcdfa7,f5a9583711fc4ff4a46e85c24886b234
fbcfef1ef1bc43e3bf9e78155f27de0e,30578712823948b086e3781343982938,2471f23cb9b64d35a72deed09c9c8975,4c293487c809486585d65ed10b2cb1e4,de6ac628a786435f9925c8cc1d707d6b,9d09e3cd382c4d0ea0f6f50261e3e4c8,1f9cd7f2b7a14e2f8d490a104a56edcd,0c889c151e094b948c13b0275e660a9c,76e41369a6794714a9fab6968839bfe6,d445ccdb4cda497e9f0343a3298022d2,570f08ce2a1a47978eab16bf7ad16a68
e213427aa5fa426b826fb892aee20bcd,984058b7165d4c6385bec3c94afa9fb2,f4474150010f4021a4620372062f3797,476ce3ffff564a5aa985808e7d2cab17,04537eabb0434eb2804d1220770b85a0,636c21e19a5845e1b8d69a5fca928030,e0d8aee46b1d4d998858cd05027251b6,cf293392122347a180cf2126f4589acb,34b736136487439389c10cc6bd4e9f4e,fc430b7683934be2aba12468b2409bb8,3c1b91a23b694da1973dbc5f75f2f3ed
4d0df524bcae4a17b817d5eb1edde03d,984058b7165d4c6385bec3c94afa9fb2,f4474150010f4021a4620372062f3797,7e190e3c05d74e6b9f103e39142c1684,636c21e19a5845e1b8d69a5fca928030,34b736136487439389c10cc6bd4e9f4e,30578712823948b086e3781343982938,b3a022950e444682a113cec5a0537f6a,ff171f0b29974f78b0e81fee30abdd38,8dfd98bb97584157b207e1f4be471a8e,cc243eebbb2b44a581745865a60c423a
2382285186b14233b2a574461eead3a9,b277101390e1465685ef79bf3519f8d7,bf789f42ccfc42c5a330a3f6e30ddb83,6400e3f6a14c492ba399bd414faca075,15b7b988bba143989cfd98d5c6c4d203,42b6af4853fc465f83ec054f8f8289a4,5be48a6bc26044f2a2e4e9b6a223c319,f6061b71031b4ddb9384f86c103690a4,2b039224b54142d185a406b31fe01de2,a055f8188384479a8bad418f7dffd9a5,cb75c6ef71cb4991805920f2894e0e96
91918319e16747aa9a1d9dd6b13b960e,b277101390e1465685ef79bf3519f8d7,5be48a6bc26044f2a2e4e9b6a223c319,e8f18e4bdf054390a1768978dca8e430,595e438d2b394bb3a3259f47efd37ae8,0971af4212484a958eb0f60f93d1dfe0,64fc9fe3c8d5424ebc005e5cf4a608db,e1c63000ace94c1d9381d82389fe6afd,0bd1cce9370a461089e25393086800a8,f5b766ea6abe4b5fb27d49cc3bc06020,e511c40ca6324803b5021e47b4e777f8
de360956bf524b1783abb303a77d92b5,9daaefe080b34656a0c7a54d2d6a1713,c588868fc3fd4e87a7cddf1ceb00b022,0592b57e490d4206a3f12eb004a0afe0,4e7ee74be72a461fa02fa61bee62bdcc,b52468fc0af2435f9ba91939f72bbf6a,fa190e42ce5a47c99bcaa76138dbc615,22d9d5ad33e947fd857c5c4a8b7dfae1,bc607fd6000b43108e49b3d05688fe90,2ece45504eff42469c104dc2a2d03caf,eee7f32249c5452ea36c8ed3a3540010
18eca8b91ef14435a8d3dc3cf888e60d,0592b57e490d4206a3f12eb004a0afe0,63ba014f9cc747ac87013da6be0ceab9,191b01e1728e4583a8ead5a86db27370,44b3bc5953364d72a53edcf9fc4f1fed,d43b0f94627d45918e18a80be127aa2c,f37d285ad0de42f0b1546d0d1acfb221,230b9ef63ea240e9b61a18f41473f942,99830b8da7c24f909914f7bb167f3ea6,8b4e9e3d234e4eec99a7651e246bbfa3,89e983dca0a34b768e17b3871b9cea1e
71a406ea72c94b068788a3f7435fb47e,0592b57e490d4206a3f12eb004a0afe0,89e983dca0a34b768e17b3871b9cea1e,6dc5832f0ac04df2bd99c6415b3ecf09,63ba014f9cc747ac87013da6be0ceab9,d43b0f94627d45918e18a80be127aa2c,230b9ef63ea240e9b61a18f41473f942,b40d3c588ad647ff85e397a6bc5f9d8b,6c51b4f57ba0415f994756e944b11cee,8b4e9e3d234e4eec99a7651e246bbfa3,19b81e71e7f04ebcbfade9daa899ed3d
d67d3ded66fd47dcbd06a4e0d110046a,0cdb0f32850f4585a16de4886462bbe0,aa082284f9894b5aa210c179d59999b1,5fc200cab89346658c9c91cce27e85fe,076e2669c305401fb3afcfafdd6c79c7,f335a944a27a4504a82ecf70c2d4a5e4,ec4820b018a04967a457a9c032a51dc6,db620271348d404a9a0b978d96c63f29,ff171f0b29974f78b0e81fee30abdd38,eabdd2813a954f9aa01f0eb8212ee387,a94cb58f1ca8456b96e39b5b1ebfb7ea
a1ee60380a8341b4a22b01efc9c91484,0cdb0f32850f4585a16de4886462bbe0,aa082284f9894b5aa210c179d59999b1,5fc200cab89346658c9c91cce27e85fe,076e2669c305401fb3afcfafdd6c79c7,db620271348d404a9a0b978d96c63f29,2d43cf91509846e29ab4febd7781919f,ec4820b018a04967a457a9c032a51dc6,be8953cc364d46cebbcc2c2da2c348ab,dbf0926f9f344f1d88b114660db4d2eb,f335a944a27a4504a82ecf70c2d4a5e4
0ba701552aa94bf68368b5382edfd973,1aef014473b84ef9a0f799114fe516c9,632cc2bc04034dd4848855fe6497262d,13e659415ac84c7a81fc769111d43417,1393dac7d34b4c34b1a8091a5bea3663,4d5cbe57c3094d01843e4f950a280b50,84ff5144597241bba5cbd3d0b21d220d,1a0ac2d40cb04ca993e1db68d787728a,31cf7db26a3249c5a6205b005662ddcf,e8c8742459dc48a49080bf0e5b3fdee0,8dfe01febd46475ab5aef97033716ce1
d80469792ba1435797dbbd8c826c4dcc,0c889c151e094b948c13b0275e660a9c,c3a741d302d94ee294bb6e4090fd2da9,8f0e477fc779414e9b47995c0b25a87d,ef60b54aa4b5490890da32d0bb8c9cbf,d658e3a743af41899183fecff6b2628d,076e2669c305401fb3afcfafdd6c79c7,f5a9583711fc4ff4a46e85c24886b234,f532294d68604bc2aa9ad8804a8c6d5f,cae139b6e4914ce7b0ef1e68b8b857eb,999a2b52a5004ee984e587d5a1327b23
a2c9e517dc6d4e6bbbfc226aa45adb37,403835bbf2f1447188bcc78e062b0028,be8953cc364d46cebbcc2c2da2c348ab,0cdb0f32850f4585a16de4886462bbe0,db620271348d404a9a0b978d96c63f29,0c889c151e094b948c13b0275e660a9c,0b57f893483647c3aed811775a4c4c04,7584980704ae4617bb27ca162cc9c5db,26e55eb4d910464497d700bfdf5a36ca,d695b7afdc3841a28a56df578e56afce,6b7b5d28293d4a5a8075f7f7dd231ddb
94e80e2185c943e49ef7d81012376cbc,3356a8a8c6ee4f30bc2b028e360d4471,cae139b6e4914ce7b0ef1e68b8b857eb,73f684f538ea452cbb4fbecc2e8126a4,70558882c04e46bd99d15e9786468418,fadf133e0e684a24ac79b5fa9515bac2,434551fdf9e443ed91679a9557ae6fd5,1f3cf50fe1f947d8a56e02ebca441c4c,6dc5832f0ac04df2bd99c6415b3ecf09,3b7d56c26da14b3a9b1cd52b5b35891b,1ad0cf33e96243888d5f970195a75586
dc79be5806cf4fa1b7fdf18adcb8af3d,4a3d4daed4b24a1898551f0fd1ba44f1,5a6f4a2f7f6a4b1fa146493472e6d721,5455e62f52ae4e03b2a5d0e8b9899506,b33a0f5b564a4942b04046ab7a8e2aae,9500823cb050427696343b1ea5cf8881,77ce0587a12b46bab8814225ba86753e,fadf133e0e684a24ac79b5fa9515bac2,ef60b54aa4b5490890da32d0bb8c9cbf,50aa0f56e00d4c23ac78b3e63bc0f0e1,cae139b6e4914ce7b0ef1e68b8b857eb
7301669f98674b658396f1d96eaf98d3,c14e45f5201b4038bdddddb238d888a3,511fe9c8b20b4fda94969745238c9474,7d0190486da540718e4dc4ca4bd1f573,0bd1cce9370a461089e25393086800a8,3356a8a8c6ee4f30bc2b028e360d4471,aa082284f9894b5aa210c179d59999b1,eafb3480db704d7baa8216ce857d1610,e8f18e4bdf054390a1768978dca8e430,655a618282cd4fa39a26f0967c033f4b,25109e3a7df549e5b380aae716d71366
8d37ca8985e84bd297602e977ec9487a,4a3d4daed4b24a1898551f0fd1ba44f1,cae139b6e4914ce7b0ef1e68b8b857eb,5455e62f52ae4e03b2a5d0e8b9899506,5a6f4a2f7f6a4b1fa146493472e6d721,b33a0f5b564a4942b04046ab7a8e2aae,3356a8a8c6ee4f30bc2b028e360d4471,6f8d80f8673144dfa7a4e09190442ab3,9500823cb050427696343b1ea5cf8881,50aa0f56e00d4c23ac78b3e63bc0f0e1,b6c493a3666c4db193e86c79faf099ab
d7577481d2284677970ac7a876a6d295,3356a8a8c6ee4f30bc2b028e360d4471,cae139b6e4914ce7b0ef1e68b8b857eb,6dc5832f0ac04df2bd99c6415b3ecf09,fadf133e0e684a24ac79b5fa9515bac2,1f3cf50fe1f947d8a56e02ebca441c4c,22d9d5ad33e947fd857c5c4a8b7dfae1,d476be2399b7424a88d242b771c32041,70558882c04e46bd99d15e9786468418,c14e45f5201b4038bdddddb238d888a3,ff51ca928cd54f4da620c27983e221f8
499f89e2519849bfbdcfb7f09d470c08,44156e6482884acaaee1938e04d8b6ff,e53dd6188816429ab915de6f9649a026,de72d25d08da4b03ac6f6411ce30e07c,45f4192f485a49d9a75219ae4d0c41ee,f9fe93fae6084350b81964d354e2130f,4e22dc65beb7450b9260cf27e50919e4,e43d8e7bc32f406b9a692e2604f5b45a,d476be2399b7424a88d242b771c32041,69ac8397e9624bfd8aee237b9f9ea3b5,35d06fce2df446569702778e2250bd82
1e4b598167924e35b74d3da0df1f2de1,796eade2ee4f466781d9f6669db43e48,75801225047a4c019100660c13f1e0f1,7960902edf4b47d686f704441aa56b0e,9460474d89704a68aaa6ccb62310ae3d,25afb6f7e9314af09008644bca5955b9,0092d1d820c64646b8bee9fd14f77acf,e429a2e164a24919a12edcc8d4ea8f09,a9d82bb43410405ca21b44a5e82e22b6,1578afd6ce694d46ab6e24f965f51fd6,105ad424733e4cffa7c474b51e3980aa
c7bd4b551343446fb8edc262aec1a374,796eade2ee4f466781d9f6669db43e48,75801225047a4c019100660c13f1e0f1,b23a9c50eada4286a4f7ce8668b92db1,e429a2e164a24919a12edcc8d4ea8f09,1578afd6ce694d46ab6e24f965f51fd6,b90d74e80c37486eaee89b6fbab13671,e2769c67dadd4c988f7ccf249a998a56,c36ef11228124c438ed3256c9822b03d,2839430464164d5ba00713b42d4d96e4,d87bd2402bef4672be17b62cec113ba8
219b73b7828646f9bb608aec046837ee,44156e6482884acaaee1938e04d8b6ff,dd9e8283197b473d8ffd502561bdaaec,de72d25d08da4b03ac6f6411ce30e07c,d0e41bf891254ba0872f1641139f84f6,68aefc97056440af874039a28497cf98,2c8eafa0ff26437a862dc2224ab57073,a7077a82d2c74518b96fb45e35f6e150,4e22dc65beb7450b9260cf27e50919e4,df7ea50171af48df81584ab7e8107d15,fbfaa119f55a477984e42d80498f54d3
9d11ca9aa5d24f68aab627b9e93e698b,3138244ae91040948d5bd6772e4075ea,75efe5ddef364f49865d9bb283492b48,52ee59901f3b4de884d7a6720538aed6,b5f237fefb38465bb6a068c9cf75ba31,7f0a68d19d2e4850846ffc08c47ed87d,70558882c04e46bd99d15e9786468418,a9d82bb43410405ca21b44a5e82e22b6,d476be2399b7424a88d242b771c32041,e5a3c8867e44498d9182e8be934e0fce,85d4175b563d48e5bc6a991b23662f24
cc89d7fa93924af1a154d57f1f1cfbc3,70558882c04e46bd99d15e9786468418,3138244ae91040948d5bd6772e4075ea,cb75c6ef71cb4991805920f2894e0e96,1f3cf50fe1f947d8a56e02ebca441c4c,df5ca61304074da1bec8f536ab50baf3,19a124c6dad14a4fa7864463b081009c,3aa003c1e31b476e999c3a808a1d5dc6,3cb231e1167e45f9bf5771a4e0074092,5537ddec608a4ec586ea068fa27547ca,85d4175b563d48e5bc6a991b23662f24
a3a0aa5e67f44552af621d1abeb18c13,3138244ae91040948d5bd6772e4075ea,75efe5ddef364f49865d9bb283492b48,9452a2f21f7d4feeb2605d9b6647fc13,f1eecad10a61421eb16b1be7435d9c19,52ee59901f3b4de884d7a6720538aed6,8c674a7b65e24114a45dd3c861a7ccfc,c4e79c8992e54866b0c6f26c55b1a774,c2a665cec90e46db8d2a74389beb4649,b5f237fefb38465bb6a068c9cf75ba31,85d4175b563d48e5bc6a991b23662f24
2832c5b8870946c69ac69731c0ec1d68,70558882c04e46bd99d15e9786468418,df5ca61304074da1bec8f536ab50baf3,daed5458403e49e3aea72f4bcc6dd224,5abf57d57d84440e94d0d2e2ffb37575,3138244ae91040948d5bd6772e4075ea,245212a659504b9b9cdbaf1ab1d040ff,19a124c6dad14a4fa7864463b081009c,1027a336232c4454a9c4ae450a562788,94ed54abfdc74b04b0dcb19c278e66f4,fbfaa119f55a477984e42d80498f54d3
1403f18946f64e94915e337242ec189f,556743bab70d4b75bafcf192fef95b16,c588868fc3fd4e87a7cddf1ceb00b022,dd36cc0867b94d55a43b82c1c9a0e95c,938147b72e9540da8513910871e0830a,fc70a4c2c4834e0eba1a14470f563b03,0433768f874042a5b2d2e37ad9deae13,39e2b00e1cbd471488cf56f31d2cec7f,a4af9472683c4df0a86f9400c99c2b61,7359a1cc20d54f96aeea121d7247b88d,04d24d1cf42b4f7787d8d300cbad6d50
104c41a52ade420c9d3dac7c3c0aaf80,be9e713988ba4bbba869885cad419259,b834c0b0c10b471b87ad3f11468de619,8c7c9eaae41a44a3a4ebe39ce167d300,75bf181ea5dc490e95d364a5f5c7af1d,4e4495962a9b4864882397042f1a2b3e,11e9586d6c7a443c8025278f8ef53b6d,910827a15eac4e4b9005d8e46ad71f6e,415641aa43724ed9bc4710302b77edc3,eeb3b60f34af40de850e065b475d8180,cd6ce920d00e4d17a6cf04f9f7e550b7
e8a3dc97d68d46b6b42514168c735abb,be9e713988ba4bbba869885cad419259,8c7c9eaae41a44a3a4ebe39ce167d300,b834c0b0c10b471b87ad3f11468de619,75bf181ea5dc490e95d364a5f5c7af1d,11e9586d6c7a443c8025278f8ef53b6d,b675be39e8ff421aa59811f146da945b,57bcda73abab44ee930b20cdaee9d24b,eeb3b60f34af40de850e065b475d8180,4e4495962a9b4864882397042f1a2b3e,415641aa43724ed9bc4710302b77edc3
d93d116f2e364d0c956fe7f93f434129,cd6ce920d00e4d17a6cf04f9f7e550b7,8889c114b071429cbe2418f5b0f2024b,d9096650c434432c871effeca9acd5c6,ba8d0208e32e42969bd4349cf24f6ed1,7359a1cc20d54f96aeea121d7247b88d,503d2f067a8a4f5798b1c64b07ab0bc5,a94cb58f1ca8456b96e39b5b1ebfb7ea,5fc200cab89346658c9c91cce27e85fe,24c55bb5cd694770ba895c7401da2ba5,0cdb0f32850f4585a16de4886462bbe0
8b13db18ea734cf391e49a434b75757e,6b7b5d28293d4a5a8075f7f7dd231ddb,7584980704ae4617bb27ca162cc9c5db,be8953cc364d46cebbcc2c2da2c348ab,9a500a20b1ff4694acc31339a8d1349e,db620271348d404a9a0b978d96c63f29,1da8cc33bb474411ae16db0233210125,43ee0103cba54b4e9d165717735ca0f6,7e190e3c05d74e6b9f103e39142c1684,e88ce4cd350f43398a5c0ab8629cee72,cd6ce920d00e4d17a6cf04f9f7e550b7
89345620586f45b098d21a0c401cf8d7,cd6ce920d00e4d17a6cf04f9f7e550b7,8889c114b071429cbe2418f5b0f2024b,f335a944a27a4504a82ecf70c2d4a5e4,9500823cb050427696343b1ea5cf8881,6bde760ad5d4485db9889b1bdc074005,6ae72ad649c54129b992d321f8f29122,4e4495962a9b4864882397042f1a2b3e,2d812431f07c44f1a56a71c72766e0b0,eabdd2813a954f9aa01f0eb8212ee387,b5f237fefb38465bb6a068c9cf75ba31
8169f7fd48544fa082dae25d882a787a,6b7b5d28293d4a5a8075f7f7dd231ddb,7584980704ae4617bb27ca162cc9c5db,5e44915237fc4445b54b037e1c4e29a4,db620271348d404a9a0b978d96c63f29,be8953cc364d46cebbcc2c2da2c348ab,4e22dc65beb7450b9260cf27e50919e4,d0e41bf891254ba0872f1641139f84f6,9a500a20b1ff4694acc31339a8d1349e,403835bbf2f1447188bcc78e062b0028,4e4495962a9b4864882397042f1a2b3e
7de9406e3c12409081f8c0ebc2127441,a35d7304347a4f81b1ccfb086956921c,b675be39e8ff421aa59811f146da945b,6fc7a2cf0684475a82f6ff9be2c8e850,c235728f290a44d6a5fc2e14111ae02e,4c36aafaf38f4e9e9e09991737196fe1,e6afe89ff7bc491193141c057083d8a8,2ea3b46262e649f79900258cd90cce31,74de04f31db94a99b757685c91779412,e4fcd30261804b089efa940359057ba2,b64cef9df31c4e92a7b7ecd42f74f396
d5f199eff49445b491565e80e55f8e53,b675be39e8ff421aa59811f146da945b,57bcda73abab44ee930b20cdaee9d24b,1da8cc33bb474411ae16db0233210125,70aa10580bfe4069bdaa5721ae2d29db,2f0401170d104b47b0a8f087f69dee88,b98519f97e424c1389f5553f0869b15a,a35d7304347a4f81b1ccfb086956921c,0eb119aabc884795a4768c6d3e677ea1,4422777ed51142a99aacf05f446cfea1,ef511457ee7c490c8e10eccf6e18fef6
70e5632cb4e64b128fb44a897571245c,a35d7304347a4f81b1ccfb086956921c,b675be39e8ff421aa59811f146da945b,c235728f290a44d6a5fc2e14111ae02e,6fc7a2cf0684475a82f6ff9be2c8e850,e4fcd30261804b089efa940359057ba2,4c36aafaf38f4e9e9e09991737196fe1,b8da01ceddcb45a491a288ddbc658e90,e6afe89ff7bc491193141c057083d8a8,b98519f97e424c1389f5553f0869b15a,d2a03ea4b2d3439ca3dc6fe056ab0f04
aa61f461ceef43859129c5b33e8bd9a5,2f0401170d104b47b0a8f087f69dee88,0eb119aabc884795a4768c6d3e677ea1,7359a1cc20d54f96aeea121d7247b88d,b675be39e8ff421aa59811f146da945b,878e5c41be5c477e9f660ca361fdd727,a35d7304347a4f81b1ccfb086956921c,a5d5fb459a1844088e93ae557ab34afe,d658e3a743af41899183fecff6b2628d,f92d16d3a970487094292439c3e00923,cb550e5ff4694fe9a19eaa6588cef250
4095895ca5d6432d8c9ca23b6431250c,3574ab91c29940b3afc62354ae06b73b,36ee1613abf245cdbe93fef69b5f981f,1ad0cf33e96243888d5f970195a75586,4a6eba10a02a4ecdbb6b25e8651c3789,73f684f538ea452cbb4fbecc2e8126a4,70558882c04e46bd99d15e9786468418,c14e45f5201b4038bdddddb238d888a3,22d9d5ad33e947fd857c5c4a8b7dfae1,75efe5ddef364f49865d9bb283492b48,c756409435634fc48c643a64e73c93ce
04d06c5defde4dbf85a0c11fdd459eb8,1ad0cf33e96243888d5f970195a75586,baf841bad27c456c9de7227555ea3ef8,29fb30a75c57451a85f310aa6423a662,56272326c7e94e419ea8c69fb634f610,5760084aabef4d8095b2d21902151f64,73f684f538ea452cbb4fbecc2e8126a4,5be48a6bc26044f2a2e4e9b6a223c319,df5ca61304074da1bec8f536ab50baf3,b85d652ba8d244f8ab9e941966094f28,7ec1584e9a5b49eab9ef249143d9bb86
eef8e982ee854ffa9e9c5af62e17c155,ca1a2a6308834baba3140b5ce8f81320,d0b6e9c1cc5341faba9e03c17767bc2e,cae139b6e4914ce7b0ef1e68b8b857eb,4926607aafe749538c930e108275547e,a5365055a36a4ec1bf5b0ce2ef949a35,7d3d751215194e649a03457226f599d7,5cfb876eeb4f410aa1282cc279f0e546,99dbf0cd0c6343ffbcf97f04efc4143c,93dc50abd35349f7923100dca2f41002,4422777ed51142a99aacf05f446cfea1
5a7d3f99251048e2ac81d5ea8c49c767,eeb3b60f34af40de850e065b475d8180,8c7c9eaae41a44a3a4ebe39ce167d300,b834c0b0c10b471b87ad3f11468de619,be9e713988ba4bbba869885cad419259,04fa591263664fb0a6868552ebd3590b,75bf181ea5dc490e95d364a5f5c7af1d,db69f22fe72246ea85d33991961a649a,e59dba65749140f4a1bdaf2695de2fc6,4e4495962a9b4864882397042f1a2b3e,5d5baf5ce88b4b529e28ab9c7c114148
eca00c36492249e08f99875a5e115d84,eeb3b60f34af40de850e065b475d8180,8c7c9eaae41a44a3a4ebe39ce167d300,b834c0b0c10b471b87ad3f11468de619,be9e713988ba4bbba869885cad419259,e59dba65749140f4a1bdaf2695de2fc6,75bf181ea5dc490e95d364a5f5c7af1d,04fa591263664fb0a6868552ebd3590b,db69f22fe72246ea85d33991961a649a,5d5baf5ce88b4b529e28ab9c7c114148,1d70bc69b2f84bef9aa5fb0d9917e38d
92e3b7a540a547d8ba02bddf82f83380,1d70bc69b2f84bef9aa5fb0d9917e38d,d658e3a743af41899183fecff6b2628d,4a7fa5a1bafe4b6995e2920444ac07c4,0f785440b29548e1a1968868262fd42e,d695b7afdc3841a28a56df578e56afce,59f62d35b1ad451397b700b3dad25448,2471f23cb9b64d35a72deed09c9c8975,1099cb6f4fac4eb8a1fb6db50e18296b,39e2b00e1cbd471488cf56f31d2cec7f,26b18153216b48d793b75598ddb54d77
d5bfa4fffcc249fe89deb2d4410919b6,1d70bc69b2f84bef9aa5fb0d9917e38d,d658e3a743af41899183fecff6b2628d,4a7fa5a1bafe4b6995e2920444ac07c4,26869cc099c44c4a86f6043476ab4890,3d3e8565d2f84e0cad5ae622f2909765,39e2b00e1cbd471488cf56f31d2cec7f,0f785440b29548e1a1968868262fd42e,26b18153216b48d793b75598ddb54d77,797cc520b8c94d9bbef187818ab51647,0a2c24dead204be9ae36be358e1223f9
578d9258cbf8456ba7d9f83130e02184,88353d1136d24836816b073de62e5f50,4a7fa5a1bafe4b6995e2920444ac07c4,b4dadb3ea3a04cc3932094471debce13,6252aa87531748e5bac5f6c65fc87e14,66cba49431224a3788f914d6a80165e1,26b18153216b48d793b75598ddb54d77,08ecf89bc10942a4bd894482f6fcdfa7,c3a741d302d94ee294bb6e4090fd2da9,b6c493a3666c4db193e86c79faf099ab,5c644b51b1394a7b8fa0a9a6275c422d
281e458eef7b4d77b67d424744237fbc,88353d1136d24836816b073de62e5f50,4a7fa5a1bafe4b6995e2920444ac07c4,b4dadb3ea3a04cc3932094471debce13,26b18153216b48d793b75598ddb54d77,66cba49431224a3788f914d6a80165e1,65e52d14d4d64d4fbad3de6ad319e745,7d6122daabe442ffb5e57ece1882e714,8c674a7b65e24114a45dd3c861a7ccfc,b6c493a3666c4db193e86c79faf099ab,1f9cd7f2b7a14e2f8d490a104a56edcd
7f6fdd98bfc5410fb6c4afa8786e0b48,910827a15eac4e4b9005d8e46ad71f6e,452d645d5bf4485185e996dcec9523e5,06a5f0cec6ce4170a02dad0ad4c55b1c,ec4820b018a04967a457a9c032a51dc6,3e59b61eb70146308db2308b988b54cf,5c8a8b7a59c54b9aa7b7136fd91b5869,2b3ecf8be2b242f3b8a1e714390749fb,cc78a6c92dfe4af49c2bd93f15e4f870,0eb119aabc884795a4768c6d3e677ea1,2f0401170d104b47b0a8f087f69dee88
cb84a0b8bd52401daa4762d7975d4fc7,452d645d5bf4485185e996dcec9523e5,655a618282cd4fa39a26f0967c033f4b,44b3bc5953364d72a53edcf9fc4f1fed,60e87368fe334a92b57088b03cccbfc1,d43b0f94627d45918e18a80be127aa2c,63ba014f9cc747ac87013da6be0ceab9,c235728f290a44d6a5fc2e14111ae02e,f4474150010f4021a4620372062f3797,17b5eb6fab65476f827dd355b4a20a55,a35fecee62a9432da0c413f65e895e8c
05021100f4bb4885a338db368a83cc95,910827a15eac4e4b9005d8e46ad71f6e,06a5f0cec6ce4170a02dad0ad4c55b1c,2f0401170d104b47b0a8f087f69dee88,452d645d5bf4485185e996dcec9523e5,4926607aafe749538c930e108275547e,a5d5fb459a1844088e93ae557ab34afe,7d5c0a2bfccf4255a43d9bd0f84a6d3a,0eb119aabc884795a4768c6d3e677ea1,2b3ecf8be2b242f3b8a1e714390749fb,da61e0de396149208c9ebd0fd6d7415d
f7ad8b57414846b993e2ca44f3962ff1,06a5f0cec6ce4170a02dad0ad4c55b1c,2c3599a1611644f4908562f8fb8870d3,a5d5fb459a1844088e93ae557ab34afe,910827a15eac4e4b9005d8e46ad71f6e,452d645d5bf4485185e996dcec9523e5,7d3d751215194e649a03457226f599d7,0433768f874042a5b2d2e37ad9deae13,4926607aafe749538c930e108275547e,73f684f538ea452cbb4fbecc2e8126a4,cdd73e0289aa4e2b87cd14e6ff5bd75e
750cd38aa39e4281ad616eddc8f5a983,48c31b1e2ce94de8968fab433813fa91,45e440d874a54bb591862ff441114cd3,f4474150010f4021a4620372062f3797,ad054da7e1704a53931a341173f0605f,1f9cd7f2b7a14e2f8d490a104a56edcd,2f0401170d104b47b0a8f087f69dee88,0e8487b2e6a2439b9e6623a1e2e5e19d,f9fe93fae6084350b81964d354e2130f,9dd98c9126c44642a20711729f2e731e,c235728f290a44d6a5fc2e14111ae02e
c81df43d512e4bcb85b00b5f6763f6cc,c235728f290a44d6a5fc2e14111ae02e,3f28365e18244eb28cc7d23de8895956,48c31b1e2ce94de8968fab433813fa91,9fd4c00672d84215b3e21812aef3d6ac,c4b9d7a8d5d342459d2282589b3af293,415641aa43724ed9bc4710302b77edc3,f1eecad10a61421eb16b1be7435d9c19,e343a998f4df4ac195c84e0fb571a393,ad054da7e1704a53931a341173f0605f,a35d7304347a4f81b1ccfb086956921c
a282371ee5c74dd98f0cada75271b7a7,48c31b1e2ce94de8968fab433813fa91,ad054da7e1704a53931a341173f0605f,90b560de76b149c09c7cd6efb3f12cfd,04537eabb0434eb2804d1220770b85a0,f0084465b2e646c9a53d9dc766067d9b,c235728f290a44d6a5fc2e14111ae02e,b64cef9df31c4e92a7b7ecd42f74f396,f4474150010f4021a4620372062f3797,e834bfbd30b247e899f0dc029ab9f072,66690895454847fea5a000202fbfab2e
0dedf21ad5ea4607b710bc0cccbcc7b9,c235728f290a44d6a5fc2e14111ae02e,3f28365e18244eb28cc7d23de8895956,48c31b1e2ce94de8968fab433813fa91,ac5a760b45c146ec840193371cfb2d30,afaf2edba0ee4d58860a5a04e4aabc5c,ad054da7e1704a53931a341173f0605f,9fd4c00672d84215b3e21812aef3d6ac,c4b9d7a8d5d342459d2282589b3af293,74bd120b8f714d03bc9dd1a703fe4d7f,d87e5facd03b45f9829e8a1cd0fe0190
aebc45203e45452db8eee17826ef2c46,e22e1ad3c1fc4493bcb7c9b923566ff7,8228c9eb29a542ba98c8b9b854eadaa4,5760084aabef4d8095b2d21902151f64,c84deec0ecf843c39f52d4cb8e7300f8,e834bfbd30b247e899f0dc029ab9f072,7ab9086baf99475d8c93862a7dd36344,04537eabb0434eb2804d1220770b85a0,f4474150010f4021a4620372062f3797,9bf3b77eb9874f5f9e006a9cff111ea9,21019944fc2c4838a682a6dcdc62c4ef
3e10372aff9641bb88682abca29e907e,8228c9eb29a542ba98c8b9b854eadaa4,9bf3b77eb9874f5f9e006a9cff111ea9,e22e1ad3c1fc4493bcb7c9b923566ff7,7e8a4a43e2f84dbb88e41cb24b3fe79f,174581fc299840e18e827432c0cce4dc,bc607fd6000b43108e49b3d05688fe90,e4ee90d625d44a6d9adc138390eef0f8,268f8ec9f2734029a8e75857db56ccb3,27a67d3e76814297aebf64e03d14c336,0e8487b2e6a2439b9e6623a1e2e5e19d
9dce4a0759174753b62b3cb51b8fb679,d2a03ea4b2d3439ca3dc6fe056ab0f04,009be1c3430743ff9b054bdfcd6228d6,b0236c76ae244fd8aacbea7da10e55ca,4c67cc7a1ccc496db132636e3f4853a2,b4dadb3ea3a04cc3932094471debce13,898eabaaa1a047e18aecbb1c5a8decbf,b64cef9df31c4e92a7b7ecd42f74f396,ee337b5c1ef3431e9c120250bfec4cac,7584980704ae4617bb27ca162cc9c5db,85d4175b563d48e5bc6a991b23662f24
5596e047713c4a59b1e70561fa034e37,b0236c76ae244fd8aacbea7da10e55ca,d2a03ea4b2d3439ca3dc6fe056ab0f04,b4dadb3ea3a04cc3932094471debce13,b64cef9df31c4e92a7b7ecd42f74f396,da88fa5efc674368b593444ca950dff9,da14e9dc2c3d4963b725de8102de5028,ba8d0208e32e42969bd4349cf24f6ed1,8987ceafff324f9599b842542e37eddd,f4b7e6e902e344859cb041126b69ce3c,7bbe3c76bcc04d73969f920d43fcc67d
6c348ea51c8b4750b956383a3b9a84c5,d2a03ea4b2d3439ca3dc6fe056ab0f04,b0236c76ae244fd8aacbea7da10e55ca,4c67cc7a1ccc496db132636e3f4853a2,009be1c3430743ff9b054bdfcd6228d6,b4dadb3ea3a04cc3932094471debce13,b64cef9df31c4e92a7b7ecd42f74f396,7584980704ae4617bb27ca162cc9c5db,898eabaaa1a047e18aecbb1c5a8decbf,039a871609044cb1b69f70c082fe61d8,3574ab91c29940b3afc62354ae06b73b
c56449c78d8549cd9d227e4693e51c7e,b0236c76ae244fd8aacbea7da10e55ca,d2a03ea4b2d3439ca3dc6fe056ab0f04,b64cef9df31c4e92a7b7ecd42f74f396,8987ceafff324f9599b842542e37eddd,b4dadb3ea3a04cc3932094471debce13,f4b7e6e902e344859cb041126b69ce3c,7bbe3c76bcc04d73969f920d43fcc67d,da88fa5efc674368b593444ca950dff9,9500823cb050427696343b1ea5cf8881,7584980704ae4617bb27ca162cc9c5db
8a4a2cf4736e43f8b21f72daeffc76ee,29fb30a75c57451a85f310aa6423a662,e511c40ca6324803b5021e47b4e777f8,fadf133e0e684a24ac79b5fa9515bac2,0bd1cce9370a461089e25393086800a8,73f684f538ea452cbb4fbecc2e8126a4,1ad0cf33e96243888d5f970195a75586,5f481b07f9734f518a14853831233b78,baf841bad27c456c9de7227555ea3ef8,1393dac7d34b4c34b1a8091a5bea3663,df5ca61304074da1bec8f536ab50baf3
f6bdc5e4c3894a41897ace2fe9061a90,73f684f538ea452cbb4fbecc2e8126a4,812a1568c77d46e695f8eb7357e24a0e,a865b8d581b44104afe7c8508e3486f5,29fb30a75c57451a85f310aa6423a662,8af25c7ae8e14435a6e27a5671968f50,ed4449952a9e45339b76fc5f123cb917,5f65785004054c67a618fe43b6a30f56,ac5a760b45c146ec840193371cfb2d30,033f1514c78b49dd82148b94f6bcbeba,7d3d751215194e649a03457226f599d7
bf133adcf34f4470ae9ab34f8bcac84b,29fb30a75c57451a85f310aa6423a662,e511c40ca6324803b5021e47b4e777f8,73f684f538ea452cbb4fbecc2e8126a4,fadf133e0e684a24ac79b5fa9515bac2,1ad0cf33e96243888d5f970195a75586,1393dac7d34b4c34b1a8091a5bea3663,5f481b07f9734f518a14853831233b78,6bedb2d6ace34e18811b7f1206b2d1b0,baf841bad27c456c9de7227555ea3ef8,0bd1cce9370a461089e25393086800a8
198ce01eda8e4bc0b31c457e65ddc39b,73f684f538ea452cbb4fbecc2e8126a4,812a1568c77d46e695f8eb7357e24a0e,a865b8d581b44104afe7c8508e3486f5,29fb30a75c57451a85f310aa6423a662,06a5f0cec6ce4170a02dad0ad4c55b1c,ed4449952a9e45339b76fc5f123cb917,1393dac7d34b4c34b1a8091a5bea3663,5f65785004054c67a618fe43b6a30f56,a70909d3ce0d4235913b5ce6a138dcce,a9d82bb43410405ca21b44a5e82e22b6
442c28225ce642b182163c39ab4c776b,31f80e4c87164e2893375ec7e73b372e,0d0973762130427eaa2ce9a7a34517db,4d0a737f396d4a95808085bd1306746c,2c3599a1611644f4908562f8fb8870d3,b85d652ba8d244f8ab9e941966094f28,b8da01ceddcb45a491a288ddbc658e90,268f8ec9f2734029a8e75857db56ccb3,f5a9583711fc4ff4a46e85c24886b234,051d304b7139431fb3bff19b4e75aff7,c588868fc3fd4e87a7cddf1ceb00b022
bc44523c44214d88ac687d8e05a28a8a,31f80e4c87164e2893375ec7e73b372e,0d0973762130427eaa2ce9a7a34517db,fa190e42ce5a47c99bcaa76138dbc615,78d0265d47df4f4cb7153da919763730,da9cfbdf124143b78bec89393dd5287a,d9b97376c5e44d8786f861a5788af644,4422777ed51142a99aacf05f446cfea1,444fa28d9ed54c82a522699041eae592,e4fcd30261804b089efa940359057ba2,5e44915237fc4445b54b037e1c4e29a4
e41cc56f88244ce7a26e583bd54f506f,b85d652ba8d244f8ab9e941966094f28,7d6122daabe442ffb5e57ece1882e714,f59a3ee5387440d981754b6595e8664c,31f80e4c87164e2893375ec7e73b372e,21019944fc2c4838a682a6dcdc62c4ef,26b18153216b48d793b75598ddb54d77,baf841bad27c456c9de7227555ea3ef8,da9cfbdf124143b78bec89393dd5287a,45f4192f485a49d9a75219ae4d0c41ee,c36ef11228124c438ed3256c9822b03d
b6cd550fbc9a48008039483d12ad44eb,b85d652ba8d244f8ab9e941966094f28,21019944fc2c4838a682a6dcdc62c4ef,4422777ed51142a99aacf05f446cfea1,da9cfbdf124143b78bec89393dd5287a,3cb231e1167e45f9bf5771a4e0074092,1004b33e3126472faa78e1929ed974e6,6dc5832f0ac04df2bd99c6415b3ecf09,fb8c2b83e46441c2aaa7c81d3642e2da,91f9f8576e5142a49926bd623b0bc19c,da14e9dc2c3d4963b725de8102de5028
d425f86b0d264c76a6ff6edbbb718fd8,f7f600880b064920ab59b907d26aedc6,d9096650c434432c871effeca9acd5c6,2acbd3ec289a47f7b4108896ec632585,fc70a4c2c4834e0eba1a14470f563b03,ba8d0208e32e42969bd4349cf24f6ed1,ec5fe0d3a2a2426ea4e49a5c0ad44e04,a055f8188384479a8bad418f7dffd9a5,0b57f893483647c3aed811775a4c4c04,37ae696e40dd42ebb4738722daa3c523,563043f180e54e238ad4876974e5db4c
a0ef1a7a1e304bfe91a8c12abf972c6c,d9096650c434432c871effeca9acd5c6,a055f8188384479a8bad418f7dffd9a5,ba8d0208e32e42969bd4349cf24f6ed1,503d2f067a8a4f5798b1c64b07ab0bc5,0b57f893483647c3aed811775a4c4c04,da14e9dc2c3d4963b725de8102de5028,f7f600880b064920ab59b907d26aedc6,f8e7f9688fd546829da579434180ffee,6400e3f6a14c492ba399bd414faca075,03df72bcf3504272a27f4bbaea89118a
d8ec79e0dcba49fcaa2e32c4a56d98fe,7f23e27e5652406784fdc2dea3918125,e0ff5d4ae0ec4871a49041d550cdcaa9,174581fc299840e18e827432c0cce4dc,ad42c467d0fe43dbb328073f9a16bc4d,6af17cec494c4373a95865d270a29171,7627d5e28ba74cbeaf9225e88a7a44cc,39e2b00e1cbd471488cf56f31d2cec7f,dd9e8283197b473d8ffd502561bdaaec,632cc2bc04034dd4848855fe6497262d,8ebbcf8e4e6f400ba1839e9d75806274
88e851f978154b16a0a01f8df5255703,b69c17a10a55494d8caa56c33e8f4a56,191b01e1728e4583a8ead5a86db27370,3b7d56c26da14b3a9b1cd52b5b35891b,eb21a4e2b7bd43efbdf0c365415e7fef,9ffa09a2b9bd4da0ba98fc537ca68802,ec07b4e88bea4086a5eafed96d81edb5,6dc5832f0ac04df2bd99c6415b3ecf09,599feb1e512c43ad8c0a1845922acf78,db0c3a952e454b90aa4a68feb6a50e87,225818abe99e45a0bf5b0b3ec30db76b
3ad82a6c3cc7421199dabde4d1c630d1,d2bcc978e7aa49908919d9fc40138b27,7d3d751215194e649a03457226f599d7,2939ef012c5c4a1b94b49df9469dfb3c,5cfb876eeb4f410aa1282cc279f0e546,f92d16d3a970487094292439c3e00923,0d0973762130427eaa2ce9a7a34517db,189a3b686ad14c24b5e1a495f76dd239,4926607aafe749538c930e108275547e,b69c17a10a55494d8caa56c33e8f4a56,06b7dd1b701544ac80dd7ca54ed707cf
957fd0aaa98b49cd8b0aeeeff8fe554a,7f23e27e5652406784fdc2dea3918125,e0ff5d4ae0ec4871a49041d550cdcaa9,f0084465b2e646c9a53d9dc766067d9b,ee7c00877ae64dac87123a3d75251530,595e438d2b394bb3a3259f47efd37ae8,6fc7a2cf0684475a82f6ff9be2c8e850,99830b8da7c24f909914f7bb167f3ea6,ad42c467d0fe43dbb328073f9a16bc4d,0568345606fa4a2c84ed4ea6c74639ee,02e1d712f37e428c998f72e7a7eeb1e6
3ae64cd8d99e463d84ad390f0770863a,8dfbb6a204a0441492c35baca6190969,fa190e42ce5a47c99bcaa76138dbc615,3574ab91c29940b3afc62354ae06b73b,57430214baf045cb92fa3b3b70a4ca3f,5e0a2bc284cf4002914ae4e6aaef41e8,31a2675a2e944a1ab3b810cfb92ebd34,df7ea50171af48df81584ab7e8107d15,4c36aafaf38f4e9e9e09991737196fe1,3138244ae91040948d5bd6772e4075ea,2fcf4a04d3654ffb9a5c1dfa3799e4f0
83caabc655aa413fa28ce75908fc82c3,8dfbb6a204a0441492c35baca6190969,af532d6e5090478ba520505d5f9107f2,eabdd2813a954f9aa01f0eb8212ee387,fa190e42ce5a47c99bcaa76138dbc615,57430214baf045cb92fa3b3b70a4ca3f,7ee65b33f8f44852ada468b1fed83433,b69c17a10a55494d8caa56c33e8f4a56,6b4676aba2a746b3ab778315afc8ee82,31a2675a2e944a1ab3b810cfb92ebd34,2ece45504eff42469c104dc2a2d03caf
b2a8b82d886042029e4d7b75f606d3f7,57430214baf045cb92fa3b3b70a4ca3f,df7ea50171af48df81584ab7e8107d15,72a7e2ce22d045efbdbbab9c68f5d026,78d0265d47df4f4cb7153da919763730,7e8a4a43e2f84dbb88e41cb24b3fe79f,8dfbb6a204a0441492c35baca6190969,6c874292dbcc49ff8bb8bbe5643593a5,74644c8cc17449cf89379868e7b21398,17b5eb6fab65476f827dd355b4a20a55,d9ac372330a4446886fa19bac0d19877
5ed3368f73bb44e6b4ad520a68661e92,57430214baf045cb92fa3b3b70a4ca3f,78d0265d47df4f4cb7153da919763730,df7ea50171af48df81584ab7e8107d15,72a7e2ce22d045efbdbbab9c68f5d026,c74557a980e2428a9ffcc245278df692,25109e3a7df549e5b380aae716d71366,52ee59901f3b4de884d7a6720538aed6,1e376f9d0945477983c8d851e4b2cf5e,27a0d24dc1e14b28a1f18456b29c93f1,0cc5015848a044b59fa4b290813f859c
55b8c9724a3a454c9e37de654b24d293,4926607aafe749538c930e108275547e,66690895454847fea5a000202fbfab2e,04537eabb0434eb2804d1220770b85a0,ca1a2a6308834baba3140b5ce8f81320,5cfb876eeb4f410aa1282cc279f0e546,21019944fc2c4838a682a6dcdc62c4ef,3cb231e1167e45f9bf5771a4e0074092,b3209c60460a437294e2b30a9e9d3f53,d5ecdd142b544edca1b16ee83a9cf908,ef8c056ecb524439a48c881089537951
515bbdb925064e5080053f5a3bfa72c2,f5b766ea6abe4b5fb27d49cc3bc06020,e343a998f4df4ac195c84e0fb571a393,64fc9fe3c8d5424ebc005e5cf4a608db,63ba014f9cc747ac87013da6be0ceab9,15b7b988bba143989cfd98d5c6c4d203,f6207eb593394ff78e2cb35057477422,3c0f3b44c0844df49b5898406fe9195a,3e923b6e3ceb4901b77c9a18729546eb,baf841bad27c456c9de7227555ea3ef8,5760084aabef4d8095b2d21902151f64
bd68648028064b068d1c788b7b8b35cf,4926607aafe749538c930e108275547e,66690895454847fea5a000202fbfab2e,19a124c6dad14a4fa7864463b081009c,ca1a2a6308834baba3140b5ce8f81320,3cb231e1167e45f9bf5771a4e0074092,a9d82bb43410405ca21b44a5e82e22b6,b5f237fefb38465bb6a068c9cf75ba31,5cfb876eeb4f410aa1282cc279f0e546,f6061b71031b4ddb9384f86c103690a4,476ce3ffff564a5aa985808e7d2cab17
191675e5da5649c9ad0e649fba7469fd,f5b766ea6abe4b5fb27d49cc3bc06020,64fc9fe3c8d5424ebc005e5cf4a608db,e343a998f4df4ac195c84e0fb571a393,511fe9c8b20b4fda94969745238c9474,63ba014f9cc747ac87013da6be0ceab9,b2992fe473124dd0b895cf81f59f6db6,44b3bc5953364d72a53edcf9fc4f1fed,5760084aabef4d8095b2d21902151f64,b277101390e1465685ef79bf3519f8d7,ed4449952a9e45339b76fc5f123cb917
917a01f6ae4049189b017ae05f4e8282,ef60b54aa4b5490890da32d0bb8c9cbf,7f0a68d19d2e4850846ffc08c47ed87d,b33a0f5b564a4942b04046ab7a8e2aae,75efe5ddef364f49865d9bb283492b48,7e17bbd109dc486c8f0a76f913782180,3c72832689d8406996e80893b719b974,22d9d5ad33e947fd857c5c4a8b7dfae1,66cba49431224a3788f914d6a80165e1,4a3d4daed4b24a1898551f0fd1ba44f1,84ff5144597241bba5cbd3d0b21d220d
8099552462944c5483e6c7e77019cd09,ef60b54aa4b5490890da32d0bb8c9cbf,7e17bbd109dc486c8f0a76f913782180,c3a741d302d94ee294bb6e4090fd2da9,fadf133e0e684a24ac79b5fa9515bac2,b33a0f5b564a4942b04046ab7a8e2aae,4a3d4daed4b24a1898551f0fd1ba44f1,86f59bd78b424260b0cf356f2f9ae734,8c674a7b65e24114a45dd3c861a7ccfc,84ff5144597241bba5cbd3d0b21d220d,b77d8b7bb0114c379139d280a9210e83
a9a932d9787f4b1c9d13926b41d68e8e,c3a741d302d94ee294bb6e4090fd2da9,1d70bc69b2f84bef9aa5fb0d9917e38d,19098957d8c24cab95daa30c2baefd8f,85d4175b563d48e5bc6a991b23662f24,6c51b4f57ba0415f994756e944b11cee,797cc520b8c94d9bbef187818ab51647,7daa434073604cb98a04fefb55468dda,44f41e6e6faa4facb0bb9a72205229f8,361f2b7f3f044907b3a331872fb18755,f5bcc6f48ed2447581b401d453039866
69a7253a5317474a980b4e9538e2df59,cae139b6e4914ce7b0ef1e68b8b857eb,64e74af099b0485f8b6e71ac73aa2cb8,476ce3ffff564a5aa985808e7d2cab17,77ce0587a12b46bab8814225ba86753e,f5a9583711fc4ff4a46e85c24886b234,4a3d4daed4b24a1898551f0fd1ba44f1,fadf133e0e684a24ac79b5fa9515bac2,1393dac7d34b4c34b1a8091a5bea3663,f59a3ee5387440d981754b6595e8664c,1e376f9d0945477983c8d851e4b2cf5e
54e1f0b191a74c1fbe587bd189dbefde,1232f20e710b448e8c0538b9e84dab1c,c66c6f1449d44728a2ef72de53dd6d5e,eb21a4e2b7bd43efbdf0c365415e7fef,fbfaa119f55a477984e42d80498f54d3,1a0ac2d40cb04ca993e1db68d787728a,3138244ae91040948d5bd6772e4075ea,b0d2e6c4b2384950b3696c4414870282,b3209c60460a437294e2b30a9e9d3f53,211ef3181e524685866fb8574d9bf456,5f481b07f9734f518a14853831233b78
eab46b3eacfd4c65a5d3acea93bcd635,cae139b6e4914ce7b0ef1e68b8b857eb,64e74af099b0485f8b6e71ac73aa2cb8,fadf133e0e684a24ac79b5fa9515bac2,4a3d4daed4b24a1898551f0fd1ba44f1,3675c688960a4f3b9f82c4ccf4049e93,0a2c24dead204be9ae36be358e1223f9,cc243eebbb2b44a581745865a60c423a,b52468fc0af2435f9ba91939f72bbf6a,1393dac7d34b4c34b1a8091a5bea3663,33e2a95109e647cbb4ba2687631b169a
77ba7373423f4871aa84b0e9e90558da,1232f20e710b448e8c0538b9e84dab1c,b0d2e6c4b2384950b3696c4414870282,c66c6f1449d44728a2ef72de53dd6d5e,eb21a4e2b7bd43efbdf0c365415e7fef,fbfaa119f55a477984e42d80498f54d3,d476be2399b7424a88d242b771c32041,ed4449952a9e45339b76fc5f123cb917,0971af4212484a958eb0f60f93d1dfe0,29fb30a75c57451a85f310aa6423a662,77ce0587a12b46bab8814225ba86753e
ada711f5328244f298daf7e98150c7b2,ffe2740eee8c49b39b2ce41f9983bcb4,291130c42a884be2800e026bab5ddf53,99ba4cc9355f4d79a68bc69ac12a716f,3b7d56c26da14b3a9b1cd52b5b35891b,9ffa09a2b9bd4da0ba98fc537ca68802,ec07b4e88bea4086a5eafed96d81edb5,f7f600880b064920ab59b907d26aedc6,6f57d1175ad243edada61643d01fcd54,eff24b01b2f5428baa4c3fef6cb40d41,664da77d25e74df693eaad44a5e7617f
b59f7290ee4240fba85223d721d2aefe,ffe2740eee8c49b39b2ce41f9983bcb4,291130c42a884be2800e026bab5ddf53,99ba4cc9355f4d79a68bc69ac12a716f,ec07b4e88bea4086a5eafed96d81edb5,3b7d56c26da14b3a9b1cd52b5b35891b,133bfbe9a7c741fcb638ecf1b0088213,d9ac372330a4446886fa19bac0d19877,f7f600880b064920ab59b907d26aedc6,9ffa09a2b9bd4da0ba98fc537ca68802,e343a998f4df4ac195c84e0fb571a393
d8235671d5bc44ea9bb7b027f4c3bb3e,77ce0587a12b46bab8814225ba86753e,71c1a8479b194efca65b44fb7f327afb,70aa10580bfe4069bdaa5721ae2d29db,772cb9726861451d9972604da6f65c55,9fd4c00672d84215b3e21812aef3d6ac,d756970269e9443fb9bbf645a96aa84e,092cb872c8724c7681c50da9c6cfa252,af532d6e5090478ba520505d5f9107f2,cb2505b30d8a4dc086c353cf94424b6d,ccb62901750b4d13a922fc161b607f83
518f59c8010c4dd48362de2cb03f5167,77ce0587a12b46bab8814225ba86753e,71c1a8479b194efca65b44fb7f327afb,e8927e14983a43da900edd926dd35adb,6866efc8987a4ec8b04b7abd28fb5777,e7ee85dd47ca43eeb2fdcd70b802f0ec,19098957d8c24cab95daa30c2baefd8f,ccb62901750b4d13a922fc161b607f83,b98519f97e424c1389f5553f0869b15a,70aa10580bfe4069bdaa5721ae2d29db,097f2ce3b88c4d008488b9908076497e
c313a0d413ec48a6a2cbd1df9d98d820,71c1a8479b194efca65b44fb7f327afb,77ce0587a12b46bab8814225ba86753e,cb2505b30d8a4dc086c353cf94424b6d,772cb9726861451d9972604da6f65c55,059a284910e849efbbc7073b8681409f,70aa10580bfe4069bdaa5721ae2d29db,93dc50abd35349f7923100dca2f41002,98fbdf945d0c4206a48a4f7260e56017,4422777ed51142a99aacf05f446cfea1,67dd23cfd20f46dc82acc82c108a1dc6
83661848dd63461885371664f7c4bc51,71c1a8479b194efca65b44fb7f327afb,77ce0587a12b46bab8814225ba86753e,cb2505b30d8a4dc086c353cf94424b6d,772cb9726861451d9972604da6f65c55,afac6ae28fac41dabae96696990c5555,98fbdf945d0c4206a48a4f7260e56017,059a284910e849efbbc7073b8681409f,da9cfbdf124143b78bec89393dd5287a,93dc50abd35349f7923100dca2f41002,b85d652ba8d244f8ab9e941966094f28
0b47b27e631a492c8956eba727078681,3e59b61eb70146308db2308b988b54cf,0eb119aabc884795a4768c6d3e677ea1,ef511457ee7c490c8e10eccf6e18fef6,b702b2b61ce048c6bf5af3c4dca18b1a,b4dadb3ea3a04cc3932094471debce13,7daa434073604cb98a04fefb55468dda,21eb9f06dd834a108d816efdf3aca8dc,7bbe3c76bcc04d73969f920d43fcc67d,7ef653f7e5f64e1b8bba73b9518b87b7,384f94503bcd4f4c863056ad69f45b43
d0e0af0e83ea4c3b855152177e8295c4,a4af9472683c4df0a86f9400c99c2b61,f92d16d3a970487094292439c3e00923,fc430b7683934be2aba12468b2409bb8,8c7c9eaae41a44a3a4ebe39ce167d300,98fbdf945d0c4206a48a4f7260e56017,0eb119aabc884795a4768c6d3e677ea1,772cb9726861451d9972604da6f65c55,04fa591263664fb0a6868552ebd3590b,097f2ce3b88c4d008488b9908076497e,2f0401170d104b47b0a8f087f69dee88
3c7adf3c0f6a48ddae27f1be8bf94c98,98fbdf945d0c4206a48a4f7260e56017,a4af9472683c4df0a86f9400c99c2b61,76e41369a6794714a9fab6968839bfe6,ef511457ee7c490c8e10eccf6e18fef6,50a2129b83404b94889a01f4688ebafd,8b038cd0dafd45d8b1ce75177ca3a76b,27a0d24dc1e14b28a1f18456b29c93f1,6732de8994744decbb3306c74aaa7882,0eb119aabc884795a4768c6d3e677ea1,cb2505b30d8a4dc086c353cf94424b6d
9ece5d7b95974244a7560e0a5516708d,3e59b61eb70146308db2308b988b54cf,6400e3f6a14c492ba399bd414faca075,b4dadb3ea3a04cc3932094471debce13,4c67cc7a1ccc496db132636e3f4853a2,24c55bb5cd694770ba895c7401da2ba5,022e16490d1949b9ab2fc1de5a837031,39e2b00e1cbd471488cf56f31d2cec7f,e22e1ad3c1fc4493bcb7c9b923566ff7,14f4db886cca4104877ac7d1d7a64133,e903085a3f944ad2a41c37306b4e6ab4
6b69e25d73f148c98af914e308e2396e,3e59b61eb70146308db2308b988b54cf,b702b2b61ce048c6bf5af3c4dca18b1a,14f4db886cca4104877ac7d1d7a64133,b4dadb3ea3a04cc3932094471debce13,6400e3f6a14c492ba399bd414faca075,878e5c41be5c477e9f660ca361fdd727,24c55bb5cd694770ba895c7401da2ba5,4c67cc7a1ccc496db132636e3f4853a2,cb550e5ff4694fe9a19eaa6588cef250,4c36aafaf38f4e9e9e09991737196fe1
f443d2b48e9f48748ed811a3ffbfeeb0,5e44915237fc4445b54b037e1c4e29a4,7584980704ae4617bb27ca162cc9c5db,6b7b5d28293d4a5a8075f7f7dd231ddb,be8953cc364d46cebbcc2c2da2c348ab,4e22dc65beb7450b9260cf27e50919e4,291130c42a884be2800e026bab5ddf53,051d304b7139431fb3bff19b4e75aff7,eabdd2813a954f9aa01f0eb8212ee387,b69c17a10a55494d8caa56c33e8f4a56,e735729c80d84f76a6133c065d5380f8
ca49f30627f348ebb9db4ee0577e1d96,0cdb0f32850f4585a16de4886462bbe0,4e22dc65beb7450b9260cf27e50919e4,051d304b7139431fb3bff19b4e75aff7,aa082284f9894b5aa210c179d59999b1,5fc200cab89346658c9c91cce27e85fe,f532294d68604bc2aa9ad8804a8c6d5f,68aefc97056440af874039a28497cf98,afac6ae28fac41dabae96696990c5555,db620271348d404a9a0b978d96c63f29,ec4820b018a04967a457a9c032a51dc6
3edc2638f7bf459c90061b70e170d78e,4e22dc65beb7450b9260cf27e50919e4,0cdb0f32850f4585a16de4886462bbe0,051d304b7139431fb3bff19b4e75aff7,aa082284f9894b5aa210c179d59999b1,f335a944a27a4504a82ecf70c2d4a5e4,f532294d68604bc2aa9ad8804a8c6d5f,be8953cc364d46cebbcc2c2da2c348ab,5fc200cab89346658c9c91cce27e85fe,076e2669c305401fb3afcfafdd6c79c7,eabdd2813a954f9aa01f0eb8212ee387
4241e3037cc4416b9760a32dc49b4d49,5e44915237fc4445b54b037e1c4e29a4,7584980704ae4617bb27ca162cc9c5db,3b7d56c26da14b3a9b1cd52b5b35891b,8683a3ad55d84a78834fabe20cde5269,eabdd2813a954f9aa01f0eb8212ee387,8dfbb6a204a0441492c35baca6190969,b69c17a10a55494d8caa56c33e8f4a56,be8953cc364d46cebbcc2c2da2c348ab,6b7b5d28293d4a5a8075f7f7dd231ddb,051d304b7139431fb3bff19b4e75aff7
2c1eb27749b548ee9cc13137105c60f9,21019944fc2c4838a682a6dcdc62c4ef,c1def54262224e23acf67a9870725ce5,e0ff5d4ae0ec4871a49041d550cdcaa9,e7aaa514f6f64a258a640ea341aa1a18,b2992fe473124dd0b895cf81f59f6db6,e8c8742459dc48a49080bf0e5b3fdee0,2b3ecf8be2b242f3b8a1e714390749fb,c713a0ca69864ee7b240069c98dc44dc,66690895454847fea5a000202fbfab2e,04537eabb0434eb2804d1220770b85a0
879584d5b62041dfb4cfbb779df86357,e4ee90d625d44a6d9adc138390eef0f8,21019944fc2c4838a682a6dcdc62c4ef,e22e1ad3c1fc4493bcb7c9b923566ff7,8228c9eb29a542ba98c8b9b854eadaa4,7d3d751215194e649a03457226f599d7,f6207eb593394ff78e2cb35057477422,c74557a980e2428a9ffcc245278df692,6252aa87531748e5bac5f6c65fc87e14,268f8ec9f2734029a8e75857db56ccb3,e8c8742459dc48a49080bf0e5b3fdee0
f21b02728ff6484fb3fd4a60399ab492,e4ee90d625d44a6d9adc138390eef0f8,21019944fc2c4838a682a6dcdc62c4ef,e22e1ad3c1fc4493bcb7c9b923566ff7,f6207eb593394ff78e2cb35057477422,5f481b07f9734f518a14853831233b78,a0408a6462b24cf18e50a8616359d5ad,8228c9eb29a542ba98c8b9b854eadaa4,75801225047a4c019100660c13f1e0f1,e8c8742459dc48a49080bf0e5b3fdee0,94ed54abfdc74b04b0dcb19c278e66f4
d8456095cf7c4204a086a014ff2b3c14,21019944fc2c4838a682a6dcdc62c4ef,8228c9eb29a542ba98c8b9b854eadaa4,e0ff5d4ae0ec4871a49041d550cdcaa9,e7aaa514f6f64a258a640ea341aa1a18,04537eabb0434eb2804d1220770b85a0,c1def54262224e23acf67a9870725ce5,e429a2e164a24919a12edcc8d4ea8f09,174581fc299840e18e827432c0cce4dc,2b3ecf8be2b242f3b8a1e714390749fb,e4ee90d625d44a6d9adc138390eef0f8
3afae5ea042d4934b4e05a905c277730,1c6bbf19b3d2498696a5baf0f53a0f18,b2b22c673e554db39c8acdbe42687a6d,a297e08effdf4a69a6c4d79a34a0c6ad,116f6c1f0cb54312986a0a729508a33e,8ad1f345ca194b29bde0a924f27b2de5,5e199f7727cc4910ad88dbd81ed1ec82,93bf0b86be094f68a9d308ca5ecfb4e3,fe363cef357840fcb35f320fe7c27e4e,4230775a9d51448396cacb9061f0e5f9,2acbd3ec289a47f7b4108896ec632585
c6c6941b06454b858b384b129f635fbc,b2b22c673e554db39c8acdbe42687a6d,1c6bbf19b3d2498696a5baf0f53a0f18,5e199f7727cc4910ad88dbd81ed1ec82,a297e08effdf4a69a6c4d79a34a0c6ad,93bf0b86be094f68a9d308ca5ecfb4e3,4230775a9d51448396cacb9061f0e5f9,fe363cef357840fcb35f320fe7c27e4e,2acbd3ec289a47f7b4108896ec632585,116f6c1f0cb54312986a0a729508a33e,8ad1f345ca194b29bde0a924f27b2de5
164fd25714484642abf3c2f90a97a8fd,8a9dc60359ba49cd8ac170cfb4ac3913,b0d2e6c4b2384950b3696c4414870282,c1d504dfeded4b8bb3c07777b7c7abde,19593c97fef0474dbe6051e28338f1e9,b83013f4c5524232814efa0f8651867f,29088685e31a4d86b60b514e98117361,033f1514c78b49dd82148b94f6bcbeba,b8da01ceddcb45a491a288ddbc658e90,599feb1e512c43ad8c0a1845922acf78,e0ff5d4ae0ec4871a49041d550cdcaa9
3a05b06fa1e34ff0b02748d47a9e6360,8a9dc60359ba49cd8ac170cfb4ac3913,b98519f97e424c1389f5553f0869b15a,b0d2e6c4b2384950b3696c4414870282,b8da01ceddcb45a491a288ddbc658e90,e511c40ca6324803b5021e47b4e777f8,c1d504dfeded4b8bb3c07777b7c7abde,a0b4d283f12a407286dbeaa3a4d128a5,b83013f4c5524232814efa0f8651867f,033f1514c78b49dd82148b94f6bcbeba,e0ff5d4ae0ec4871a49041d550cdcaa9
fec5eb7ba2734bf5b777bcb611801028,910827a15eac4e4b9005d8e46ad71f6e,9fd4c00672d84215b3e21812aef3d6ac,7d5c0a2bfccf4255a43d9bd0f84a6d3a,afaf2edba0ee4d58860a5a04e4aabc5c,c235728f290a44d6a5fc2e14111ae02e,bbdf9065122d499d9d8f80ad3e0ef6f3,7862a63720b34104abf5bfa44bc8178d,9dd98c9126c44642a20711729f2e731e,3c0f3b44c0844df49b5898406fe9195a,de1102228a324428989533278cd482f6
99fd1c486f1c4dd591b9a6ecf8054b7d,7d5c0a2bfccf4255a43d9bd0f84a6d3a,910827a15eac4e4b9005d8e46ad71f6e,afaf2edba0ee4d58860a5a04e4aabc5c,9fd4c00672d84215b3e21812aef3d6ac,9dd98c9126c44642a20711729f2e731e,e4e12f4711fd41e39075e26cc274df45,44b3bc5953364d72a53edcf9fc4f1fed,7862a63720b34104abf5bfa44bc8178d,1a0ac2d40cb04ca993e1db68d787728a,42b6af4853fc465f83ec054f8f8289a4
7613bd74728b4f0baa8eabd0aefbbc29,4a6eba10a02a4ecdbb6b25e8651c3789,eafb3480db704d7baa8216ce857d1610,0bd1cce9370a461089e25393086800a8,6732de8994744decbb3306c74aaa7882,1b827db6f6cf4ecb850928c2f9e41de2,434551fdf9e443ed91679a9557ae6fd5,29fb30a75c57451a85f310aa6423a662,5a6f4a2f7f6a4b1fa146493472e6d721,812a1568c77d46e695f8eb7357e24a0e,df5ca61304074da1bec8f536ab50baf3
4c482b037ef04720a8eafa90efddd03b,eafb3480db704d7baa8216ce857d1610,4a6eba10a02a4ecdbb6b25e8651c3789,df5ca61304074da1bec8f536ab50baf3,199647bd1328406c83c5a875154f97d9,1ad0cf33e96243888d5f970195a75586,6732de8994744decbb3306c74aaa7882,ee89670285c74e27aa174dadf39fbca7,590df34aa41f46e9ad13ffc6a98da3b7,c2b49382e2f34b1c90013236a5fbaef0,1f3cf50fe1f947d8a56e02ebca441c4c
596b8b0b72be41a4842150fbbd18aead,4a6eba10a02a4ecdbb6b25e8651c3789,eafb3480db704d7baa8216ce857d1610,ec580ac6dd7149fb8a0a5a5d8b0f5b08,47eb17da319d440aa52da8008c26327a,6732de8994744decbb3306c74aaa7882,ee89670285c74e27aa174dadf39fbca7,df5ca61304074da1bec8f536ab50baf3,199647bd1328406c83c5a875154f97d9,c36ef11228124c438ed3256c9822b03d,23199e1859544647893a97ea365c5c83
99794362eca94e2ea0536c628c097ee0,eafb3480db704d7baa8216ce857d1610,4a6eba10a02a4ecdbb6b25e8651c3789,df5ca61304074da1bec8f536ab50baf3,199647bd1328406c83c5a875154f97d9,6732de8994744decbb3306c74aaa7882,590df34aa41f46e9ad13ffc6a98da3b7,29fb30a75c57451a85f310aa6423a662,1ad0cf33e96243888d5f970195a75586,6f57d1175ad243edada61643d01fcd54,0bd1cce9370a461089e25393086800a8
517088ff1e71421dbc66c81c7b6d809f,69ac8397e9624bfd8aee237b9f9ea3b5,b3f8b4bec0164d0e81997b4f5a277e8f,3f28365e18244eb28cc7d23de8895956,cf7476d6c96b4dcdb6f025b9291eb62b,051d304b7139431fb3bff19b4e75aff7,acbf8eae7e064c11bab7adf66f216990,5be48a6bc26044f2a2e4e9b6a223c319,db620271348d404a9a0b978d96c63f29,da88fa5efc674368b593444ca950dff9,e1c63000ace94c1d9381d82389fe6afd
67f17a1293154579a1047cd28690d783,5be48a6bc26044f2a2e4e9b6a223c319,98b2022b2cb84af09ee8b789db928b13,b277101390e1465685ef79bf3519f8d7,0971af4212484a958eb0f60f93d1dfe0,15b7b988bba143989cfd98d5c6c4d203,434551fdf9e443ed91679a9557ae6fd5,a055f8188384479a8bad418f7dffd9a5,ffe2740eee8c49b39b2ce41f9983bcb4,e8c8742459dc48a49080bf0e5b3fdee0,5cf392f15360460bae6a6b0182bb99b9
376dc48ffd5842e2b10ce1bfe8617a4f,5be48a6bc26044f2a2e4e9b6a223c319,98b2022b2cb84af09ee8b789db928b13,434551fdf9e443ed91679a9557ae6fd5,15b7b988bba143989cfd98d5c6c4d203,acbf8eae7e064c11bab7adf66f216990,0971af4212484a958eb0f60f93d1dfe0,a055f8188384479a8bad418f7dffd9a5,b277101390e1465685ef79bf3519f8d7,03df72bcf3504272a27f4bbaea89118a,27a67d3e76814297aebf64e03d14c336
e35f15c7fc564b948c6220d15268f95e,69ac8397e9624bfd8aee237b9f9ea3b5,b3f8b4bec0164d0e81997b4f5a277e8f,e1c63000ace94c1d9381d82389fe6afd,5be48a6bc26044f2a2e4e9b6a223c319,6af17cec494c4373a95865d270a29171,03df72bcf3504272a27f4bbaea89118a,051d304b7139431fb3bff19b4e75aff7,3f28365e18244eb28cc7d23de8895956,b90d74e80c37486eaee89b6fbab13671,cf7476d6c96b4dcdb6f025b9291eb62b
7abc7ac040a84ae88177c3b2d510f7cb,e86a0aae846a4e44bf967ab4972c977c,655a618282cd4fa39a26f0967c033f4b,9460474d89704a68aaa6ccb62310ae3d,9dd98c9126c44642a20711729f2e731e,9fd4c00672d84215b3e21812aef3d6ac,a0b4d283f12a407286dbeaa3a4d128a5,5b588e34588940788a22036b775ecc2f,14ca42308d3141fba50b774042144343,b8995466f0eb4e7ba141e23216e8b974,a9d82bb43410405ca21b44a5e82e22b6
dc2a5233c1944b37aa2c99dd76665f2b,1e376f9d0945477983c8d851e4b2cf5e,5f481b07f9734f518a14853831233b78,b6c493a3666c4db193e86c79faf099ab,2d812431f07c44f1a56a71c72766e0b0,dbb3fe11ad004895b302a84e7c066fcc,dcfb738ebbc24f09bb680fe3a52b702e,a9d82bb43410405ca21b44a5e82e22b6,2c3599a1611644f4908562f8fb8870d3,9677dd2a3aae457a8079087ce4177e14,8dfbb6a204a0441492c35baca6190969
27b25d301ad34851bd0df3863116a2e2,e86a0aae846a4e44bf967ab4972c977c,9fd4c00672d84215b3e21812aef3d6ac,a0b4d283f12a407286dbeaa3a4d128a5,66690895454847fea5a000202fbfab2e,595e438d2b394bb3a3259f47efd37ae8,eee7f32249c5452ea36c8ed3a3540010,9460474d89704a68aaa6ccb62310ae3d,9dd98c9126c44642a20711729f2e731e,655a618282cd4fa39a26f0967c033f4b,14ca42308d3141fba50b774042144343
2b2bf37314104deaa800c3918ab54a33,1e376f9d0945477983c8d851e4b2cf5e,5f481b07f9734f518a14853831233b78,b6c493a3666c4db193e86c79faf099ab,a9d82bb43410405ca21b44a5e82e22b6,dcfb738ebbc24f09bb680fe3a52b702e,2c3599a1611644f4908562f8fb8870d3,e86a0aae846a4e44bf967ab4972c977c,d65e3a3657ae455e954b6d7221afc84c,3138244ae91040948d5bd6772e4075ea,dbb3fe11ad004895b302a84e7c066fcc
3c56e94879364377bc8bfb7a92d403d1,a9d82bb43410405ca21b44a5e82e22b6,dd9e8283197b473d8ffd502561bdaaec,04537eabb0434eb2804d1220770b85a0,f65b6fb5b40a49d1896de7a115469d40,b8da01ceddcb45a491a288ddbc658e90,f92d16d3a970487094292439c3e00923,f6207eb593394ff78e2cb35057477422,595e438d2b394bb3a3259f47efd37ae8,b98519f97e424c1389f5553f0869b15a,4926607aafe749538c930e108275547e
c28224ae63704fec95ee0278f177f277,521004289ebc4e6da6623381d40a5e73,022e16490d1949b9ab2fc1de5a837031,5455e62f52ae4e03b2a5d0e8b9899506,7c061d36393540b49e20d98086bdb5bd,f91157bb8fca4a8e98db33591a76be9a,94ed54abfdc74b04b0dcb19c278e66f4,039a871609044cb1b69f70c082fe61d8,9500823cb050427696343b1ea5cf8881,8889c114b071429cbe2418f5b0f2024b,a94cb58f1ca8456b96e39b5b1ebfb7ea
2c9175bf65da4030a4bca9f358cadeda,521004289ebc4e6da6623381d40a5e73,022e16490d1949b9ab2fc1de5a837031,94ed54abfdc74b04b0dcb19c278e66f4,7c061d36393540b49e20d98086bdb5bd,f91157bb8fca4a8e98db33591a76be9a,361f2b7f3f044907b3a331872fb18755,9500823cb050427696343b1ea5cf8881,3f23eafbd9cc4e209aca631fd6fc9dfd,4422777ed51142a99aacf05f446cfea1,673aee19895b4d339ada93213d8874ac
7567134f761c40a79567b3f82e31afdc,f91157bb8fca4a8e98db33591a76be9a,ee89670285c74e27aa174dadf39fbca7,8fdee0611965465eb45387b8c39f4136,84581d81d46d44bc99ffb8f871646a7a,521004289ebc4e6da6623381d40a5e73,f69dcaceb6074ddebfe1dc7e5978fcff,8ebbcf8e4e6f400ba1839e9d75806274,8350ea8cd6514c2c8d7b625abe7e895b,0433768f874042a5b2d2e37ad9deae13,039a871609044cb1b69f70c082fe61d8
e95e0daa9ae049ef8be95f459b99d584,e511c40ca6324803b5021e47b4e777f8,29fb30a75c57451a85f310aa6423a662,643fbbdd6b764ba9904a4ee67a86b9fd,bcfa4a4177d44d8b8cda17b7a23196b0,99a52c93a3304ec18dab9206f98f2a8b,ad42c467d0fe43dbb328073f9a16bc4d,f69dcaceb6074ddebfe1dc7e5978fcff,36ac84a73ad34261ad45cf569edb60af,c1d504dfeded4b8bb3c07777b7c7abde,8d595c7da42545c88052e7b213b6c97c
ee401564da1d407da8d97b804a5e3801,643fbbdd6b764ba9904a4ee67a86b9fd,99a52c93a3304ec18dab9206f98f2a8b,f37d285ad0de42f0b1546d0d1acfb221,99830b8da7c24f909914f7bb167f3ea6,b8da01ceddcb45a491a288ddbc658e90,bc13c2b0221744a29a8ddf56aa015df9,df0c94234d9d4890b5b4b95c441b3e9a,35d06fce2df446569702778e2250bd82,8d595c7da42545c88052e7b213b6c97c,1578afd6ce694d46ab6e24f965f51fd6
77ae6ded0d014f36b371a4153e05c4ed,89e983dca0a34b768e17b3871b9cea1e,643fbbdd6b764ba9904a4ee67a86b9fd,b3209c60460a437294e2b30a9e9d3f53,250d411ae270441085be3501b7b55d86,c2a665cec90e46db8d2a74389beb4649,99a52c93a3304ec18dab9206f98f2a8b,ec07b4e88bea4086a5eafed96d81edb5,48240083d13148bd84ddee8c7f9fcd22,dee9eddb2eac41bfaf36d3279d43674a,afaf2edba0ee4d58860a5a04e4aabc5c
8a0213e5d51f4d7ca596a5163d04d39b,b40d3c588ad647ff85e397a6bc5f9d8b,bcfa4a4177d44d8b8cda17b7a23196b0,89e983dca0a34b768e17b3871b9cea1e,b52468fc0af2435f9ba91939f72bbf6a,e511c40ca6324803b5021e47b4e777f8,99a52c93a3304ec18dab9206f98f2a8b,c1d504dfeded4b8bb3c07777b7c7abde,b98519f97e424c1389f5553f0869b15a,250d411ae270441085be3501b7b55d86,8a9dc60359ba49cd8ac170cfb4ac3913
49a13f972cb940089aa409b42b7e809b,b425f33c33ad4be89a12da266d131a86,cb32ec9a538a4c0f8462771946ced93b,14ca42308d3141fba50b774042144343,033f1514c78b49dd82148b94f6bcbeba,8a464aa9e2ee45d0abc7ae6181cd1bda,9460474d89704a68aaa6ccb62310ae3d,e43d8e7bc32f406b9a692e2604f5b45a,a865b8d581b44104afe7c8508e3486f5,2639b6540bda414f8a9baa3b5cdb612a,243dbbcdc67c42bfa6f32c47477adf6d
42b7373e7edb4471bd9cd69dd50bf4f1,b425f33c33ad4be89a12da266d131a86,cb32ec9a538a4c0f8462771946ced93b,c588868fc3fd4e87a7cddf1ceb00b022,3574ab91c29940b3afc62354ae06b73b,f59a3ee5387440d981754b6595e8664c,8c7c9eaae41a44a3a4ebe39ce167d300,b98519f97e424c1389f5553f0869b15a,14ca42308d3141fba50b774042144343,b834c0b0c10b471b87ad3f11468de619,1a0ac2d40cb04ca993e1db68d787728a
f387e105e9d440d199759eb2c79cd950,a865b8d581b44104afe7c8508e3486f5,dd9e8283197b473d8ffd502561bdaaec,d476be2399b7424a88d242b771c32041,f5a9583711fc4ff4a46e85c24886b234,7070715ef90743da8691dd4ad134eb0c,bb84a4cf60c84a8d8e23276b1863d293,eee7f32249c5452ea36c8ed3a3540010,e86a0aae846a4e44bf967ab4972c977c,b00b2395b49949508fade89bb3eac98b,5f65785004054c67a618fe43b6a30f56
a75e0b290bc941358cd4614e21662749,a865b8d581b44104afe7c8508e3486f5,d756970269e9443fb9bbf645a96aa84e,ee7c00877ae64dac87123a3d75251530,f5a9583711fc4ff4a46e85c24886b234,910827a15eac4e4b9005d8e46ad71f6e,444fa28d9ed54c82a522699041eae592,d476be2399b7424a88d242b771c32041,452d645d5bf4485185e996dcec9523e5,9fd4c00672d84215b3e21812aef3d6ac,6bedb2d6ace34e18811b7f1206b2d1b0
1c30f9917de0495eae26b471a7cd3e1d,b425f33c33ad4be89a12da266d131a86,cb32ec9a538a4c0f8462771946ced93b,a70909d3ce0d4235913b5ce6a138dcce,0092d1d820c64646b8bee9fd14f77acf,434551fdf9e443ed91679a9557ae6fd5,cae139b6e4914ce7b0ef1e68b8b857eb,8a464aa9e2ee45d0abc7ae6181cd1bda,e43d8e7bc32f406b9a692e2604f5b45a,73f684f538ea452cbb4fbecc2e8126a4,2639b6540bda414f8a9baa3b5cdb612a
57378df73d2a41698b22cc6d6171529d,2acbd3ec289a47f7b4108896ec632585,fc70a4c2c4834e0eba1a14470f563b03,503d2f067a8a4f5798b1c64b07ab0bc5,af648fa7ac6c4c50a246de470329cd83,71d4b4036e594d7399506e6fd9b88063,a8904adcdd21495f890bc614bfdbf86f,b2b22c673e554db39c8acdbe42687a6d,716a15d66b63424a8068da89e75733b4,2471f23cb9b64d35a72deed09c9c8975,afac6ae28fac41dabae96696990c5555
ffa661c1e7484ac0bd1e6fd235a3cc5a,2acbd3ec289a47f7b4108896ec632585,b2b22c673e554db39c8acdbe42687a6d,116f6c1f0cb54312986a0a729508a33e,8c5f38853679436ba434b6a696e43168,fe363cef357840fcb35f320fe7c27e4e,a8904adcdd21495f890bc614bfdbf86f,fc70a4c2c4834e0eba1a14470f563b03,50aa0f56e00d4c23ac78b3e63bc0f0e1,b01fd4d037a84a7aa777e1fc345c73c5,a297e08effdf4a69a6c4d79a34a0c6ad
b2ab0d60cd84497b8493bee493f63c20,33e2a95109e647cbb4ba2687631b169a,2acbd3ec289a47f7b4108896ec632585,7ee65b33f8f44852ada468b1fed83433,716a15d66b63424a8068da89e75733b4,06b7dd1b701544ac80dd7ca54ed707cf,1d93c07de74c482ebf0a76ec564c3252,cffbff4deb374fcf850c679899c6e3f8,1d70bc69b2f84bef9aa5fb0d9917e38d,7ef653f7e5f64e1b8bba73b9518b87b7,e4e12f4711fd41e39075e26cc274df45
5cbead44a3a74909ab9ed4a89f1396cf,33e2a95109e647cbb4ba2687631b169a,2d43cf91509846e29ab4febd7781919f,2acbd3ec289a47f7b4108896ec632585,7ee65b33f8f44852ada468b1fed83433,716a15d66b63424a8068da89e75733b4,06b7dd1b701544ac80dd7ca54ed707cf,7ef653f7e5f64e1b8bba73b9518b87b7,1d93c07de74c482ebf0a76ec564c3252,26869cc099c44c4a86f6043476ab4890,71d4b4036e594d7399506e6fd9b88063
6e174164c10a49d8a9483ad16d690598,d658e3a743af41899183fecff6b2628d,1d70bc69b2f84bef9aa5fb0d9917e38d,30578712823948b086e3781343982938,59f62d35b1ad451397b700b3dad25448,26e55eb4d910464497d700bfdf5a36ca,30c71719aed84c07ae21d0eff0deed72,bb84a4cf60c84a8d8e23276b1863d293,295d0d40791245ff838c73a2aa27d065,40a95697730046dcbb0d7ba1fe2109a6,0eb119aabc884795a4768c6d3e677ea1
1472ac5adbe24310ac0366a2fb7c4d66,db0c3a952e454b90aa4a68feb6a50e87,3f23eafbd9cc4e209aca631fd6fc9dfd,3827ad869b3740278b98db4e65c40e0c,2fcf4a04d3654ffb9a5c1dfa3799e4f0,d658e3a743af41899183fecff6b2628d,7d0190486da540718e4dc4ca4bd1f573,7ef653f7e5f64e1b8bba73b9518b87b7,e88ce4cd350f43398a5c0ab8629cee72,b4dadb3ea3a04cc3932094471debce13,8fdee0611965465eb45387b8c39f4136
7df15c3f44244335b645553730704ae6,3f23eafbd9cc4e209aca631fd6fc9dfd,d43b0f94627d45918e18a80be127aa2c,19098957d8c24cab95daa30c2baefd8f,3827ad869b3740278b98db4e65c40e0c,db69f22fe72246ea85d33991961a649a,b4dadb3ea3a04cc3932094471debce13,d658e3a743af41899183fecff6b2628d,2fcf4a04d3654ffb9a5c1dfa3799e4f0,7ef653f7e5f64e1b8bba73b9518b87b7,097f2ce3b88c4d008488b9908076497e
d59e2a4a21bf40f9b53614eb370d1190,d658e3a743af41899183fecff6b2628d,1d70bc69b2f84bef9aa5fb0d9917e38d,d43b0f94627d45918e18a80be127aa2c,59f62d35b1ad451397b700b3dad25448,40a95697730046dcbb0d7ba1fe2109a6,30578712823948b086e3781343982938,3827ad869b3740278b98db4e65c40e0c,26e55eb4d910464497d700bfdf5a36ca,0eb119aabc884795a4768c6d3e677ea1,7c061d36393540b49e20d98086bdb5bd
fa321eafe1a9412bb6e66f46ae22286c,6400e3f6a14c492ba399bd414faca075,3e59b61eb70146308db2308b988b54cf,ca544e6629b14e8fab5f7cb40d1ac88e,f5bcc6f48ed2447581b401d453039866,cb75c6ef71cb4991805920f2894e0e96,de6ac628a786435f9925c8cc1d707d6b,476ce3ffff564a5aa985808e7d2cab17,14f4db886cca4104877ac7d1d7a64133,d658e3a743af41899183fecff6b2628d,bf789f42ccfc42c5a330a3f6e30ddb83
503f076c7e794fbca12dae4217643acd,6400e3f6a14c492ba399bd414faca075,cb75c6ef71cb4991805920f2894e0e96,3e59b61eb70146308db2308b988b54cf,26869cc099c44c4a86f6043476ab4890,ca544e6629b14e8fab5f7cb40d1ac88e,de6ac628a786435f9925c8cc1d707d6b,f5bcc6f48ed2447581b401d453039866,022e16490d1949b9ab2fc1de5a837031,e79ae27b52fa4d54aa37735fd275c66e,14f4db886cca4104877ac7d1d7a64133
14780abe56584d7c820310e42bef8f59,72a7e2ce22d045efbdbbab9c68f5d026,268f8ec9f2734029a8e75857db56ccb3,250d411ae270441085be3501b7b55d86,35d06fce2df446569702778e2250bd82,44b3bc5953364d72a53edcf9fc4f1fed,78d0265d47df4f4cb7153da919763730,599feb1e512c43ad8c0a1845922acf78,99830b8da7c24f909914f7bb167f3ea6,d7c9dafddaf547159d366dacf7b68a7e,c84deec0ecf843c39f52d4cb8e7300f8
695fbae9ce4c4e3ab42253368b1e2cd2,72a7e2ce22d045efbdbbab9c68f5d026,78d0265d47df4f4cb7153da919763730,0568345606fa4a2c84ed4ea6c74639ee,f5bcc6f48ed2447581b401d453039866,e79ae27b52fa4d54aa37735fd275c66e,64e74af099b0485f8b6e71ac73aa2cb8,7e17bbd109dc486c8f0a76f913782180,da61e0de396149208c9ebd0fd6d7415d,3ec67e948e15423fac23fdd38a7d4cca,d87e5facd03b45f9829e8a1cd0fe0190
c4b6717a4b55444ca077700ab06da875,afaf2edba0ee4d58860a5a04e4aabc5c,66690895454847fea5a000202fbfab2e,c4b9d7a8d5d342459d2282589b3af293,c713a0ca69864ee7b240069c98dc44dc,f4474150010f4021a4620372062f3797,295d0d40791245ff838c73a2aa27d065,3c0f3b44c0844df49b5898406fe9195a,dee9eddb2eac41bfaf36d3279d43674a,97959d02a64f4a3fbbebe7cbece6c012,984058b7165d4c6385bec3c94afa9fb2
7ddb092a89824767b09eb8b07c8f67de,afaf2edba0ee4d58860a5a04e4aabc5c,f4474150010f4021a4620372062f3797,3c0f3b44c0844df49b5898406fe9195a,66690895454847fea5a000202fbfab2e,636c21e19a5845e1b8d69a5fca928030,7960902edf4b47d686f704441aa56b0e,e4e12f4711fd41e39075e26cc274df45,63eab812f3254cccb9631b09725aec3d,b3209c60460a437294e2b30a9e9d3f53,04537eabb0434eb2804d1220770b85a0
21ff6809479e4f828a199d580c8ae4c1,66690895454847fea5a000202fbfab2e,ad054da7e1704a53931a341173f0605f,3f1c2bb09c4e4400b6ba19542fafce18,8228c9eb29a542ba98c8b9b854eadaa4,99ba4cc9355f4d79a68bc69ac12a716f,3c0f3b44c0844df49b5898406fe9195a,61d2391e8bc548b6bfa08f1ef2a0c47a,48c31b1e2ce94de8968fab433813fa91,1f9cd7f2b7a14e2f8d490a104a56edcd,3c72832689d8406996e80893b719b974
763242c8ded1422bb4439fdb575fad5b,66690895454847fea5a000202fbfab2e,99ba4cc9355f4d79a68bc69ac12a716f,ad054da7e1704a53931a341173f0605f,3f1c2bb09c4e4400b6ba19542fafce18,8228c9eb29a542ba98c8b9b854eadaa4,295d0d40791245ff838c73a2aa27d065,e429a2e164a24919a12edcc8d4ea8f09,3c0f3b44c0844df49b5898406fe9195a,4926607aafe749538c930e108275547e,9dd98c9126c44642a20711729f2e731e
5ebf97c863dd4c5ba61093f8ab07b15d,45f4192f485a49d9a75219ae4d0c41ee,e43d8e7bc32f406b9a692e2604f5b45a,c5486d5e31084ee797da0ebdacb17abc,f59a3ee5387440d981754b6595e8664c,f9fe93fae6084350b81964d354e2130f,d0b6e9c1cc5341faba9e03c17767bc2e,22d9d5ad33e947fd857c5c4a8b7dfae1,3e4a54908dde405294869e30a92a7623,0cc5015848a044b59fa4b290813f859c,4e22dc65beb7450b9260cf27e50919e4
a9852ab7f40a4b35a004ce7c87aac7b6,3675c688960a4f3b9f82c4ccf4049e93,0bd1cce9370a461089e25393086800a8,b3f8b4bec0164d0e81997b4f5a277e8f,1004b33e3126472faa78e1929ed974e6,be8953cc364d46cebbcc2c2da2c348ab,0228b1e9e3244da3a727930123ba7bda,27a67d3e76814297aebf64e03d14c336,56272326c7e94e419ea8c69fb634f610,f2077addeb6142c8b3540916522126e8,db2466dc7da64ac5a2a21c20ace67856
c8186591409f4404a006b302ed5475d5,45f4192f485a49d9a75219ae4d0c41ee,3e6a4b65a1004c08a6f3f570cf986c2f,f9fe93fae6084350b81964d354e2130f,595e438d2b394bb3a3259f47efd37ae8,44156e6482884acaaee1938e04d8b6ff,3c72832689d8406996e80893b719b974,8dfbb6a204a0441492c35baca6190969,3c1b91a23b694da1973dbc5f75f2f3ed,3e4a54908dde405294869e30a92a7623,db13ed5446be46269dff3de3c1bf2660
afc4b3ff44d1405c9ff0cce76fa55d76,c5486d5e31084ee797da0ebdacb17abc,0228b1e9e3244da3a727930123ba7bda,e43d8e7bc32f406b9a692e2604f5b45a,f9fe93fae6084350b81964d354e2130f,0d0973762130427eaa2ce9a7a34517db,fa190e42ce5a47c99bcaa76138dbc615,c78547bdc2e64ac8935559f7de2efd41,cd764fbfae774d068af7549c648a02c9,9aca522158f443fd8a9caaec38ae5e2c,fb8c2b83e46441c2aaa7c81d3642e2da
9df4eaf2213048e4a4ca33f6d817a0b9,f2077addeb6142c8b3540916522126e8,9ffa09a2b9bd4da0ba98fc537ca68802,3b7d56c26da14b3a9b1cd52b5b35891b,da61d9bc8f024a4aba18d5c3072b7838,ce4fdd5499f8498793c11e586f7da70c,9aca522158f443fd8a9caaec38ae5e2c,9677dd2a3aae457a8079087ce4177e14,79721c9bb6a54ecdb3d0a0f4011762c1,5cf392f15360460bae6a6b0182bb99b9,c5486d5e31084ee797da0ebdacb17abc
452c8a69dd45447f976e014338d22ae6,1004b33e3126472faa78e1929ed974e6,9ffa09a2b9bd4da0ba98fc537ca68802,0bd1cce9370a461089e25393086800a8,cae139b6e4914ce7b0ef1e68b8b857eb,56272326c7e94e419ea8c69fb634f610,cc243eebbb2b44a581745865a60c423a,0228b1e9e3244da3a727930123ba7bda,fadf133e0e684a24ac79b5fa9515bac2,9aca522158f443fd8a9caaec38ae5e2c,d9ac372330a4446886fa19bac0d19877
9294a2cddd6848f5a6bc5c647fe94884,c5486d5e31084ee797da0ebdacb17abc,e43d8e7bc32f406b9a692e2604f5b45a,0228b1e9e3244da3a727930123ba7bda,0d0973762130427eaa2ce9a7a34517db,c78547bdc2e64ac8935559f7de2efd41,02e1d712f37e428c998f72e7a7eeb1e6,f59a3ee5387440d981754b6595e8664c,8b4e9e3d234e4eec99a7651e246bbfa3,fb8c2b83e46441c2aaa7c81d3642e2da,9aca522158f443fd8a9caaec38ae5e2c
eb3962be88734097b437832a832493f0,42805d29975b400ea7c570fc45ec4938,f5bcc6f48ed2447581b401d453039866,52ee59901f3b4de884d7a6720538aed6,f2cfa68a47ce4a43a0fe1cc7dc860418,fbfaa119f55a477984e42d80498f54d3,99a52c93a3304ec18dab9206f98f2a8b,d476be2399b7424a88d242b771c32041,71c1a8479b194efca65b44fb7f327afb,1232f20e710b448e8c0538b9e84dab1c,bbdf9065122d499d9d8f80ad3e0ef6f3
4bb99b51272145f8be128cac5ef3bd65,63eab812f3254cccb9631b09725aec3d,ff51ca928cd54f4da620c27983e221f8,9c69642fab6749848e7ea7f5406a6da4,b83013f4c5524232814efa0f8651867f,30f654c6e69e48888f9f42dd95ab3c77,48240083d13148bd84ddee8c7f9fcd22,99dbf0cd0c6343ffbcf97f04efc4143c,8a9dc60359ba49cd8ac170cfb4ac3913,5abf57d57d84440e94d0d2e2ffb37575,7862a63720b34104abf5bfa44bc8178d
122365aed2d049328715f0fe1b2a43c7,63eab812f3254cccb9631b09725aec3d,ff51ca928cd54f4da620c27983e221f8,9c69642fab6749848e7ea7f5406a6da4,99dbf0cd0c6343ffbcf97f04efc4143c,48240083d13148bd84ddee8c7f9fcd22,b83013f4c5524232814efa0f8651867f,30f654c6e69e48888f9f42dd95ab3c77,67dd23cfd20f46dc82acc82c108a1dc6,7862a63720b34104abf5bfa44bc8178d,5abf57d57d84440e94d0d2e2ffb37575
742fec743e3e477785a08d04b8407e64,42805d29975b400ea7c570fc45ec4938,f5bcc6f48ed2447581b401d453039866,52ee59901f3b4de884d7a6720538aed6,0eb119aabc884795a4768c6d3e677ea1,092cb872c8724c7681c50da9c6cfa252,da61e0de396149208c9ebd0fd6d7415d,bbdf9065122d499d9d8f80ad3e0ef6f3,8c7c9eaae41a44a3a4ebe39ce167d300,77ce0587a12b46bab8814225ba86753e,f2cfa68a47ce4a43a0fe1cc7dc860418
c3484b8c5f024854997f34baca483cc0,2d812431f07c44f1a56a71c72766e0b0,7ee65b33f8f44852ada468b1fed83433,b6c493a3666c4db193e86c79faf099ab,8af25c7ae8e14435a6e27a5671968f50,7070715ef90743da8691dd4ad134eb0c,f4474150010f4021a4620372062f3797,8c5f38853679436ba434b6a696e43168,eabdd2813a954f9aa01f0eb8212ee387,b3a022950e444682a113cec5a0537f6a,74644c8cc17449cf89379868e7b21398
94e0d776b3794ee083e5c1681cef5d04,7ee65b33f8f44852ada468b1fed83433,2d812431f07c44f1a56a71c72766e0b0,595e438d2b394bb3a3259f47efd37ae8,0433768f874042a5b2d2e37ad9deae13,d756970269e9443fb9bbf645a96aa84e,66690895454847fea5a000202fbfab2e,33e2a95109e647cbb4ba2687631b169a,2acbd3ec289a47f7b4108896ec632585,b2bcb4d9456c4763a0159ffd1f3660bb,fc430b7683934be2aba12468b2409bb8
2b23b46313714edcb7da655ef18a0f03,7ee65b33f8f44852ada468b1fed83433,2d812431f07c44f1a56a71c72766e0b0,2acbd3ec289a47f7b4108896ec632585,595e438d2b394bb3a3259f47efd37ae8,af648fa7ac6c4c50a246de470329cd83,c3502ff31ce6459a96164c934f297562,06b7dd1b701544ac80dd7ca54ed707cf,d756970269e9443fb9bbf645a96aa84e,3b37a4c34b6e4ca89a04da864e141422,7070715ef90743da8691dd4ad134eb0c
fad34cbf60564c3f99677bb2e06263aa,af532d6e5090478ba520505d5f9107f2,8746ae2ca7514699b629b4d9b5fe95a7,ec580ac6dd7149fb8a0a5a5d8b0f5b08,22d9d5ad33e947fd857c5c4a8b7dfae1,2ece45504eff42469c104dc2a2d03caf,174581fc299840e18e827432c0cce4dc,d87e5facd03b45f9829e8a1cd0fe0190,78d0265d47df4f4cb7153da919763730,408ae6a767874fc782467ec2f054ad15,32aaca2a732f4272b237374d3cdeec90
a47ae5564b854b989994a2a30367bfa4,2d812431f07c44f1a56a71c72766e0b0,8af25c7ae8e14435a6e27a5671968f50,7ee65b33f8f44852ada468b1fed83433,b6c493a3666c4db193e86c79faf099ab,8c5f38853679436ba434b6a696e43168,74644c8cc17449cf89379868e7b21398,f4474150010f4021a4620372062f3797,eabdd2813a954f9aa01f0eb8212ee387,7070715ef90743da8691dd4ad134eb0c,8dfbb6a204a0441492c35baca6190969
9113b0a4a5e24e61aed364a478da29ee,bcfa4a4177d44d8b8cda17b7a23196b0,89e983dca0a34b768e17b3871b9cea1e,444fa28d9ed54c82a522699041eae592,c1def54262224e23acf67a9870725ce5,e511c40ca6324803b5021e47b4e777f8,fc430b7683934be2aba12468b2409bb8,2c3599a1611644f4908562f8fb8870d3,b40d3c588ad647ff85e397a6bc5f9d8b,b98519f97e424c1389f5553f0869b15a,250d411ae270441085be3501b7b55d86
b3926611d2914adc8eadda384ed96905,c1def54262224e23acf67a9870725ce5,bcfa4a4177d44d8b8cda17b7a23196b0,ad42c467d0fe43dbb328073f9a16bc4d,7ee65b33f8f44852ada468b1fed83433,7960902edf4b47d686f704441aa56b0e,812a1568c77d46e695f8eb7357e24a0e,fc430b7683934be2aba12468b2409bb8,b83013f4c5524232814efa0f8651867f,3c0f3b44c0844df49b5898406fe9195a,5f481b07f9734f518a14853831233b78
36bc21f1eb9547d6acfa87c18625fa92,c1def54262224e23acf67a9870725ce5,b2992fe473124dd0b895cf81f59f6db6,3e6a4b65a1004c08a6f3f570cf986c2f,4e7ee74be72a461fa02fa61bee62bdcc,3c0f3b44c0844df49b5898406fe9195a,b40d3c588ad647ff85e397a6bc5f9d8b,eee7f32249c5452ea36c8ed3a3540010,ad42c467d0fe43dbb328073f9a16bc4d,8746ae2ca7514699b629b4d9b5fe95a7,2939ef012c5c4a1b94b49df9469dfb3c
d7becb5524844f73b41af1cad1c1266b,999a2b52a5004ee984e587d5a1327b23,bcfa4a4177d44d8b8cda17b7a23196b0,f1eecad10a61421eb16b1be7435d9c19,25109e3a7df549e5b380aae716d71366,af532d6e5090478ba520505d5f9107f2,55c0b899937042c98162389b209aca7f,89e983dca0a34b768e17b3871b9cea1e,cae139b6e4914ce7b0ef1e68b8b857eb,eb21a4e2b7bd43efbdf0c365415e7fef,02e1d712f37e428c998f72e7a7eeb1e6
f63ec53d7383437a8d1e627efc4dd528,bcfa4a4177d44d8b8cda17b7a23196b0,e511c40ca6324803b5021e47b4e777f8,fc430b7683934be2aba12468b2409bb8,c1def54262224e23acf67a9870725ce5,e8927e14983a43da900edd926dd35adb,b23a9c50eada4286a4f7ce8668b92db1,7584980704ae4617bb27ca162cc9c5db,ac5a760b45c146ec840193371cfb2d30,b83013f4c5524232814efa0f8651867f,41047823f2cb4194ba1e0709443c719a
d76ebc807f524eb9b8f95b523304233d,b3a022950e444682a113cec5a0537f6a,5760084aabef4d8095b2d21902151f64,d75a52d716984f318f976bbfc7bee787,42b6af4853fc465f83ec054f8f8289a4,baf841bad27c456c9de7227555ea3ef8,5be48a6bc26044f2a2e4e9b6a223c319,44b3bc5953364d72a53edcf9fc4f1fed,29fb30a75c57451a85f310aa6423a662,98b2022b2cb84af09ee8b789db928b13,13cda6e8f2d948eeb5508288a172e76f
4b8fd90e4d5b4a25a57652c495f66ea5,b3a022950e444682a113cec5a0537f6a,d75a52d716984f318f976bbfc7bee787,03df72bcf3504272a27f4bbaea89118a,5760084aabef4d8095b2d21902151f64,7d5c0a2bfccf4255a43d9bd0f84a6d3a,bcfa4a4177d44d8b8cda17b7a23196b0,66cba49431224a3788f914d6a80165e1,29fb30a75c57451a85f310aa6423a662,d476be2399b7424a88d242b771c32041,b23a9c50eada4286a4f7ce8668b92db1
9ac82778d5784882b02b03d8ce1a4ccd,35d06fce2df446569702778e2250bd82,ad054da7e1704a53931a341173f0605f,b3a022950e444682a113cec5a0537f6a,033f1514c78b49dd82148b94f6bcbeba,250d411ae270441085be3501b7b55d86,984058b7165d4c6385bec3c94afa9fb2,2c3599a1611644f4908562f8fb8870d3,6f8d80f8673144dfa7a4e09190442ab3,1e376f9d0945477983c8d851e4b2cf5e,f4474150010f4021a4620372062f3797
dee104ae444246ed89dd5a5796eafc0a,2c65a898314b42e6b2e93dca66fd15c2,514537782f6549c488a1b932939b4128,f59a3ee5387440d981754b6595e8664c,20297482a5014732a843c9fdafba548e,7d6122daabe442ffb5e57ece1882e714,2c82919b038847fabbf5d13ca5ac55a7,c24e3823376b436c8eb46eaeebbc7718,5455e62f52ae4e03b2a5d0e8b9899506,cb32ec9a538a4c0f8462771946ced93b,c756409435634fc48c643a64e73c93ce
9a46e2903ca8474d9cb7fe93138049f0,2c65a898314b42e6b2e93dca66fd15c2,f59a3ee5387440d981754b6595e8664c,cb32ec9a538a4c0f8462771946ced93b,c756409435634fc48c643a64e73c93ce,514537782f6549c488a1b932939b4128,20297482a5014732a843c9fdafba548e,b425f33c33ad4be89a12da266d131a86,5455e62f52ae4e03b2a5d0e8b9899506,a9d82bb43410405ca21b44a5e82e22b6,a5365055a36a4ec1bf5b0ce2ef949a35
bfa6dfb11d9e42a98ba3ab87d5f2ffde,da9cfbdf124143b78bec89393dd5287a,3c72832689d8406996e80893b719b974,42b6af4853fc465f83ec054f8f8289a4,4385ac4645b34f3c8a44c4676ebcd8be,6fc7a2cf0684475a82f6ff9be2c8e850,7d6122daabe442ffb5e57ece1882e714,dd36cc0867b94d55a43b82c1c9a0e95c,b8995466f0eb4e7ba141e23216e8b974,d2bcc978e7aa49908919d9fc40138b27,ee7c00877ae64dac87123a3d75251530
f677dfcf19e14a9faf24ac74066422c2,f59a3ee5387440d981754b6595e8664c,3356a8a8c6ee4f30bc2b028e360d4471,cb32ec9a538a4c0f8462771946ced93b,2c65a898314b42e6b2e93dca66fd15c2,22d9d5ad33e947fd857c5c4a8b7dfae1,a70909d3ce0d4235913b5ce6a138dcce,ee7c00877ae64dac87123a3d75251530,77ce0587a12b46bab8814225ba86753e,434551fdf9e443ed91679a9557ae6fd5,1e376f9d0945477983c8d851e4b2cf5e
98fd88d0387e44c3950f7955f062c9b3,761a3a01495143f0a86beac4234cae3a,07d869789eda4445a1ecfe59c331db0d,b01fd4d037a84a7aa777e1fc345c73c5,887e323cc38f4cf8adc5970617f1c286,ee337b5c1ef3431e9c120250bfec4cac,8c5f38853679436ba434b6a696e43168,13aca0959cc948cabeee0d7255f55a65,e59dba65749140f4a1bdaf2695de2fc6,86179aff3df24ff59b11e9a34974a3f4,d37bf09399d848df9a4d880fb097239c
90efefd1c3314a96b5fd32625e55a054,5e199f7727cc4910ad88dbd81ed1ec82,93bf0b86be094f68a9d308ca5ecfb4e3,b2b22c673e554db39c8acdbe42687a6d,7ab9086baf99475d8c93862a7dd36344,4230775a9d51448396cacb9061f0e5f9,fe363cef357840fcb35f320fe7c27e4e,1c6bbf19b3d2498696a5baf0f53a0f18,1a842f077119475794cc2de48e154374,a297e08effdf4a69a6c4d79a34a0c6ad,40f040fd5c824c8e8e710af1fdf70b5f
b77b731d5a9c49139163f1fac2ed9337,5e199f7727cc4910ad88dbd81ed1ec82,93bf0b86be094f68a9d308ca5ecfb4e3,b2b22c673e554db39c8acdbe42687a6d,4230775a9d51448396cacb9061f0e5f9,7ab9086baf99475d8c93862a7dd36344,7070715ef90743da8691dd4ad134eb0c,1c6bbf19b3d2498696a5baf0f53a0f18,1a842f077119475794cc2de48e154374,342aaa81ed004635bbf9cbc2592cd7b6,fe363cef357840fcb35f320fe7c27e4e
dd2de907048e4d1ba625a54ad1bdeb2a,d37bf09399d848df9a4d880fb097239c,761a3a01495143f0a86beac4234cae3a,8c5f38853679436ba434b6a696e43168,07d869789eda4445a1ecfe59c331db0d,716a15d66b63424a8068da89e75733b4,1d93c07de74c482ebf0a76ec564c3252,91f0da6d71574ababd8e868bddec9310,b01fd4d037a84a7aa777e1fc345c73c5,ef511457ee7c490c8e10eccf6e18fef6,4c67cc7a1ccc496db132636e3f4853a2
b1494352b57f4f809fbe88f8f61ab247,11e9586d6c7a443c8025278f8ef53b6d,75bf181ea5dc490e95d364a5f5c7af1d,8c7c9eaae41a44a3a4ebe39ce167d300,7f0b453cc8c14156802497f5cbae9d62,673aee19895b4d339ada93213d8874ac,9a500a20b1ff4694acc31339a8d1349e,415641aa43724ed9bc4710302b77edc3,be9e713988ba4bbba869885cad419259,a0408a6462b24cf18e50a8616359d5ad,bb84a4cf60c84a8d8e23276b1863d293
841cacf592b14de2bc2fcdaf4995bf39,75bf181ea5dc490e95d364a5f5c7af1d,11e9586d6c7a443c8025278f8ef53b6d,be9e713988ba4bbba869885cad419259,8c7c9eaae41a44a3a4ebe39ce167d300,3fce01bbc56d49d39f61cba3d17648f2,f92d16d3a970487094292439c3e00923,b834c0b0c10b471b87ad3f11468de619,ae3f42d57b3046a3821026173286a43e,07958f43551e459eb30638b632e3cd64,097f2ce3b88c4d008488b9908076497e
a8c2576da05048d4a652ebaf10c7447d,f9fe93fae6084350b81964d354e2130f,fa190e42ce5a47c99bcaa76138dbc615,415641aa43724ed9bc4710302b77edc3,45f4192f485a49d9a75219ae4d0c41ee,77c8b175ca9d411b8d28d1ed0dc40304,3f28365e18244eb28cc7d23de8895956,54e9bbd0093947a3bda5fef48ef7493d,cf7476d6c96b4dcdb6f025b9291eb62b,c4e79c8992e54866b0c6f26c55b1a774,1aaf8edc37ea412b85e3d1b5c5317051
4237232296b841bd8be058dc85f807b1,f9fe93fae6084350b81964d354e2130f,77c8b175ca9d411b8d28d1ed0dc40304,fa190e42ce5a47c99bcaa76138dbc615,45f4192f485a49d9a75219ae4d0c41ee,415641aa43724ed9bc4710302b77edc3,41047823f2cb4194ba1e0709443c719a,938147b72e9540da8513910871e0830a,f8e7f9688fd546829da579434180ffee,3e4a54908dde405294869e30a92a7623,11e9586d6c7a443c8025278f8ef53b6d
9c8f594f127f4823807c7d9a40bc9547,7d5c0a2bfccf4255a43d9bd0f84a6d3a,d7c9dafddaf547159d366dacf7b68a7e,06a5f0cec6ce4170a02dad0ad4c55b1c,1a0ac2d40cb04ca993e1db68d787728a,9aca522158f443fd8a9caaec38ae5e2c,ca0fe2dd97434e2ca7aecc38d4f1fcd9,5605fa1188974644937bbf92fec50e21,632cc2bc04034dd4848855fe6497262d,563043f180e54e238ad4876974e5db4c,9fd4c00672d84215b3e21812aef3d6ac
e0f3fe21dd04463787d620860a0ec6a2,7d5c0a2bfccf4255a43d9bd0f84a6d3a,c5486d5e31084ee797da0ebdacb17abc,d7c9dafddaf547159d366dacf7b68a7e,8b4e9e3d234e4eec99a7651e246bbfa3,63ba014f9cc747ac87013da6be0ceab9,99830b8da7c24f909914f7bb167f3ea6,db0c3a952e454b90aa4a68feb6a50e87,b98519f97e424c1389f5553f0869b15a,61d2391e8bc548b6bfa08f1ef2a0c47a,7dd5e88dfdd24cafab2c765939757354
26a7ded48a0842c28c407984aa614b3c,c713a0ca69864ee7b240069c98dc44dc,59f62d35b1ad451397b700b3dad25448,78d0265d47df4f4cb7153da919763730,5455e62f52ae4e03b2a5d0e8b9899506,1027a336232c4454a9c4ae450a562788,4a7fa5a1bafe4b6995e2920444ac07c4,0accd1d0138b49049d437c0d9b1c23c3,2d43cf91509846e29ab4febd7781919f,afaf2edba0ee4d58860a5a04e4aabc5c,de6ac628a786435f9925c8cc1d707d6b
95e4e242519d4cd9bae0a574d881fa7b,c713a0ca69864ee7b240069c98dc44dc,59f62d35b1ad451397b700b3dad25448,de6ac628a786435f9925c8cc1d707d6b,0accd1d0138b49049d437c0d9b1c23c3,78d0265d47df4f4cb7153da919763730,b77d8b7bb0114c379139d280a9210e83,e0ff5d4ae0ec4871a49041d550cdcaa9,aa082284f9894b5aa210c179d59999b1,30f654c6e69e48888f9f42dd95ab3c77,7dd5e88dfdd24cafab2c765939757354
e8f5726fe08646aab29fd6e5202c7f88,feb980ae999948ce9be0266b4ddc048d,35c5a560ecdc4d6a9d20f057ed1fa0e6,a94cb58f1ca8456b96e39b5b1ebfb7ea,361f2b7f3f044907b3a331872fb18755,0f52f676197e4d4e92dec0a7bc4c4f7d,f2ef424352f14dda92691047ee9f15fa,1419b2c686f44896a0ae2a43e93b5402,6400e3f6a14c492ba399bd414faca075,268f8ec9f2734029a8e75857db56ccb3,3e59b61eb70146308db2308b988b54cf
3bdf75b6d56a422d94e6c850d515d3ed,feb980ae999948ce9be0266b4ddc048d,361f2b7f3f044907b3a331872fb18755,a94cb58f1ca8456b96e39b5b1ebfb7ea,b702b2b61ce048c6bf5af3c4dca18b1a,3e59b61eb70146308db2308b988b54cf,7f0b453cc8c14156802497f5cbae9d62,590df34aa41f46e9ad13ffc6a98da3b7,35c5a560ecdc4d6a9d20f057ed1fa0e6,86f59bd78b424260b0cf356f2f9ae734,1419b2c686f44896a0ae2a43e93b5402
978f36c5e8ff41efa416cf6c32ca240e,7d3d751215194e649a03457226f599d7,78d0265d47df4f4cb7153da919763730,72a7e2ce22d045efbdbbab9c68f5d026,e22e1ad3c1fc4493bcb7c9b923566ff7,8746ae2ca7514699b629b4d9b5fe95a7,268f8ec9f2734029a8e75857db56ccb3,df7ea50171af48df81584ab7e8107d15,d2bcc978e7aa49908919d9fc40138b27,0d0973762130427eaa2ce9a7a34517db,5b588e34588940788a22036b775ecc2f
57add4e71a1c4202a2502065ae10d002,3e6a4b65a1004c08a6f3f570cf986c2f,ab57f83304bc4005998bbd6bc063fb4f,64fc9fe3c8d5424ebc005e5cf4a608db,f879b316413f45d2b64bb25e3f45a667,b2992fe473124dd0b895cf81f59f6db6,6732de8994744decbb3306c74aaa7882,db2466dc7da64ac5a2a21c20ace67856,cd764fbfae774d068af7549c648a02c9,701ac1447f5a414e81156a56c3593a31,7f23e27e5652406784fdc2dea3918125
9509c30cb1bb48f38a20b700b4c3456e,7ab9086baf99475d8c93862a7dd36344,342aaa81ed004635bbf9cbc2592cd7b6,2b039224b54142d185a406b31fe01de2,3c1b91a23b694da1973dbc5f75f2f3ed,701ac1447f5a414e81156a56c3593a31,7862a63720b34104abf5bfa44bc8178d,8228c9eb29a542ba98c8b9b854eadaa4,f5d09519cf7647f8a107cd8fadd322e5,e834bfbd30b247e899f0dc029ab9f072,5e199f7727cc4910ad88dbd81ed1ec82
e25640a5cf1a493db2690655a45676b5,7ab9086baf99475d8c93862a7dd36344,342aaa81ed004635bbf9cbc2592cd7b6,2b039224b54142d185a406b31fe01de2,3c1b91a23b694da1973dbc5f75f2f3ed,8228c9eb29a542ba98c8b9b854eadaa4,cf293392122347a180cf2126f4589acb,f5d09519cf7647f8a107cd8fadd322e5,230b9ef63ea240e9b61a18f41473f942,e834bfbd30b247e899f0dc029ab9f072,5e199f7727cc4910ad88dbd81ed1ec82
ce1ecc1569cc4b1ca2945be90a005698,7d6cdff8c9ac434196df803628fe9f62,bc607fd6000b43108e49b3d05688fe90,0d0973762130427eaa2ce9a7a34517db,7f23e27e5652406784fdc2dea3918125,268f8ec9f2734029a8e75857db56ccb3,2ea3b46262e649f79900258cd90cce31,e429a2e164a24919a12edcc8d4ea8f09,d7c9dafddaf547159d366dacf7b68a7e,d53fa54d5536463ab0d87648dfc5fd78,c78547bdc2e64ac8935559f7de2efd41
0c0b0a3a57ae44f5bc9a682ecdf7017e,ad3d372fbf054ea1ad06cfcb7490df4b,e7ee85dd47ca43eeb2fdcd70b802f0ec,039a871609044cb1b69f70c082fe61d8,636c21e19a5845e1b8d69a5fca928030,9c69642fab6749848e7ea7f5406a6da4,3aa003c1e31b476e999c3a808a1d5dc6,5f65785004054c67a618fe43b6a30f56,be70e49b76c24527b4fddfb6b78b6d8d,67dd23cfd20f46dc82acc82c108a1dc6,18ab15fbf00f42f7a410ec75f7592bea
60de40f69385488097a1e4a1e36a7e71,ad3d372fbf054ea1ad06cfcb7490df4b,eb21a4e2b7bd43efbdf0c365415e7fef,9c69642fab6749848e7ea7f5406a6da4,33e2a95109e647cbb4ba2687631b169a,636c21e19a5845e1b8d69a5fca928030,b77d8b7bb0114c379139d280a9210e83,3aa003c1e31b476e999c3a808a1d5dc6,3cb231e1167e45f9bf5771a4e0074092,be70e49b76c24527b4fddfb6b78b6d8d,a94cb58f1ca8456b96e39b5b1ebfb7ea
e24bf2d26b3447a0a1cabfedc1474778,44f41e6e6faa4facb0bb9a72205229f8,85d4175b563d48e5bc6a991b23662f24,ccb62901750b4d13a922fc161b607f83,04d24d1cf42b4f7787d8d300cbad6d50,3f23eafbd9cc4e209aca631fd6fc9dfd,039a871609044cb1b69f70c082fe61d8,da88fa5efc674368b593444ca950dff9,84ff5144597241bba5cbd3d0b21d220d,4e22dc65beb7450b9260cf27e50919e4,ee89670285c74e27aa174dadf39fbca7
26e498e22958483fb8c239d967efe176,5f65785004054c67a618fe43b6a30f56,c3502ff31ce6459a96164c934f297562,039a871609044cb1b69f70c082fe61d8,5455e62f52ae4e03b2a5d0e8b9899506,e12ad1ce8e7940a999b9a4f91a95fab7,57430214baf045cb92fa3b3b70a4ca3f,ad3d372fbf054ea1ad06cfcb7490df4b,9094e936e13641cc9bfcc7dc1408d86e,32aaca2a732f4272b237374d3cdeec90,5537ddec608a4ec586ea068fa27547ca
0e5860811dd84425862213b698237538,44f41e6e6faa4facb0bb9a72205229f8,19a124c6dad14a4fa7864463b081009c,6866efc8987a4ec8b04b7abd28fb5777,d695b7afdc3841a28a56df578e56afce,3bd43a42811048e3b7a7d9740bdb1971,5a6f4a2f7f6a4b1fa146493472e6d721,da88fa5efc674368b593444ca950dff9,4e22dc65beb7450b9260cf27e50919e4,ccb62901750b4d13a922fc161b607f83,b2b22c673e554db39c8acdbe42687a6d
